mjd,flux,flux_err
54687.49998842592,1.1809882e-07,4.289548e-08
54694.49998842592,1.5262034e-07,4.1568402e-08
54701.49998842592,2.0434359e-07,4.1627086e-08
54708.49998842592,1.797099e-07,3.007431e-08
54715.49998842592,1.9700552e-07,3.5597367e-08
54722.49998842592,1.4741539e-07,3.1023625e-08
54729.49998842592,1.3070265e-07,3.0232556e-08
54736.49998842592,2.0459541e-07,4.8007852e-08
54743.49998842592,1.8020144e-07,4.4682178e-08
54750.49998842592,1.3048877e-07,3.6187487e-08
54757.49998842592,1.4809301e-07,3.394869e-08
54764.49998842592,1.8133746e-07,3.244542e-08
54771.49998842592,9.318072e-08,2.2946995e-08
54778.49998842592,1.1679207e-07,2.5674002e-08
54785.49998842592,1.1108134e-07,2.904827e-08
54792.49998842592,2.1719765e-07,4.755377e-08
54799.49998842592,1.9367607e-07,4.037047e-08
54806.49998842592,1.5278331e-07,3.3763417e-08
54813.49998842592,1.5255905e-07,2.9826648e-08
54820.49998842592,1.453905e-07,2.9744877e-08
54827.49998842592,1.10056476e-07,2.6752845e-08
54834.499976851854,1.2139098e-07,2.7606584e-08
54841.499976851854,1.07511056e-07,2.8267504e-08
54848.499976851854,1.2942485e-07,3.3372228e-08
54855.499976851854,1.8452607e-07,4.1485748e-08
54862.499976851854,1.241672e-07,3.0292814e-08
54869.499976851854,1.2245786e-07,2.7531259e-08
54876.499976851854,1.2973781e-07,2.918086e-08
54883.499976851854,7.441473e-08,2.1010594e-08
54890.499976851854,1.0301758e-07,2.988015e-08
54897.499976851854,8.881391e-08,2.3338146e-08
54904.499976851854,8.998504e-08,3.2984403e-08
54911.499976851854,9.614247e-08,2.7582812e-08
54918.499976851854,9.0229676e-08,3.0165335e-08
54925.499976851854,9.714087e-08,2.6810538e-08
54932.499976851854,1.294892e-07,3.0784978e-08
54939.499976851854,1.2182012e-07,2.5791113e-08
54946.499976851854,1.7198529e-07,3.7277992e-08
54953.499976851854,9.062676e-08,2.4615268e-08
54960.499976851854,1.8673481e-07,5.580442e-08
54967.499976851854,1.4874215e-07,2.9068413e-08
54974.499976851854,1.9799157e-07,3.4131972e-08
54981.499976851854,1.8322933e-07,3.260396e-08
54988.499976851854,1.494834e-07,3.1976253e-08
54995.499976851854,1.3194872e-07,2.7895048e-08
55002.499976851854,1.6008396e-07,4.0319488e-08
55009.499976851854,1.658378e-07,3.7596568e-08
55016.499976851854,3.5424728e-07,6.5383375e-08
55023.499976851854,1.0814755e-07,3.451542e-08
55030.499976851854,1.640816e-07,3.677227e-08
55037.499976851854,1.8618125e-07,4.0408594e-08
55044.499976851854,1.4901133e-07,4.5754803e-08
55051.499976851854,1.7669706e-07,4.1602725e-08
55058.499976851854,1.8971318e-07,4.716114e-08
55065.499976851854,2.045615e-07,5.5748163e-08
55070.499976851854,1.4668308e-07,3.9088533e-08
55077.499976851854,1.8852478e-07,4.5549804e-08
55084.499976851854,1.4916702e-07,4.0081478e-08
55091.499976851854,2.2664686e-07,6.469706e-08
55098.499976851854,2.4565907e-07,6.173656e-08
55105.499976851854,1.8695317e-07,3.769164e-08
55112.499976851854,2.6927418e-07,5.3384795e-08
55119.499976851854,2.43356e-07,4.34953e-08
55126.499976851854,1.5359284e-07,3.4017425e-08
55133.499976851854,2.950994e-07,5.2484005e-08
55140.499976851854,2.7794925e-07,6.55748e-08
55147.499976851854,1.9528508e-07,5.1236846e-08
55154.499976851854,1.5036184e-07,4.5809493e-08
55161.499976851854,1.7401712e-07,3.800629e-08
55168.499976851854,1.936218e-07,4.2653323e-08
55175.499976851854,1.7980072e-07,4.4122647e-08
55182.499976851854,2.0115584e-07,3.93876e-08
55189.499976851854,2.4450318e-07,4.320864e-08
55196.499976851854,3.5665587e-07,6.5789706e-08
55203.499976851854,2.3446802e-07,4.2865885e-08
55210.499976851854,2.4938498e-07,4.5963287e-08
55217.499976851854,1.561477e-07,3.675939e-08
55224.499976851854,1.2823382e-07,3.2728042e-08
55231.499976851854,2.2228797e-07,4.4422926e-08
55238.499976851854,1.413425e-07,3.4948634e-08
55245.499976851854,2.793644e-07,4.6880647e-08
55252.499976851854,1.0670487e-07,3.357472e-08
55259.499976851854,1.3003958e-07,3.4714006e-08
55266.499976851854,1.8255207e-07,4.501664e-08
55273.499976851854,1.5420244e-07,3.3993558e-08
55280.499976851854,2.0536058e-07,4.2068837e-08
55287.499976851854,2.1032663e-07,4.5006658e-08
55294.499976851854,1.9393205e-07,4.9648058e-08
55301.499976851854,2.1360685e-07,6.27257e-08
55308.499976851854,3.0244323e-07,6.127487e-08
55315.499976851854,4.221379e-07,5.96554e-08
55322.499976851854,1.9532332e-07,4.1469228e-08
55329.499976851854,2.4252444e-07,4.551114e-08
55336.499976851854,1.5427014e-07,3.7256132e-08
55343.499976851854,2.0487418e-07,4.075344e-08
55350.499976851854,1.6327262e-07,3.9343544e-08
55357.499976851854,2.9840245e-07,6.439926e-08
55364.499976851854,1.7570275e-07,4.116539e-08
55371.499976851854,3.528043e-07,6.2010905e-08
55378.499976851854,1.8599177e-07,4.5144905e-08
55385.499976851854,1.991724e-07,4.111691e-08
55392.499976851854,1.1848509e-07,3.9223167e-08
55399.499976851854,1.2995278e-07,4.26028e-08
55406.499976851854,1.1664751e-07,4.6083695e-08
55413.499976851854,1.07077625e-07,4.6060816e-08
55420.499976851854,1.6206397e-07,4.6557584e-08
55427.499976851854,9.5361585e-08,3.207936e-08
55434.499976851854,1.811272e-07,4.592767e-08
55441.499976851854,1.8303861e-07,4.6075723e-08
55448.499976851854,1.119912e-07,3.2523456e-08
55455.499976851854,1.0185392e-07,3.317198e-08
55462.499976851854,2.1125922e-07,5.4072714e-08
55469.499976851854,1.9912201e-07,5.2358676e-08
55476.499976851854,2.2826603e-07,4.4930008e-08
55483.499976851854,2.5240197e-07,4.9203138e-08
55490.499976851854,2.1518366e-07,3.88992e-08
55497.499976851854,2.0871121e-07,4.2358383e-08
55504.499976851854,1.7417644e-07,4.0613283e-08
55511.499976851854,1.3574697e-07,3.5156404e-08
55518.499976851854,9.5399855e-08,2.9671417e-08
55525.499976851854,2.6522528e-07,5.9529327e-08
55532.499976851854,1.14783276e-07,2.8270254e-08
55539.499976851854,1.6791967e-07,3.5881783e-08
55546.499976851854,1.609245e-07,4.3669893e-08
55553.499976851854,1.4576905e-07,3.3681527e-08
55560.499976851854,2.396654e-07,5.7565707e-08
55567.499976851854,1.9397017e-07,4.6154366e-08
55574.499976851854,1.7346949e-07,4.3328072e-08
55581.499976851854,2.9992253e-07,5.340789e-08
55588.499976851854,1.7326764e-07,4.0863608e-08
55595.499976851854,2.4481315e-07,5.110907e-08
55602.499976851854,2.0592054e-07,4.8306966e-08
55609.499976851854,1.9474558e-07,4.6322658e-08
55616.499976851854,2.2167039e-07,4.4414072e-08
55623.499976851854,2.4611245e-07,5.0518043e-08
55630.499976851854,3.0828735e-07,5.9377076e-08
55637.499976851854,2.165553e-07,4.76161e-08
55644.499976851854,2.635568e-07,4.5580215e-08
55651.499976851854,2.4450145e-07,4.4886136e-08
55658.499976851854,1.7413495e-07,3.779364e-08
55665.499976851854,1.9170136e-07,4.3309996e-08
55672.499976851854,1.650566e-07,5.264238e-08
55679.499976851854,1.01574116e-07,4.3194824e-08
55686.499976851854,2.9771525e-07,5.7901925e-08
55693.499976851854,1.6348926e-07,3.6776658e-08
55700.499976851854,1.862862e-07,4.267338e-08
55707.499976851854,1.5594456e-07,3.9873143e-08
55714.499976851854,8.666902e-08,2.8029746e-08
55721.499976851854,1.15990204e-07,3.301787e-08
55728.499976851854,5.4317002e-08,2.7293437e-08
55735.499976851854,1.2796163e-07,3.9405244e-08
55742.499976851854,9.601634e-08,3.0311092e-08
55749.499976851854,1.1961863e-07,2.9791911e-08
55756.499976851854,1.7180584e-07,4.401739e-08
55763.499976851854,6.643886e-08,3.132385e-08
55770.499976851854,1.883286e-07,4.5950483e-08
55777.499976851854,2.3228645e-07,5.5846737e-08
55784.499976851854,1.15946634e-07,4.029757e-08
55791.499976851854,1.5419984e-07,4.5255064e-08
55798.499976851854,1.9410275e-07,3.9528228e-08
55805.499976851854,1.525831e-07,3.8961268e-08
55812.499976851854,2.0947859e-07,3.2519672e-08
55819.499976851854,2.2227336e-07,4.208471e-08
55826.499976851854,1.7900595e-07,4.05441e-08
55833.499976851854,1.6731309e-07,3.922307e-08
55840.499976851854,1.3855424e-07,3.661038e-08
55847.499976851854,1.6353208e-07,3.305996e-08
55854.499976851854,1.4071537e-07,3.4580715e-08
55861.499976851854,2.100447e-07,3.9046363e-08
55868.499976851854,2.343284e-07,3.9431402e-08
55875.499976851854,2.425505e-07,4.206956e-08
55882.499976851854,2.2370295e-07,4.421078e-08
55889.499976851854,1.540865e-07,4.078982e-08
55896.499976851854,1.6740488e-07,3.3342587e-08
55903.499976851854,1.538618e-07,4.0037442e-08
55910.499976851854,1.2877719e-07,3.5653965e-08
55917.499976851854,2.0446421e-07,4.4701746e-08
55924.499976851854,1.5102754e-07,3.5019234e-08
55931.499976851854,2.1569433e-07,4.3787544e-08
55938.499976851854,1.481755e-07,3.919926e-08
55945.499976851854,1.2525969e-07,3.2035828e-08
55952.499976851854,1.1414843e-07,3.840881e-08
55959.499976851854,1.7533895e-07,3.7011525e-08
55966.499976851854,1.3913133e-07,3.5543597e-08
55973.499976851854,1.6865253e-07,4.2627885e-08
55980.499976851854,1.380471e-07,3.247337e-08
55987.499976851854,1.5601114e-07,4.2241467e-08
55994.499976851854,2.0386102e-07,3.925564e-08
56001.499976851854,2.756685e-07,5.0379217e-08
56008.499976851854,1.2710632e-07,3.789117e-08
56015.499976851854,2.340091e-07,3.727967e-08
56022.499976851854,2.0283655e-07,4.1244665e-08
56029.499976851854,2.129438e-07,4.5440775e-08
56036.499976851854,1.6506766e-07,4.322458e-08
56043.499976851854,1.704488e-07,3.7453805e-08
56050.499976851854,2.252466e-07,4.5782713e-08
56057.499976851854,1.8999262e-07,4.7802587e-08
56064.499976851854,1.301674e-07,3.723706e-08
56071.499976851854,3.032632e-07,4.4954007e-08
56078.499976851854,3.2108684e-07,4.6715297e-08
56085.499976851854,1.8776532e-07,4.0574697e-08
56092.499976851854,2.2177932e-07,3.7635196e-08
56099.499976851854,1.9455847e-07,3.9787157e-08
56106.499976851854,2.7569286e-07,4.7397254e-08
56113.49996527778,4.865758e-07,7.768369e-08
56120.49996527778,6.2109314e-07,5.8728027e-08
56127.49996527778,6.9770863e-07,6.0985265e-08
56134.49996527778,5.843903e-07,5.8762506e-08
56141.49996527778,5.168896e-07,5.287076e-08
56148.49996527778,7.158508e-07,6.421851e-08
56155.49996527778,6.65172e-07,6.957344e-08
56162.49996527778,5.663037e-07,6.1071155e-08
56169.49996527778,4.6265828e-07,5.4627428e-08
56176.49996527778,4.80176e-07,5.2609664e-08
56183.49996527778,3.9444018e-07,5.4973018e-08
56190.49996527778,3.1166806e-07,4.7004686e-08
56197.49996527778,1.8902911e-07,3.9878337e-08
56204.49996527778,1.6257907e-07,4.1609372e-08
56211.49996527778,1.4159119e-07,3.876661e-08
56218.49996527778,1.5275401e-07,4.3587676e-08
56225.49996527778,2.0536662e-07,3.8901288e-08
56232.49996527778,2.610713e-07,4.0513026e-08
56239.49996527778,2.891397e-07,4.3921595e-08
56246.49996527778,3.2811218e-07,4.2051447e-08
56253.49996527778,2.671735e-07,4.009976e-08
56260.49996527778,2.8928315e-07,4.6571035e-08
56267.49996527778,3.4147283e-07,4.773745e-08
56274.49996527778,2.8913468e-07,5.1058734e-08
56281.49996527778,2.8112547e-07,4.4725216e-08
56288.49996527778,3.304068e-07,5.0185772e-08
56295.49996527778,3.732024e-07,5.524225e-08
56302.49996527778,2.66527e-07,4.517616e-08
56309.49996527778,1.2837367e-07,3.2267465e-08
56316.49996527778,1.7137869e-07,3.663219e-08
56323.49996527778,3.4747202e-07,6.3519245e-08
56330.49996527778,2.5050747e-07,4.5613966e-08
56337.49996527778,1.8992269e-07,3.5646025e-08
56344.49996527778,2.713153e-07,4.992334e-08
56351.49996527778,2.9519185e-07,4.99545e-08
56358.49996527778,6.372787e-07,6.53718e-08
56365.49996527778,4.0210858e-07,6.0471805e-08
56372.49996527778,3.4540182e-07,5.325306e-08
56379.49996527778,5.113304e-07,6.127028e-08
56386.49996527778,4.1351026e-07,5.3674484e-08
56393.49996527778,5.231517e-07,5.701411e-08
56400.49996527778,5.349684e-07,5.5537516e-08
56407.49996527778,2.8117503e-07,4.054287e-08
56414.49996527778,5.061221e-07,5.9601803e-08
56421.49996527778,2.9311744e-07,4.7730875e-08
56428.49996527778,3.0073312e-07,4.102333e-08
56435.49996527778,3.0452364e-07,4.8208946e-08
56442.49996527778,2.988064e-07,4.084608e-08
56449.49996527778,4.004448e-07,5.411909e-08
56456.49996527778,3.5099836e-07,4.589244e-08
56463.49996527778,3.259899e-07,4.4230628e-08
56470.49996527778,3.734676e-07,5.1776922e-08
56477.49996527778,4.0413278e-07,6.492508e-08
56484.49996527778,3.3498875e-07,5.6660134e-08
56491.49996527778,2.3200145e-07,4.0223746e-08
56498.49996527778,2.4008685e-07,4.1611646e-08
56505.49996527778,2.4680384e-07,4.4926356e-08
56512.49996527778,4.0085374e-07,4.7426568e-08
56519.49996527778,3.1799814e-07,4.7966967e-08
56526.49996527778,3.2546734e-07,5.6079863e-08
56533.49996527778,3.0958188e-07,5.0133682e-08
56540.49996527778,2.7774232e-07,4.7183775e-08
56547.49996527778,2.3482454e-07,4.1848065e-08
56554.49996527778,2.8444714e-07,4.813066e-08
56561.49996527778,1.9923422e-07,4.299861e-08
56568.49996527778,2.5685677e-07,4.4269814e-08
56575.49996527778,2.056175e-07,4.4518547e-08
56582.49996527778,1.3914868e-07,3.938444e-08
56589.49996527778,2.0454577e-07,5.550209e-08
56596.49996527778,2.6749086e-07,4.38894e-08
56603.49996527778,1.7961848e-07,3.1814118e-08
56610.49996527778,1.7761374e-07,3.847741e-08
56617.49996527778,1.6847663e-07,3.7149423e-08
56624.49996527778,1.5204634e-07,3.549492e-08
56631.49996527778,1.10651165e-07,3.8683588e-08
56638.49996527778,1.7126776e-07,5.4496066e-08
56645.49996527778,2.2108367e-07,6.0438865e-08
56652.49996527778,1.136268e-07,2.9493627e-08
56659.49996527778,2.0781151e-07,4.035367e-08
56666.49996527778,2.8379262e-07,5.964679e-08
56673.49996527778,1.5822823e-07,5.4420234e-08
56680.49996527778,2.2611391e-07,4.1066382e-08
56687.49996527778,1.6844216e-07,2.9918272e-08
56694.49996527778,2.0685505e-07,4.33562e-08
56701.49996527778,2.326581e-07,4.1967713e-08
56708.49996527778,1.9439636e-07,3.944479e-08
56715.49996527778,2.3109634e-07,5.443399e-08
56722.49996527778,3.341923e-07,7.111408e-08
56729.49996527778,2.733038e-07,5.082247e-08
56736.49996527778,1.5852245e-07,4.2231136e-08
56743.49996527778,2.582613e-07,5.5928133e-08
56750.49996527778,2.87601e-07,3.9232006e-08
56757.49996527778,3.273585e-07,5.139941e-08
56764.49996527778,3.7524433e-07,5.1206694e-08
56771.49996527778,3.9533623e-07,5.1255473e-08
56778.49996527778,3.89813e-07,4.613825e-08
56785.49996527778,2.3910295e-07,4.0373703e-08
56792.49996527778,2.5328796e-07,4.952038e-08
56799.49996527778,3.0169443e-07,5.216139e-08
56806.49996527778,2.1472529e-07,5.2000942e-08
56813.49996527778,3.190227e-07,6.120401e-08
56820.49996527778,9.8942934e-08,4.1599073e-08
56827.49996527778,1.5980798e-07,4.512825e-08
56834.49996527778,2.0336492e-07,4.2661153e-08
56841.49996527778,1.442915e-07,3.7901174e-08
56848.49996527778,1.649302e-07,4.791951e-08
56855.49996527778,2.583738e-07,5.0500407e-08
56862.49996527778,1.8675703e-07,4.4013834e-08
56869.49996527778,1.8783172e-07,3.8856683e-08
56876.49996527778,4.934694e-08,1.660875e-08
56883.49996527778,2.3141702e-07,6.935462e-08
56897.49996527778,1.3650671e-07,5.171939e-08
56904.49996527778,1.4634747e-07,4.7245614e-08
56911.49996527778,2.5789672e-07,4.797127e-08
56918.49996527778,1.9238601e-07,3.8298893e-08
56925.49996527778,2.7522856e-07,4.2298215e-08
56932.49996527778,2.8510266e-07,6.016115e-08
56939.49996527778,3.0547574e-07,5.5486492e-08
56946.49996527778,3.273114e-07,6.096215e-08
56953.49996527778,3.761649e-07,6.1822604e-08
56960.49996527778,2.0865959e-07,4.6025274e-08
56967.49996527778,2.0754601e-07,4.2992376e-08
56974.49996527778,3.098067e-07,4.1682938e-08
56981.49996527778,3.2803473e-07,5.2586778e-08
56988.49996527778,3.211937e-07,6.581349e-08
56995.49996527778,3.442279e-07,4.9766346e-08
57002.49996527778,4.0179586e-07,5.1587104e-08
57009.49996527778,1.8896287e-07,3.5074393e-08
57016.49996527778,2.2517835e-07,3.8187768e-08
57023.49996527778,3.2535223e-07,4.818785e-08
57030.49996527778,1.7303051e-07,3.664354e-08
57037.49996527778,2.352135e-07,4.533712e-08
57044.49996527778,1.5520301e-07,3.06898e-08
57051.49996527778,2.3648494e-07,4.2982872e-08
57058.49996527778,5.520157e-08,4.5617952e-08
57065.49996527778,1.6839631e-07,3.700871e-08
57072.49996527778,1.9847056e-07,4.240291e-08
57079.49996527778,1.04432175e-07,3.0921818e-08
57086.49996527778,1.5707936e-07,3.168976e-08
57093.49996527778,1.9945197e-07,3.3770277e-08
57100.49996527778,2.1404553e-07,4.5481592e-08
57107.49996527778,2.173164e-07,4.739079e-08
57114.49996527778,1.7975817e-07,4.4333238e-08
57121.49996527778,2.7614794e-07,4.729322e-08
57128.49996527778,1.6529596e-07,3.7107753e-08
57135.49996527778,2.6798728e-07,4.1673832e-08
57142.49996527778,2.9373413e-07,4.2133582e-08
57149.49996527778,2.0691937e-07,3.5338967e-08
57156.49996527778,1.5683202e-07,3.4549775e-08
57163.49996527778,9.51996e-08,3.5651045e-08
57170.49996527778,2.595897e-07,5.1270973e-08
57177.49996527778,1.7734243e-07,3.929802e-08
57184.49996527778,1.9895418e-07,3.361892e-08
57191.49996527778,2.332269e-07,4.1934697e-08
57198.49996527778,1.3053375e-07,2.8836967e-08
57205.4999537037,2.4427018e-07,3.048636e-08
57212.4999537037,2.1450654e-07,3.1392823e-08
57219.4999537037,2.4581936e-07,3.5492278e-08
57226.4999537037,2.803694e-07,4.100566e-08
57233.4999537037,1.7324417e-07,2.8836878e-08
57240.4999537037,2.3781419e-07,3.325212e-08
57247.4999537037,3.051685e-07,3.6113555e-08
57254.4999537037,3.015382e-07,3.7185778e-08
57261.4999537037,2.390547e-07,3.636304e-08
57268.4999537037,2.2542488e-07,4.0861956e-08
57275.4999537037,1.2688282e-07,2.807287e-08
57282.4999537037,2.1233839e-07,3.8687922e-08
57289.4999537037,1.5404073e-07,2.9144752e-08
57296.4999537037,2.235581e-07,3.4877626e-08
57303.4999537037,2.7436025e-07,3.8494406e-08
57310.4999537037,1.431026e-07,2.753373e-08
57317.4999537037,1.5358944e-07,3.1248597e-08
57324.4999537037,1.300107e-07,2.8582628e-08
57331.4999537037,1.4455465e-07,3.262919e-08
57338.4999537037,1.0076206e-07,1.5701856e-08
57345.4999537037,1.3274456e-07,2.491047e-08
57352.4999537037,1.6223747e-07,3.155879e-08
57359.4999537037,1.2958031e-07,1.3119845e-08
57366.4999537037,1.8501329e-07,2.338227e-08
57373.4999537037,1.527652e-07,2.4680528e-08
57380.4999537037,2.1131012e-07,3.2445612e-08
57387.4999537037,2.4981833e-07,3.139826e-08
57394.4999537037,2.909861e-07,3.8134914e-08
57401.4999537037,2.6618096e-07,4.1721506e-08
57408.4999537037,2.7311523e-07,3.621249e-08
57415.4999537037,1.6784512e-07,2.802304e-08
57422.4999537037,1.17968376e-07,2.733261e-08
57429.4999537037,1.8117757e-07,3.4392382e-08
57436.4999537037,2.0670844e-07,3.9800526e-08
57443.4999537037,3.2282384e-07,4.128495e-08
57450.4999537037,1.5237285e-07,3.0430144e-08
57457.4999537037,1.6905797e-07,3.0315476e-08
57464.4999537037,1.6390429e-07,3.365361e-08
57471.4999537037,1.16034215e-07,2.6240935e-08
57478.4999537037,1.988311e-07,3.622663e-08
57485.4999537037,1.1571124e-07,3.5848977e-08
57492.4999537037,1.51924e-07,3.9821487e-08
57499.4999537037,1.7997003e-07,3.491942e-08
57506.4999537037,2.1845443e-07,3.2493137e-08
57513.4999537037,2.1576541e-07,3.8598184e-08
57520.4999537037,1.555704e-07,2.6719334e-08
57527.4999537037,3.328958e-07,4.1749217e-08
57534.4999537037,2.4602946e-07,2.6951574e-09
57541.4999537037,1.7855295e-07,3.6252203e-08
57548.4999537037,2.883228e-07,2.1705548e-08
57555.4999537037,2.796537e-07,3.9290455e-08
57562.4999537037,1.8955502e-07,3.8189125e-08
57569.4999537037,1.6026725e-07,2.955444e-08
57576.4999537037,1.711569e-07,2.9828094e-08
57583.4999537037,1.7895083e-07,3.467744e-08
57590.4999537037,1.5299368e-07,3.3360873e-08
57597.4999537037,1.11187155e-07,2.733806e-08
57604.4999537037,4.8970134e-07,1.2249926e-07
57611.4999537037,2.6760063e-07,4.164653e-08
57618.4999537037,1.15189884e-07,3.0294967e-08
57625.4999537037,1.1736722e-07,2.854501e-08
57632.4999537037,1.3665628e-07,3.2904012e-08
57639.4999537037,7.154671e-08,2.2388582e-08
57646.4999537037,1.1131095e-07,1.7921051e-08
57653.4999537037,9.120114e-08,3.2278116e-08
57660.4999537037,1.4484587e-07,3.8126778e-08
57667.4999537037,1.05695996e-07,2.863693e-08
57674.4999537037,5.466828e-08,1.9622764e-08
57681.4999537037,1.2947785e-07,3.274927e-08
57688.4999537037,1.2717072e-07,3.386225e-08
57695.4999537037,8.3210374e-08,2.750253e-08
57702.4999537037,1.4188949e-07,3.5572935e-08
57709.4999537037,1.6964083e-07,3.1716944e-08
57716.4999537037,1.2600734e-07,2.5977748e-08
57723.4999537037,1.9160346e-07,3.2646255e-08
57730.4999537037,1.3246544e-07,2.8324365e-08
57737.4999537037,1.6387777e-07,3.2667366e-08
57744.4999537037,2.3152745e-07,4.3196938e-08
57751.4999537037,2.3308198e-07,3.9647496e-08
57758.49994212963,3.1655458e-07,4.102584e-08
57765.49994212963,1.7008708e-07,3.317565e-08
57772.49994212963,1.8119533e-07,3.1332657e-08
57779.49994212963,2.6111445e-07,4.0257635e-08
57786.49994212963,2.1297774e-07,3.12314e-08
57793.49994212963,1.6339683e-07,3.3412405e-08
57800.49994212963,2.5496166e-07,3.9998767e-08
57807.49994212963,1.3142737e-07,2.8147513e-08
57814.49994212963,2.815e-07,5.0466962e-08
57821.49994212963,1.3972438e-07,3.5278646e-08
57828.49994212963,1.4984543e-07,3.3095276e-08
57835.49994212963,2.2967801e-07,3.4898846e-08
57842.49994212963,1.2919813e-07,3.088307e-08
57849.49994212963,1.5446608e-07,2.045155e-08
57856.49994212963,2.402101e-07,3.8548855e-08
57863.49994212963,2.3575619e-07,4.0225792e-08
57870.49994212963,1.485021e-07,2.9679013e-08
57877.49994212963,1.8032205e-07,3.4332444e-08
57884.49994212963,7.8853e-08,2.4523064e-08
57891.49994212963,1.800633e-07,3.470302e-08
57898.49994212963,1.8386598e-07,3.4492356e-08
57905.49994212963,1.6109391e-07,3.3723108e-08
57912.49994212963,1.2508559e-07,2.8950382e-08
57919.49994212963,2.0867544e-07,4.309064e-08
57926.49994212963,1.2697421e-07,3.1726017e-08
57933.49994212963,1.15245605e-07,3.700734e-08
57940.49994212963,1.04595735e-07,3.122529e-08
57947.49994212963,1.9535575e-07,3.2276496e-08
57954.49994212963,2.0027441e-07,3.5496836e-08
57961.49994212963,1.4293055e-07,3.357821e-08
57968.49994212963,9.95973e-08,2.9615878e-08
57975.49994212963,1.1855843e-07,2.9297905e-08
57982.49994212963,1.7878351e-07,3.386012e-08
57989.49994212963,1.5460498e-07,3.2134636e-08
57996.49994212963,1.7249597e-07,3.0015016e-08
58003.49994212963,1.4711541e-07,3.2972153e-08
58010.49994212963,2.0098568e-07,4.5868198e-08
58017.49994212963,2.5955424e-07,4.4712447e-08
58024.49994212963,1.6923734e-07,3.674829e-08
58031.49994212963,2.0537988e-07,3.718289e-08
58038.49994212963,1.4334425e-07,3.5843044e-08
58045.49994212963,1.7629837e-07,3.469047e-08
58052.49994212963,2.1222318e-07,3.75894e-08
58059.49994212963,1.9440641e-07,3.6330626e-08
58066.49994212963,1.7557055e-07,3.4959843e-08
58073.49994212963,1.6218391e-07,3.3329655e-08
58080.49994212963,2.0514612e-07,2.9792194e-08
58087.49994212963,2.217676e-07,3.2551995e-08
58094.49994212963,1.7818576e-07,3.7386627e-08
58101.49994212963,2.318217e-07,3.1352428e-08
58108.49994212963,2.5260883e-07,3.369634e-08
58115.49994212963,2.4277264e-07,3.6981636e-08
58122.49994212963,1.9364656e-07,3.2296356e-08
58129.49994212963,2.5592024e-07,3.5682707e-08
58136.49994212963,3.3226996e-07,4.9131142e-08
58143.49994212963,3.3913673e-07,4.733758e-08
58150.49994212963,3.747395e-07,6.4439654e-08
58157.49994212963,4.4575108e-07,4.9620827e-08
58164.49994212963,5.2951856e-07,4.9468298e-08
58171.49994212963,2.9169806e-07,4.2643652e-08
58178.49994212963,1.8236395e-07,3.717196e-08
58185.49994212963,1.9627232e-07,3.012969e-08
58227.49994212963,2.4624276e-07,3.401726e-08
58234.49994212963,8.7526516e-08,1.3464413e-08
58241.49994212963,1.5432342e-07,2.2688898e-08
58248.49994212963,2.5218296e-07,2.593279e-08
58262.49994212963,1.3175737e-07,2.5383205e-08
58269.49994212963,1.3427396e-07,2.7010483e-08
58276.49994212963,1.8542796e-07,3.117361e-08
58283.49994212963,3.4684723e-07,9.7850304e-08
58290.49994212963,1.2417321e-07,2.4567967e-08
58297.49994212963,1.4655207e-07,5.809755e-09
58304.49994212963,2.2161524e-07,6.550395e-08
58311.49994212963,1.6051955e-07,3.3949284e-08
58318.49994212963,6.739008e-08,2.0827246e-08
58325.49994212963,1.05669635e-07,4.9691273e-08
58332.49994212963,7.7134494e-08,2.4749365e-08
58339.49994212963,1.135622e-07,2.3949463e-08
58346.49994212963,1.10450856e-07,3.3272702e-08
58360.49994212963,1.0771365e-06,3.50908e-07
58374.49994212963,1.17750716e-07,3.219336e-08
58381.49994212963,1.302167e-07,2.21464e-08
58388.49994212963,1.1148479e-07,2.3423345e-08
58395.49994212963,1.2107677e-07,2.3764176e-08
58416.49994212963,8.575609e-08,2.3194426e-08
58423.49994212963,1.4295397e-07,2.0641846e-08
58430.49994212963,1.7774123e-07,2.5266715e-08
58437.49994212963,1.8675324e-07,3.3433135e-08
58444.49994212963,1.1698733e-07,2.1941679e-08
58451.49994212963,1.352363e-07,2.5927996e-08
58458.49994212963,1.6266037e-07,2.68604e-08
58465.49994212963,1.5688833e-07,2.5762365e-08
58472.49994212963,1.5655625e-07,2.7737656e-08
58479.49994212963,1.3401016e-07,2.9922273e-08
58486.49994212963,1.3246276e-07,3.059863e-08
58493.49994212963,8.977609e-08,5.2101324e-08
58500.49994212963,2.5248224e-07,4.4156852e-08
58507.49994212963,1.0884133e-07,2.2898876e-08
58514.49994212963,7.211721e-08,2.9181972e-08
58535.49994212963,1.6834093e-07,3.6391715e-08
58542.49994212963,1.1986319e-07,4.8967472e-08
58549.49994212963,1.4361075e-07,3.2659322e-08
58556.49994212963,2.1313619e-07,3.238094e-08
58563.49994212963,2.0048199e-07,3.0245438e-08
58570.49994212963,2.1738458e-07,3.1776928e-08
58577.49994212963,1.0021826e-07,2.2080007e-08
58584.49994212963,1.8585486e-07,2.7783814e-08
58591.49994212963,1.6953074e-07,2.4735305e-08
58598.49994212963,1.3584426e-07,2.5779528e-08
58605.49994212963,1.2485063e-07,3.2981234e-08
58612.49994212963,7.148898e-08,1.9354037e-08
58619.49994212963,1.0153436e-07,8.2875795e-09
58626.49994212963,1.3724062e-07,2.5301446e-08
58633.49994212963,8.8475765e-08,1.6945638e-08
58640.49994212963,1.4230478e-07,2.7380825e-08
58647.49994212963,1.2863596e-07,2.586164e-08
58654.49994212963,1.7342681e-07,3.412042e-08
58661.49994212963,1.4802187e-07,3.072382e-08
58668.49994212963,2.2148915e-07,3.155834e-08
58675.49994212963,2.181731e-07,4.5304702e-08
58682.49994212963,1.5154266e-07,3.0963207e-08
58689.49994212963,9.7805255e-08,2.4275023e-08
58703.49994212963,1.8419811e-07,3.580806e-08
58710.49994212963,2.677971e-07,4.3816883e-08
58717.49994212963,2.3124923e-07,2.8415156e-08
58724.49994212963,1.8834722e-07,5.3915198e-08
58731.49994212963,4.787814e-07,1.768382e-07
58738.49994212963,1.6825523e-07,2.4334353e-08
58745.49994212963,1.2529557e-07,1.3608388e-08
58752.49994212963,2.9709116e-07,3.4755306e-08
58759.49994212963,1.919493e-07,3.2139123e-08
58766.49994212963,1.9118366e-07,3.4395967e-08
58773.49994212963,2.3550216e-07,3.4671107e-08
58780.49994212963,2.1351586e-07,3.8571105e-08
58787.49994212963,2.1129355e-07,3.790612e-08
58794.49994212963,1.559508e-07,2.4572778e-08
58801.49994212963,1.6147337e-07,2.4405704e-08
58808.49994212963,8.375493e-08,8.999803e-09
58815.49994212963,2.0560219e-07,3.3422015e-08
58822.49994212963,2.2852134e-07,3.2853258e-08
58829.49994212963,2.1154594e-07,3.2287097e-08
58836.49994212963,2.5764263e-07,4.0468347e-08
58843.49994212963,2.1666217e-07,3.1152677e-08
58850.49994212963,2.7401387e-07,4.2160273e-08
58857.49994212963,1.85609e-07,3.5981387e-08
58864.49994212963,1.9181181e-07,3.4354986e-08
58871.49994212963,1.4284296e-07,3.0999498e-08
58878.49994212963,2.0231168e-07,3.264813e-08
58885.49994212963,2.5862659e-07,8.031282e-08
58892.49994212963,1.9010133e-07,5.5774226e-08
58899.49994212963,1.3425257e-07,3.781063e-08
58906.49994212963,2.1779302e-07,3.6796266e-08
58913.49994212963,1.2839928e-07,3.2384406e-08
58920.49994212963,1.5385045e-07,3.4951768e-08
58927.49994212963,2.4703854e-07,3.5054455e-08
58934.49994212963,2.1658539e-07,2.9479946e-08
58941.49994212963,2.2573109e-07,3.4509494e-08
58948.49994212963,1.549749e-07,2.7301512e-08
58955.49994212963,2.1461963e-07,2.826859e-08
58962.49994212963,1.3331635e-07,2.1414127e-08
58969.49994212963,1.5961788e-07,3.154878e-08
58976.49994212963,2.1558367e-07,3.7447375e-08
58983.49994212963,2.2350797e-07,3.502707e-08
58990.49994212963,8.65465e-08,2.1665382e-08
58997.49994212963,1.5352332e-07,2.897323e-08
59004.49994212963,1.0582836e-07,2.0517959e-08
59011.49994212963,2.3021744e-07,3.095668e-08
59018.49994212963,2.5085131e-07,3.73401e-08
59025.49994212963,1.9259484e-07,3.5036408e-08
59032.49994212963,1.7472838e-07,3.1846486e-08
59039.49994212963,1.4113013e-07,2.5807259e-08
59046.49994212963,2.0161684e-07,4.3906116e-08
59053.49994212963,2.5449268e-07,3.9381174e-08
59060.49994212963,2.627838e-07,2.2742503e-08
59067.49994212963,3.1464913e-07,4.2521503e-08
59074.49994212963,2.8163393e-07,4.7917723e-08
59081.49994212963,1.9621858e-07,3.36277e-08
59088.49994212963,2.6838086e-07,3.8929887e-08
59095.49994212963,1.5231178e-07,7.5350066e-08
59102.49994212963,2.677743e-07,9.602154e-08
59109.49994212963,2.2135197e-07,3.2633384e-08
59116.49994212963,2.2987939e-07,3.920655e-08
59123.49994212963,3.0469963e-07,3.126439e-08
59130.49994212963,2.5075855e-07,3.380163e-08
59137.49994212963,1.8746006e-07,2.9776954e-08
59144.49994212963,2.3867906e-07,3.09274e-08
59151.49994212963,2.4113496e-07,2.2661466e-08
59158.49994212963,2.1631716e-07,3.1655937e-08
59165.49994212963,1.9221316e-07,2.5015467e-08
59172.49994212963,1.4658893e-07,2.473173e-08
59179.49994212963,1.2571411e-07,2.4370808e-08
59186.49994212963,1.9877959e-07,3.336461e-08
59193.49994212963,2.7784648e-07,3.466186e-08
59200.49994212963,1.648437e-07,1.7407961e-08
59207.49994212963,1.4705728e-07,3.474448e-08
59214.49994212963,1.3721242e-07,3.2461184e-08
59221.49994212963,1.3237337e-07,4.5263885e-08
59228.49994212963,1.4227898e-07,1.9409896e-08
59235.49994212963,1.2808712e-07,3.3919974e-08
59242.49994212963,1.9096935e-07,4.174388e-08
59249.49994212963,9.089778e-08,2.7791343e-08
59263.49994212963,4.0656448e-07,1.8980282e-07
59270.49994212963,1.4627548e-07,3.1962898e-08
59277.49994212963,1.1027606e-07,2.8705461e-08
59284.49994212963,1.3573487e-07,3.8164735e-08
59291.49994212963,8.41625e-08,2.4865908e-08
59298.49994212963,2.371618e-07,3.7790524e-08
59305.49994212963,2.5166506e-07,3.1954812e-08
59312.49994212963,2.2696608e-07,3.556756e-08
59319.49994212963,1.8533962e-07,3.064582e-08
59326.49994212963,1.4060922e-07,2.3763704e-08
59333.49994212963,1.9261256e-07,2.7695604e-08
59340.49994212963,1.8239153e-07,3.8593665e-08
59347.49994212963,1.4101606e-07,3.3363623e-08
59354.49994212963,3.1302642e-07,4.4928765e-08
59361.49994212963,1.1702845e-07,3.748874e-08
59368.49994212963,1.5871576e-07,2.898935e-08
59375.49994212963,2.1881806e-07,2.79249e-08
59382.49994212963,1.9467856e-07,2.9070693e-08
59389.49994212963,1.6811212e-07,3.7880017e-08
59396.49994212963,1.0437145e-07,2.900629e-08
59403.49994212963,1.6522912e-07,3.6046337e-08
59410.49994212963,9.429133e-08,1.2588124e-08
59417.49994212963,1.16657255e-07,3.687029e-08
59424.49994212963,2.0821047e-07,3.7836074e-08
59431.49994212963,1.088943e-07,3.3903277e-08
59438.49994212963,9.727544e-08,3.3118184e-08
59445.49994212963,1.292345e-07,3.166998e-08
59452.49994212963,1.1378768e-07,2.7603553e-08
59459.49994212963,2.1887848e-07,3.395405e-08
59466.49994212963,1.7860567e-07,6.927372e-08
59473.49994212963,1.1782327e-07,4.202467e-08
59480.49994212963,1.05649946e-07,1.0587469e-08
59487.49994212963,1.2421135e-07,2.4836412e-08
59494.49994212963,1.10717984e-07,2.1342002e-08
59501.49994212963,2.1867983e-07,3.5264854e-08
59508.49994212963,2.1048822e-07,1.8062387e-08
59515.49994212963,1.3528154e-07,2.4867278e-08
59522.49994212963,8.4594e-08,1.9980543e-08
59529.49994212963,2.1945118e-07,2.4763796e-08
59536.49994212963,1.7702561e-07,2.5211822e-08
59543.49994212963,1.6512415e-07,2.471896e-08
59550.49994212963,1.4057791e-07,1.1065738e-08
59557.49994212963,1.7646673e-07,1.8933637e-08
59564.49994212963,1.9476414e-07,3.2202376e-08
59571.49994212963,2.1273605e-07,3.8432702e-08
59578.49994212963,1.4357695e-07,3.4643804e-08
59585.49994212963,1.7033508e-07,1.9483366e-08
59592.49994212963,1.79894e-07,3.9272496e-08
59599.49994212963,2.060666e-07,1.1125085e-08
59606.49994212963,4.6011213e-08,2.2530859e-08
59613.49994212963,2.2055072e-07,3.6970523e-08
59620.49994212963,1.526816e-07,3.183508e-08
59634.49994212963,4.1798924e-07,1.5189366e-07
59641.49994212963,2.3456789e-07,3.450404e-08
59648.49994212963,1.735478e-07,3.7732214e-08
59655.49994212963,1.6673852e-07,4.1471104e-08
59662.49994212963,1.3459781e-07,3.1434034e-08
59669.49994212963,1.7679471e-07,2.4817833e-08
59676.49994212963,1.7788555e-07,3.184691e-08
59683.49994212963,1.0999294e-07,3.124134e-08
59690.49994212963,1.2412238e-07,2.801561e-08
59697.49994212963,1.9401237e-07,2.6160622e-08
59704.49994212963,2.0225166e-07,1.1413436e-08
59711.49994212963,2.5208337e-07,4.2083794e-08
59718.49994212963,2.7827144e-07,3.6753207e-08
59725.49994212963,2.3229298e-07,3.415863e-08
59732.49994212963,1.5309203e-07,1.9195838e-08
59739.49994212963,1.4089089e-07,2.4565576e-08
59746.49994212963,1.519832e-07,2.268685e-08
59753.49994212963,3.130482e-07,3.8500968e-08
59760.49994212963,3.7322778e-07,3.1626634e-08
59767.49994212963,3.3180106e-07,4.136805e-08
59774.49994212963,2.751445e-07,3.5985117e-08
59781.49994212963,3.6290135e-07,4.9179175e-08
59788.49994212963,2.6805802e-07,5.6562076e-08
59795.49994212963,2.5015297e-07,4.0612555e-08
59802.49994212963,2.1171762e-07,4.136011e-08
59809.49994212963,2.4961236e-07,4.2897366e-08
59816.49994212963,2.1162361e-07,3.9895426e-08
59823.49994212963,1.4248545e-07,2.9321592e-08
59830.49994212963,1.5823781e-07,3.259373e-08
59837.49994212963,2.950596e-07,1.1143554e-07
59844.49994212963,1.882266e-07,3.3725893e-08
59851.49994212963,1.9744887e-07,3.0071476e-08
59858.49994212963,2.796834e-07,3.2356716e-08
59865.49994212963,2.8918976e-07,3.0344133e-08
59872.49994212963,2.0780783e-07,3.235454e-08
59879.49994212963,2.4153275e-07,3.3883143e-08
59886.49994212963,2.053692e-07,1.4645264e-08
59893.49994212963,1.9940916e-07,3.820667e-08
59900.49994212963,2.3341428e-07,2.8841164e-08
59907.49994212963,1.7023214e-07,8.395531e-09
59914.49994212963,3.0845345e-07,3.573072e-08
59921.49994212963,2.459939e-07,3.5329656e-08
59928.49994212963,2.3507451e-07,3.461335e-08
59935.49994212963,2.4741576e-07,3.216223e-08
59942.49994212963,3.1158984e-07,1.7533157e-08
59949.49994212963,3.1865673e-07,4.618338e-08
59956.49994212963,2.5857892e-07,2.1350516e-08
59963.49994212963,1.824552e-07,3.849251e-08
59970.49994212963,3.0134882e-07,4.6259633e-08
59977.49994212963,2.9442216e-07,3.973359e-08
59984.49994212963,1.9823774e-07,3.09636e-08
59991.49994212963,2.1817621e-07,4.5053905e-08
60005.49994212963,2.1353985e-07,4.6433502e-08
60012.49994212963,1.3827949e-07,3.102053e-08
60019.49994212963,2.0597962e-07,3.1572977e-08
60026.49994212963,2.3198686e-07,1.7362856e-08
60033.49994212963,1.9513699e-07,3.3673814e-08
60040.49994212963,2.991831e-07,3.8724522e-08
60047.49994212963,1.8878438e-07,3.1261916e-08
60054.49994212963,2.81492e-07,3.9300556e-08
60061.49994212963,3.4012075e-07,3.5569947e-08
60068.49994212963,1.7253775e-07,2.4281391e-08
60075.49994212963,3.4324069e-07,3.6810366e-08
60082.49994212963,2.4678275e-07,3.8052914e-08
60089.49994212963,1.9970146e-07,3.1902513e-08
60096.49994212963,1.9089212e-07,3.1392265e-08
60103.49994212963,1.7027065e-07,2.8046637e-08
60110.49994212963,2.1977408e-07,2.9157627e-08
60117.49994212963,2.7939925e-07,3.368552e-08
60124.49994212963,1.6904586e-07,3.2597153e-08
60131.49994212963,2.2013518e-07,3.8636173e-08
60138.49994212963,1.8658862e-07,3.1445044e-08
60145.49994212963,2.9312795e-07,4.159781e-08
60152.49994212963,3.525714e-07,6.252703e-08
60159.49994212963,2.1731587e-07,4.4119048e-08
60166.49994212963,2.672218e-07,6.299762e-08
60173.49994212963,2.2752289e-07,3.8419103e-08
60180.49994212963,2.3381295e-07,3.7614683e-08
60187.49994212963,1.485625e-07,3.0144488e-08
60194.49994212963,2.3425748e-07,1.4845761e-08
60201.49994212963,2.499127e-07,3.4578445e-08
60208.49994212963,2.0735496e-07,3.1996013e-08
60215.49994212963,2.943748e-07,3.7647673e-08
60222.49994212963,2.0657987e-07,3.0689385e-08
60229.49994212963,2.853525e-07,2.8999107e-08
60236.49994212963,2.4067344e-07,2.5734849e-08
60243.49994212963,2.7073142e-07,3.4642685e-08
60250.49994212963,2.0778837e-07,1.1807489e-08
60257.49994212963,3.1872105e-07,4.1065327e-08
60264.49994212963,1.958917e-07,3.2936846e-08
60271.49994212963,3.3441185e-07,3.2959424e-08
60278.49994212963,2.666491e-07,2.9680711e-08
60285.49994212963,2.5198986e-07,3.2192926e-08
60292.49994212963,2.5620903e-07,3.5841687e-08
60299.49994212963,2.6880284e-07,3.3193125e-08
60306.49994212963,3.0432054e-07,3.7506805e-08
60313.49994212963,2.1225115e-07,4.923494e-08
60320.49994212963,1.7330264e-07,3.685821e-08
60327.49994212963,1.6222444e-07,1.14307595e-08
60334.49994212963,2.9881306e-07,1.646513e-08
60341.49994212963,2.645197e-07,3.743031e-08
60348.49994212963,3.4736186e-07,4.2193367e-08
60355.49994212963,2.2258946e-07,5.905874e-09
60362.49994212963,2.5352972e-07,9.447708e-08
60376.49994212963,1.6808431e-07,2.7218997e-08
60383.49994212963,2.0422851e-07,3.9656502e-08
60390.49994212963,2.5107227e-07,2.1953046e-08
60397.49994212963,1.5313601e-07,2.5148193e-08
60404.49994212963,2.2466725e-07,3.501161e-08
60411.49994212963,1.3614849e-07,3.1636944e-08
60418.49994212963,1.0478593e-07,2.889646e-08
60425.49994212963,1.1359367e-07,2.9976555e-08
60432.49994212963,1.3050878e-07,2.3055419e-08
60439.49994212963,1.6330715e-07,2.6751067e-08
60446.49994212963,2.5667137e-07,3.8524735e-08
60453.49994212963,1.8606856e-07,3.566029e-08
60460.49994212963,1.8404103e-07,2.9725493e-08
60467.49994212963,2.5268386e-07,3.7062474e-08
60474.49994212963,1.5958987e-07,2.7633323e-08
60481.49994212963,1.3967836e-07,2.261235e-08
60488.49994212963,1.6961374e-07,2.864304e-08
60495.49994212963,1.2684677e-07,3.0370146e-08
60502.49994212963,2.2168008e-07,3.8686064e-08
60509.49994212963,1.6544739e-07,2.8957867e-08
60516.49994212963,1.32865e-07,3.0782626e-08
60523.49994212963,1.1161381e-07,4.020187e-09
60530.49994212963,9.410193e-08,3.0626936e-08
60537.49994212963,1.8437942e-07,4.0037804e-08
60544.49994212963,1.9481709e-07,2.0349793e-08
60551.49994212963,1.8797618e-07,3.8221916e-08
60558.49994212963,1.2883825e-07,3.1930373e-08
60565.49994212963,6.137167e-08,1.379477e-08
60572.49994212963,1.8359718e-07,5.1239006e-08
60579.49994212963,1.3205472e-07,2.7930025e-08
60586.49994212963,8.122265e-08,2.3288438e-08
60593.49994212963,1.08009864e-07,2.4066486e-08
60600.49994212963,9.813986e-08,1.907404e-08
60607.49994212963,1.4083865e-07,2.9224154e-08
60614.49994212963,1.9149614e-07,2.5413826e-08
60621.49994212963,1.516021e-07,1.089414e-08
60628.49994212963,1.7016959e-07,3.7385124e-08
60635.49994212963,1.327917e-07,2.4087145e-08
60642.49994212963,1.06949265e-07,2.0799913e-08
60649.49994212963,9.016236e-08,2.1080439e-08
60656.49994212963,1.3024413e-07,3.3227966e-08
60670.49994212963,1.01907204e-07,2.6238066e-08
60677.49994212963,2.1982646e-07,4.2941622e-08
60684.49994212963,1.531835e-07,3.416424e-08
60691.49994212963,2.569455e-07,3.700442e-08
60698.49994212963,1.5814116e-07,3.414699e-08
60705.49994212963,1.299169e-07,2.8019455e-08
60712.49994212963,1.2350209e-07,3.13676e-08
60719.49994212963,1.6972773e-07,3.306391e-08
60726.49994212963,1.6172218e-07,4.068571e-08
60740.49994212963,1.0503725e-07,3.359064e-08
60747.49994212963,1.4330706e-07,2.9849115e-08
60754.49994212963,1.4534008e-07,2.888634e-08
60761.49994212963,1.1026903e-07,2.8997725e-08
60768.49994212963,8.762069e-08,3.111785e-08
60775.49994212963,9.98489e-08,2.6281082e-08
60782.49994212963,9.044844e-08,2.790052e-08
60789.49994212963,1.0694258e-07,2.7686886e-08
60796.49994212963,1.3894483e-07,2.2721101e-08
60803.49994212963,6.786147e-08,1.8596738e-08
60810.49994212963,1.1534035e-07,3.2049698e-08
60817.49994212963,8.695197e-08,2.5396599e-08
60824.49994212963,1.0462502e-07,2.4173437e-08
60831.49994212963,6.849682e-08,2.0024999e-08
60838.49994212963,8.751325e-08,2.0788226e-08
60845.49994212963,1.3097093e-07,2.7784225e-08
60852.49994212963,7.4295194e-08,2.414313e-08
60859.49994212963,1.2811307e-07,3.7496033e-08
60866.49994212963,1.16307675e-07,3.1638983e-08
60873.49994212963,1.2338059e-07,2.8677244e-08
60880.49994212963,1.0212243e-07,2.471366e-08
60887.49994212963,2.0450385e-07,7.9262065e-08
60894.49994212963,1.247818e-07,3.7112752e-08
60901.49994212963,2.293068e-07,4.5567898e-08
60908.49994212963,1.775572e-07,3.473755e-08
60915.49994212963,1.4839085e-07,3.407461e-08
60922.49994212963,1.4810418e-07,3.355261e-08
60929.49994212963,1.4943846e-07,2.5508408e-08
60936.49994212963,7.3438095e-08,3.2633885e-08
60943.49994212963,1.5474407e-07,3.366798e-08
60950.49994212963,1.8310882e-07,3.1058487e-08
60957.49994212963,1.4752125e-07,2.3881324e-08
60964.49994212963,1.17397036e-07,1.6943886e-08
60971.49994212963,1.02337154e-07,2.02163e-08
60978.49994212963,9.870309e-08,2.7378487e-08
60985.49994212963,1.5560678e-07,3.670306e-08
60992.49994212963,6.521257e-08,2.5016279e-08
60999.49994212963,1.2348058e-07,2.3939708e-09
61006.49994212963,1.6545697e-07,2.4442027e-08
61013.49994212963,1.4960548e-07,3.1381227e-08
61020.49994212963,1.20028e-07,8.183817e-09
61027.49994212963,1.202225e-07,2.8002171e-08
61034.49994212963,1.2343739e-07,2.862289e-08
61041.49994212963,1.4938976e-07,3.1873757e-08
61048.49994212963,2.1729144e-07,3.9559627e-08
61055.49994212963,3.0236308e-07,3.505057e-08
61062.49994212963,9.577636e-08,2.6690781e-08
