# ra : 49.05, dec : 41.25
# nhits : [0, 1, 2, 3, 4, 5, 6]
# delta : [0.89, 0.662, 0.498, 0.398, 0.332, 0.263, 0.196]
# max_zen : 50.0
name,mjd,n_on,n_bkg,n_off,tobs
2021-03-08_2021-03-14,59284.33328206009,"[29944.0, 3449.0, 334.0, 19.0, 5.0, 1.0, 0.0]","[29971.425224917297, 3389.023546691919, 339.64304454490406, 22.124008464501365, 5.446123514071324, 0.46589063743285125, 0.16077607077096387]","[935294766.0752586, 105738986.51563847, 10621747.030583717, 692535.8143159556, 169224.9512314647, 14343.27573047538, 4740.784531709059]",145422.9
2021-03-15_2021-03-21,59291.16655543972,"[11070.0, 1177.0, 136.0, 13.0, 2.0, 0.0, 0.0]","[10886.598925938817, 1249.646250298441, 123.00724278712586, 7.612207980314814, 1.993931083123057, 0.14999944081269492, 0.06901588734985568]","[327292958.6444035, 37586249.917695686, 3710521.937480127, 228228.9205679783, 61484.00704928896, 4493.903005325229, 2040.2487375471858]",67106.5
2021-03-22_2021-03-28,59298.16639849528,"[28267.0, 3119.0, 327.0, 15.0, 5.0, 0.0, 0.0]","[28250.251996840056, 3212.83471025643, 323.42296961720234, 21.236491641767266, 5.2136757890934105, 0.4109424506495368, 0.14302270679761206]","[822972476.3741263, 93642498.86967699, 9436440.126072435, 620237.271632982, 152407.9355805004, 11983.504630383019, 4551.181894092327]",147174.6
2021-03-29_2021-04-04,59305.16613796316,"[17505.0, 1960.0, 206.0, 13.0, 3.0, 0.0, 0.0]","[17518.53364613771, 2002.2323971813105, 204.24227378295566, 13.632248556125644, 3.1745180699555022, 0.28549425227386593, 0.07245712153730088]","[508118285.8010004, 57921616.19822733, 5920643.170477263, 395721.4142403705, 92838.90091178971, 8021.130478555905, 2130.0566669272084]",92575.7
2021-04-05_2021-04-11,59312.16602650478,"[30241.0, 3350.0, 323.0, 15.0, 6.0, 1.0, 0.0]","[30338.271332939377, 3360.7775489119826, 332.433813415775, 22.47731685855552, 5.365410984075466, 0.44157513456515635, 0.14518639015793894]","[974084931.758285, 108260215.54575886, 10726758.441411989, 724460.163792791, 175419.0189712813, 14587.078008429744, 4707.808742899184]",150686.8
2021-04-12_2021-04-18,59318.83206319419,"[12123.0, 1308.0, 130.0, 9.0, 2.0, 1.0, 0.0]","[12000.210385108865, 1337.2343494238708, 129.46918435755546, 8.403879255891878, 2.0537518829062016, 0.2482128575813164, 0.06746961399501089]","[323441806.5705492, 35966499.61911511, 3493874.536123346, 227001.63967752925, 55396.77314588068, 6371.158130939133, 1572.7116625256701]",69052.7
2021-04-19_2021-04-25,59326.32490347181,"[27806.0, 3071.0, 292.0, 19.0, 5.0, 0.0, 0.0]","[27932.9893640491, 3079.5767772814834, 302.711428842274, 19.458963614065294, 5.0379193179294655, 0.4409136174797507, 0.13418542070173475]","[852562787.735961, 94162791.37003902, 9275817.596607659, 601173.1257505699, 156048.63747850197, 13106.484391530408, 3815.0979977343895]",139132.3
2021-04-26_2021-05-02,59333.15840833324,"[37451.0, 4171.0, 438.0, 36.0, 7.0, 0.0, 0.0]","[37618.66650881457, 4151.530382896132, 410.8433037365695, 26.98159183228058, 6.759720766806924, 0.6454994980959913, 0.18428838424511457]","[1244094477.06448, 137176554.74580374, 13568090.915446553, 891710.5431999963, 224164.99436623222, 20954.426607299367, 5701.146344981643]",194222.2
2021-05-03_2021-05-09,59340.166622916775,"[33695.0, 3713.0, 367.0, 17.0, 6.0, 0.0, 0.0]","[33523.64581966419, 3679.896772971207, 352.52352091063585, 23.689764258221572, 5.952540930004704, 0.457035957224471, 0.15367240112861086]","[1138411236.1418421, 124711655.78004612, 11936234.217862843, 800191.9619506208, 202310.5056329884, 14750.177996988083, 5782.469322768404]",188568.9
2021-05-10_2021-05-16,59347.16690069436,"[38368.0, 4286.0, 386.0, 30.0, 4.0, 2.0, 0.0]","[38518.12083702551, 4204.8015516341275, 403.1293766975291, 26.408013209685716, 6.591525796929249, 0.5784644377426938, 0.15272552069774994]","[1306156259.0246937, 142612137.15538597, 13692361.39118258, 896337.4726141766, 222076.78143917254, 20947.462986270482, 5226.768218679118]",200406.1
2021-05-17_2021-05-23,59354.16703310164,"[31356.0, 3417.0, 341.0, 19.0, 5.0, 1.0, 0.0]","[31231.466774210498, 3427.896978684046, 324.0899426087245, 20.393063978915286, 5.1228573525136785, 0.3599378698512211, 0.14223173394256533]","[1009438409.3968872, 110713372.74932906, 10452680.711619984, 657483.1222520721, 166197.45931096855, 11537.803647737108, 4850.618188166661]",158523.7
2021-05-24_2021-05-30,59361.16682986069,"[32379.0, 3561.0, 363.0, 16.0, 3.0, 0.0, 0.0]","[32369.020055269444, 3533.328847521415, 334.01840787204355, 20.83547632611246, 4.707034615372731, 0.4533592260275552, 0.1612214678757796]","[1071864847.6787387, 117094885.8304506, 11067510.975848462, 688318.3580714109, 156978.1033567272, 14522.861231071905, 5078.208951798063]",171415.1
2021-05-31_2021-06-06,59368.16688032413,"[36124.0, 4028.0, 400.0, 23.0, 9.0, 0.0, 0.0]","[36227.96136569496, 4011.8409273732555, 383.2922468613791, 22.99011987931369, 5.919507806885095, 0.46077515655567436, 0.15953437728112158]","[1237160253.278958, 136974926.19420952, 13066505.165238563, 783355.874324452, 199584.6150949964, 16662.894881726697, 5775.009449985218]",201470.5
2021-06-07_2021-06-13,59375.16701273163,"[37081.0, 4043.0, 369.0, 33.0, 6.0, 0.0, 0.0]","[36969.94692884167, 4092.612388233403, 393.4741468309546, 24.486029217173655, 6.261135063334755, 0.4789180737052463, 0.11880587385152336]","[1279928175.9738405, 141577891.2789093, 13592362.98223035, 843233.6856631519, 214726.21962428454, 17249.277056335646, 4147.7355743944745]",203970.3
2021-06-14_2021-06-20,59382.16671944457,"[33617.0, 3578.0, 314.0, 24.0, 5.0, 0.0, 0.0]","[33391.07073065633, 3693.28882228596, 350.2351384102705, 20.595749031561542, 5.123970627501857, 0.40587692239625306, 0.12184588695540138]","[1144434812.229158, 126540289.60212684, 11990876.226711186, 702433.2639776901, 175602.3586995271, 14078.031781452959, 4556.87153820849]",189033.2
2021-06-21_2021-06-27,59389.16656782394,"[30005.0, 3240.0, 320.0, 19.0, 5.0, 0.0, 0.0]","[29951.24268174497, 3304.2257832049404, 312.49616114303996, 19.73896664296818, 4.846507464933333, 0.3428793178023612, 0.1379276378267506]","[992687501.6427029, 109112279.75522907, 10279550.717636414, 644996.3161113019, 157461.80610558085, 10644.994592760533, 4291.609884488711]",173811.2
2021-06-28_2021-07-04,59396.16681620365,"[36798.0, 4136.0, 399.0, 31.0, 8.0, 0.0, 0.0]","[36806.000365095526, 4089.1906882358644, 391.9178822670727, 24.509441018120288, 6.247426921708586, 0.44750211446367905, 0.1688086424165873]","[1255483061.31835, 139359329.9764623, 13336381.276494134, 833874.2755764116, 212975.09812828124, 16061.1037929754, 5737.26815367891]",201407.2
2021-07-05_2021-07-11,59403.16680162038,"[36266.0, 3965.0, 401.0, 26.0, 6.0, 1.0, 0.0]","[36398.10275517437, 4018.237410169284, 383.8534931803395, 24.585164871039634, 5.7297056578454795, 0.4869849082860146, 0.19298891115424557]","[1254678130.0062296, 138483151.6427739, 13217610.609090555, 847514.3571154143, 197172.34884594806, 16350.316628402152, 6157.941120878952]",197346.3
2021-07-12_2021-07-18,59410.16673958351,"[36246.0, 4029.0, 405.0, 28.0, 5.0, 1.0, 0.0]","[36175.06148662454, 3995.876534911434, 382.05806019799905, 24.0334366548254, 6.175589308551502, 0.44392283752432715, 0.16161381320436816]","[1209894613.6868322, 133637102.33827452, 12768681.076376347, 799012.7402867493, 206292.80278217653, 15188.776925726965, 5973.082691593433]",195410.8
2021-07-19_2021-07-25,59417.16679537053,"[25272.0, 2769.0, 282.0, 19.0, 4.0, 0.0, 0.0]","[25345.259139045455, 2803.807677736962, 269.9022914618129, 17.172075910370317, 4.103437720909348, 0.30899060156677, 0.09997789133494195]","[799105688.734326, 88388034.64911985, 8484804.241989113, 538317.002782402, 129388.09050951083, 9673.02310260897, 3152.2704831466367]",154267.5
2021-07-26_2021-08-01,59424.16695729188,"[10175.0, 1159.0, 103.0, 5.0, 3.0, 0.0, 0.0]","[10277.337145150184, 1136.1214214850183, 105.34093777592726, 6.749331002837416, 1.721166209579729, 0.16353067456721226, 0.03449767621118371]","[320435463.5510567, 35385383.44885309, 3289653.7531838077, 208385.83108679162, 54031.04859221138, 4425.713881171938, 1134.2211192612485]",63154.3
2021-08-02_2021-08-08,59431.16673773149,"[34000.0, 3781.0, 364.0, 25.0, 6.0, 1.0, 0.0]","[34130.91121675499, 3799.964607535796, 365.8650555322581, 22.91437876725473, 5.826087367852772, 0.5032872263101821, 0.19642809871410707]","[1160902193.1883678, 129185701.62606135, 12423839.218545636, 776315.3857287525, 196139.56872052627, 18187.07021106869, 6267.302315979982]",187843.5
2021-08-09_2021-08-15,59438.16700601812,"[36612.0, 4046.0, 426.0, 22.0, 8.0, 1.0, 0.0]","[36880.664813364754, 4077.3273805699178, 393.4451885334855, 24.782073901032167, 6.207133514571087, 0.42270180257065065, 0.1558138807716475]","[1263304969.3052201, 139628680.18482414, 13464007.414318115, 849019.0516342155, 212360.9017528724, 14684.59543189021, 5459.664367990011]",202282.5
2021-08-16_2021-08-22,59445.16691111219,"[37197.0, 4018.0, 418.0, 37.0, 10.0, 0.0, 1.0]","[37271.583632776594, 4156.234657482738, 395.8954109746327, 24.920928506045204, 6.264325582101924, 0.44406187821422244, 0.18145888291875223]","[1277214780.6527014, 142357934.54135934, 13556452.686622476, 852335.4389224178, 214506.6075686474, 15281.107655757409, 6202.89060240762]",202832.2
2021-08-23_2021-08-29,59452.16672245379,"[37539.0, 4166.0, 414.0, 21.0, 6.0, 3.0, 0.0]","[37684.16758436915, 4157.675444175169, 397.97888726487747, 24.97655294245242, 6.252316215494973, 0.5409488240927776, 0.21230910174566614]","[1272744320.7727127, 140236178.06903598, 13409376.475342525, 838919.8174725388, 210954.99386052927, 17062.361118276334, 6711.107688970774]",203111.8
2021-08-30_2021-09-05,59459.16678854192,"[37551.0, 4114.0, 369.0, 35.0, 4.0, 1.0, 0.0]","[37295.62306642275, 4153.534758337944, 399.1067194046241, 26.822236362507272, 6.5422257219225175, 0.5361353186402749, 0.23203076258599523]","[1282972362.5323777, 142819414.04741627, 13714402.898956437, 919489.7895149229, 225229.3283142013, 19323.067228057003, 7536.967300770893]",203870.9
2021-09-06_2021-09-12,59466.167044907554,"[36591.0, 4068.0, 375.0, 18.0, 5.0, 1.0, 1.0]","[36722.47028272083, 4073.3908381773103, 392.3137010330659, 25.024059844124352, 6.679024211034526, 0.568444942118938, 0.21493473865159374]","[1240079390.6766918, 137474473.1360577, 13246353.062936155, 844836.040788753, 226202.2780468883, 18695.002634941146, 7825.225383885152]",203373.1
2021-09-13_2021-09-19,59473.16697187504,"[36671.0, 4034.0, 380.0, 23.0, 4.0, 1.0, 0.0]","[36670.27293491299, 4042.7983696737806, 385.2045245584927, 25.116143141338814, 5.775869436562417, 0.455448571888488, 0.16752818937179076]","[1197802717.2206526, 132025083.22295286, 12591117.9011371, 819374.5511686417, 189440.70480645652, 15116.021823554356, 5134.818751171705]",192464.0
2021-09-20_2021-09-26,59480.166958217735,"[30588.0, 3509.0, 364.0, 22.0, 2.0, 2.0, 0.0]","[30701.715923178057, 3445.706965348525, 339.5260872182064, 21.775998574482298, 5.66536189294923, 0.4802454564109435, 0.1705936912811848]","[974187648.6725171, 109330689.22250818, 10764308.575976588, 691219.9409081975, 178032.00945275213, 15047.979685843127, 5190.644837763177]",171997.1
2021-09-27_2021-10-03,59487.24986284722,"[34390.0, 3887.0, 354.0, 21.0, 7.0, 1.0, 0.0]","[34574.87639919114, 3869.159527139787, 380.3379207568856, 24.496583165087706, 6.564581429598738, 0.512731805059077, 0.148029198516188]","[1181287843.8832207, 132162478.30982263, 12984366.111048153, 836578.8378331522, 222921.63942727254, 17112.223110070947, 5024.408155247731]",190789.1
2021-10-04_2021-10-10,59494.25005740744,"[32633.0, 3770.0, 374.0, 21.0, 4.0, 0.0, 0.0]","[32570.66878273624, 3633.691894088811, 358.03816327360056, 22.660962848039905, 5.470625632626676, 0.5075586594922009, 0.19284941738961908]","[1119530262.6408927, 124932121.81410922, 12298548.42448435, 776807.8260203046, 188005.92045780143, 17105.632646814363, 6471.929202132693]",176236.0
2021-10-11_2021-10-17,59501.16663148133,"[36943.0, 4207.0, 406.0, 25.0, 7.0, 0.0, 0.0]","[36961.741250514664, 4146.465061082267, 404.10477088680625, 27.08268964078669, 6.766814692494586, 0.5176804497433811, 0.18166561720894078]","[1250698485.194599, 140139224.63301674, 13641614.792115252, 912959.1021083444, 227388.04629084448, 17606.25925995877, 6517.17498343747]",204431.7
2021-10-18_2021-10-24,59508.16666423631,"[37464.0, 4136.0, 474.0, 32.0, 3.0, 0.0, 0.0]","[37530.3323539394, 4183.002262923295, 408.50596370407914, 26.767274890087005, 6.323710488437324, 0.5364561518850819, 0.18582136779550856]","[1268653035.6345332, 141155329.80993044, 13781007.941302074, 907382.2070121387, 215396.04253898383, 17978.792169387023, 6360.911084895323]",204796.3
2021-10-25_2021-10-31,59515.1669280092,"[37632.0, 4157.0, 404.0, 31.0, 5.0, 1.0, 0.0]","[37656.75521825559, 4229.631641432466, 411.02417588756975, 27.52451168988188, 6.4765364040361, 0.5605721890050664, 0.2577317927633563]","[1286712984.6488748, 144544711.1397033, 14049666.26738182, 939721.1043289225, 222020.87470548012, 19423.703349794483, 8153.754462275139]",205558.7
2021-11-01_2021-11-07,59522.1668252314,"[34122.0, 3843.0, 391.0, 28.0, 12.0, 0.0, 0.0]","[33877.79877401311, 3831.3285193269307, 382.9791379890141, 25.226144643338035, 6.447028946444563, 0.5279152188818601, 0.16845404438834033]","[1165067020.927487, 131630840.43121558, 13141390.906303572, 862205.4667896254, 220234.28456887515, 18048.54786315677, 5831.387307086263]",187882.4
2021-11-08_2021-11-14,59529.16671238424,"[38820.0, 4338.0, 458.0, 30.0, 11.0, 3.0, 0.0]","[38605.81142786995, 4351.102881271743, 428.37826532492403, 28.01376911512105, 7.143775196534653, 0.6067312613786598, 0.1634297325924356]","[1333699523.2122405, 150288766.1883196, 14811590.943632536, 964003.9884533898, 247435.2582419319, 21111.41672704334, 5493.922574134234]",205498.5
2021-11-15_2021-11-21,59536.16684085637,"[38873.0, 4375.0, 411.0, 33.0, 6.0, 2.0, 0.0]","[38728.55425153675, 4346.389179688741, 420.6768309528837, 27.42916975241275, 7.347885646464205, 0.5179786708673257, 0.15925583067580973]","[1299387192.1381314, 145792161.72268757, 14107718.368535176, 921839.473879372, 245966.26772971314, 17638.716801548166, 5708.57877413301]",198252.3
2021-11-22_2021-11-28,59543.166822106185,"[37978.0, 4266.0, 449.0, 23.0, 9.0, 1.0, 1.0]","[38317.79744199118, 4283.830455350018, 423.50667998402474, 28.10426828040144, 7.3516159563122105, 0.6043132454052463, 0.20405723187584682]","[1327048887.9874194, 148320536.9714182, 14643031.47457723, 972490.001323861, 254898.05803779632, 20096.25989307446, 6933.876858825127]",205635.5
2021-11-29_2021-12-05,59550.16697291678,"[37674.0, 4279.0, 421.0, 20.0, 5.0, 1.0, 0.0]","[37739.535559690026, 4200.61065787854, 412.49468997231907, 26.601714983830338, 7.1133476079456575, 0.5951931792989874, 0.21139135564523356]","[1298953979.5945919, 144453652.13759843, 14190852.48722049, 913918.9237679158, 244646.5266925675, 19955.162385506268, 7013.666047940196]",204501.3
2021-12-06_2021-12-12,59557.16690509248,"[38597.0, 4252.0, 406.0, 36.0, 5.0, 1.0, 0.0]","[38719.55804438275, 4343.779886343036, 430.6954237523444, 28.04765313650814, 7.565057122071906, 0.6182649035491748, 0.2362096150337255]","[1339991335.7778585, 150243588.35706797, 14875090.287131984, 966771.0368670186, 261385.6979374822, 20123.09901233692, 8146.59610077246]",205525.7
2021-12-13_2021-12-19,59564.166788194445,"[38994.0, 4318.0, 437.0, 30.0, 7.0, 1.0, 0.0]","[39061.941009104, 4369.335780947878, 430.6288390177755, 28.47036010909736, 6.923793919349029, 0.6459018533904032, 0.1296577606748942]","[1353400064.4548867, 151326423.32466486, 14894545.005773835, 983710.127814335, 241581.17014208765, 22757.453214057354, 4989.39381092327]",201199.2
2021-12-20_2021-12-26,59571.16683148157,"[39198.0, 4300.0, 376.0, 22.0, 5.0, 0.0, 0.0]","[39473.85922967582, 4420.01685830901, 437.1482444927876, 29.20381691688504, 7.523184872945976, 0.6296246296480966, 0.2652243498728929]","[1366794833.2888188, 152941409.24474663, 15107839.0155595, 1006607.1597124583, 259822.83737503213, 21793.354656058826, 8594.936516872474]",205533.4
2021-12-27_2022-01-02,59578.16677905083,"[35153.0, 3947.0, 424.0, 26.0, 7.0, 0.0, 1.0]","[35279.85138008249, 3945.5602548213033, 392.5725974827604, 26.161851209322254, 6.930126762010441, 0.6199162199166875, 0.1910086363752026]","[1153051342.5607884, 129029227.8200591, 12824306.153919248, 856671.5840128706, 225087.03264099194, 21237.812803746245, 6827.929163779337]",190617.7
2022-01-03_2022-01-09,59585.16683425926,"[38587.0, 4305.0, 411.0, 18.0, 10.0, 1.0, 0.0]","[38731.175233359216, 4333.085182122226, 429.02680363775943, 28.662887720519656, 7.321370075363145, 0.5887800530168654, 0.23143360581087605]","[1338267854.242496, 149600546.09395534, 14812112.805482542, 989843.1662981554, 253476.07610318527, 20606.298286569876, 7582.134228961456]",205498.7
2022-01-10_2022-01-16,59592.16679201393,"[39059.0, 4404.0, 406.0, 24.0, 5.0, 0.0, 0.0]","[39178.60517132503, 4353.00111048431, 432.6330128526086, 28.25207094097482, 7.1177100593436675, 0.49745845671858036, 0.18684093824680476]","[1354349354.6891954, 150415917.99451265, 14948400.561084263, 977846.7175640006, 245546.15374669954, 17494.559629915577, 6677.941228105822]",205697.4
2022-01-17_2022-01-23,59599.16700868019,"[38277.0, 4229.0, 394.0, 31.0, 4.0, 1.0, 1.0]","[38303.32037393347, 4250.205872800277, 418.92079467220486, 28.071737710818265, 6.920467568664322, 0.664066148723327, 0.2214043343782777]","[1306703970.589125, 144927587.91818437, 14261271.876380049, 956281.176461653, 236977.92161154453, 22703.573510724284, 7335.4664152242785]",193945.7
2022-01-24_2022-01-30,59606.16685833294,"[39638.0, 4261.0, 400.0, 29.0, 6.0, 2.0, 0.0]","[39384.64955485838, 4365.964882370891, 425.06999928128937, 27.897711994939865, 7.110048348292096, 0.635577313388981, 0.18079872603049]","[1343879056.6489909, 148951237.08569238, 14497847.835846122, 951883.7957163109, 243168.80192073766, 21941.77903230633, 6386.880075828626]",202837.3
2022-01-31_2022-02-06,59613.16693032354,"[39344.0, 4437.0, 443.0, 24.0, 12.0, 1.0, 0.0]","[39463.544802020966, 4402.398044365448, 430.32358905821206, 28.245904482737895, 7.5005717487240755, 0.6280558459355656, 0.24272192475068619]","[1353875599.4234354, 151031724.12691924, 14762974.258892715, 971320.621927409, 258465.41760844138, 21018.78551871985, 8353.6399453477]",202485.8
2022-02-07_2022-02-13,59620.16686990748,"[39790.0, 4422.0, 439.0, 24.0, 9.0, 1.0, 0.0]","[39874.018693011865, 4427.157816436691, 435.3788449283771, 28.679396018734266, 7.29242167694588, 0.8013959782538705, 0.21481816544213678]","[1372142075.1108913, 152268607.43304682, 14974742.03843094, 990153.1236036639, 250703.27905402248, 27103.18359815306, 7292.242515991236]",201612.3
2022-02-14_2022-02-20,59627.16690486121,"[17418.0, 1950.0, 199.0, 12.0, 2.0, 0.0, 0.0]","[17192.031347164775, 1985.606660529111, 195.20935092570875, 12.689219205572753, 3.422234831732553, 0.24863983996229388, 0.09033945532565008]","[578372938.7895875, 66822218.51698862, 6565109.947871749, 426958.86082526547, 115108.79003140405, 9212.925461735585, 3135.215418064563]",107233.3
2022-02-21_2022-02-27,59634.16683993064,"[28879.0, 3176.0, 329.0, 14.0, 3.0, 0.0, 0.0]","[29117.370576175104, 3215.7164120141915, 309.5121000802146, 20.53466109634457, 5.091150999939228, 0.4997803082595176, 0.14385927571608756]","[995760169.2021401, 110079778.09045382, 10595735.615629943, 704699.003976664, 174460.12524933435, 16688.18681662061, 4704.404360530219]",158945.2
2022-02-28_2022-03-06,59641.166850115726,"[38542.0, 4233.0, 365.0, 30.0, 10.0, 0.0, 0.0]","[38362.03099703477, 4224.986998232906, 408.9468768167879, 25.78554614100738, 7.06799604834695, 0.5816978977116812, 0.21111322620789771]","[1313880705.789066, 144773317.97014034, 14029801.808583612, 886529.8488594494, 243419.84882511364, 20251.458603146486, 6901.110084510682]",204000.1
2022-03-07_2022-03-13,59648.16671736075,"[31723.0, 3422.0, 344.0, 15.0, 4.0, 3.0, 0.0]","[31962.34497647574, 3459.319319774689, 321.63356002735514, 20.442334405022507, 5.281083366277491, 0.327212324532562, 0.14389879936517952]","[1070251651.4336228, 115713698.77562511, 10763374.489117743, 685867.5209541941, 177895.7844716795, 11510.073480543435, 5492.538757124335]",178581.0
2022-03-14_2022-03-20,59655.16690104192,"[36653.0, 3782.0, 371.0, 22.0, 7.0, 2.0, 0.0]","[36886.61075813291, 3967.944876552801, 368.08640888766064, 22.83351194929647, 5.828116603929268, 0.4713291306637429, 0.21618797560412428]","[1257966985.6804104, 135257650.49037752, 12566763.644182067, 781436.7978896038, 199748.20934765408, 16642.764198845067, 6991.938651155401]",203935.6
2022-03-21_2022-03-27,59662.16696226853,"[37244.0, 3968.0, 349.0, 18.0, 3.0, 2.0, 0.0]","[37499.34547092026, 4019.407261053216, 372.1339349572017, 23.666719572952726, 5.791526080365159, 0.45991375083604913, 0.22545830516899915]","[1275457572.9787147, 136839405.00846243, 12692417.161479758, 807898.6566062375, 198040.9397780707, 15713.184944051043, 6996.40011160075]",203944.4
2022-03-28_2022-04-03,59669.166778935,"[33018.0, 3601.0, 317.0, 24.0, 7.0, 0.0, 0.0]","[33111.21237144814, 3530.2695723299857, 326.7321660302019, 20.599808254055336, 5.021657986497346, 0.5874774540440076, 0.17395603959660125]","[1122665211.8269117, 119757942.67194217, 11103913.835801035, 700801.0639216722, 171306.65612179984, 19196.845535279095, 5541.52179077415]",187678.7
2022-04-04_2022-04-10,59676.16661817132,"[21173.0, 2317.0, 219.0, 8.0, 2.0, 0.0, 0.0]","[20904.961171069164, 2223.9373245478178, 204.6376517103781, 13.174569698875919, 3.547798118190663, 0.35740567427063125, 0.05744445435718707]","[685872484.2506877, 72657127.88190989, 6683003.222191594, 428010.58139579085, 114694.57212045448, 11854.48105018072, 1946.859936448117]",147117.3
2022-04-11_2022-04-17,59683.16650127327,"[35204.0, 3735.0, 356.0, 15.0, 8.0, 0.0, 1.0]","[35037.373899164435, 3668.5448671553195, 331.6322482751958, 19.683733668636897, 5.530335923577802, 0.4911120387432238, 0.1581311481943167]","[1198446330.7568471, 125441997.40770009, 11343255.010451708, 674665.3828381237, 189110.31374928978, 16397.345403660103, 5383.409316762292]",203888.9
2022-04-18_2022-04-24,59690.16679131911,"[31574.0, 3478.0, 332.0, 20.0, 8.0, 0.0, 0.0]","[31377.595111969775, 3343.0131652482523, 303.81933608233567, 18.714311260268136, 4.898898072593672, 0.38269802126723984, 0.16024359557740833]","[1074093688.191726, 114593885.22623703, 10446975.643877927, 646726.9353761426, 169870.699008279, 13322.61983100907, 5208.451637974997]",181544.0
2022-04-25_2022-05-01,59697.16674571783,"[15832.0, 1734.0, 167.0, 7.0, 2.0, 0.0, 0.0]","[15713.967957456007, 1717.8576486488673, 164.7707514386239, 9.840184874622908, 2.581709527800306, 0.2432383999694771, 0.037903613545999686]","[537330569.0726656, 58726825.76542434, 5631625.530522759, 335189.9943478769, 88507.98893455406, 8456.233572009445, 1700.0466481151725]",89943.6
2022-05-02_2022-05-08,59704.16650463019,"[31363.0, 3577.0, 345.0, 32.0, 4.0, 2.0, 0.0]","[31374.72868647592, 3585.318531310624, 351.14227874015876, 23.17617112458654, 5.81478924768463, 0.5215983630081461, 0.11496234371561465]","[1082047731.8843946, 123642380.76294194, 12115451.224946193, 799593.3061235105, 200668.435971808, 18676.32991408439, 4653.010330495254]",183267.7
2022-05-09_2022-05-15,59711.16671157407,"[35752.0, 4085.0, 408.0, 29.0, 6.0, 0.0, 1.0]","[35726.544871002865, 4030.948352332363, 387.4558229949236, 24.28506719344577, 5.753020531043835, 0.5218724044645277, 0.16027532183147628]","[1220949077.66521, 137803187.25640452, 13244052.150497105, 832109.6779539464, 196507.63629204678, 16683.11981692616, 5985.937648782703]",192737.3
2022-05-16_2022-05-22,59718.16637986089,"[21736.0, 2488.0, 254.0, 21.0, 4.0, 0.0, 0.0]","[21657.28139334084, 2495.633281200183, 243.45175499485063, 15.851122022312373, 3.669978382346792, 0.1880642449753596, 0.0688798799625051]","[739791669.0246494, 84988155.7303455, 8296365.343787111, 538306.8884735302, 124825.87458889226, 6672.745037903092, 2556.966893058921]",126354.6
2022-05-23_2022-05-29,59725.16671539346,"[26908.0, 3014.0, 310.0, 19.0, 6.0, 1.0, 0.0]","[26850.348762926646, 3035.1551911976435, 289.26528609141775, 17.983626298618795, 4.443068311518169, 0.38249601370553515, 0.09999337361430327]","[923006999.10479, 104141605.5264849, 9907589.2729709, 612632.1311298024, 152794.77867988768, 12821.545965595493, 3045.996846857096]",151616.6
2022-05-30_2022-06-05,59732.16694317115,"[36753.0, 4243.0, 412.0, 27.0, 6.0, 0.0, 1.0]","[37059.63910133315, 4216.80794167451, 406.95619810259285, 24.845271036715047, 5.697390533740477, 0.5059294148534271, 0.16203837076379407]","[1259326454.7737446, 143195851.4637403, 13801616.567411838, 839766.1882287739, 194106.8727910131, 15843.405792235011, 5721.022753272815]",203349.7
2022-06-06_2022-06-12,59739.16687361122,"[36526.0, 4180.0, 412.0, 30.0, 7.0, 0.0, 1.0]","[36717.60660431703, 4197.907330637152, 408.63675918365504, 25.291329764107413, 5.956663589096699, 0.3975135133261529, 0.18924174842251007]","[1256652640.1654365, 143493615.6857781, 13946833.746366926, 862315.239405752, 201976.6375733667, 13101.869997104803, 6047.102485869388]",204062.3
2022-06-13_2022-06-19,59746.1670091434,"[35373.0, 4109.0, 396.0, 29.0, 3.0, 2.0, 0.0]","[35400.635242066375, 4055.7341474130535, 398.4676060473051, 25.86945504433826, 6.032798697063244, 0.5798483946440207, 0.19750446123776622]","[1211523539.108659, 138709784.1128744, 13615832.178903678, 882294.8713783558, 204753.7950926292, 19403.62516546942, 7139.195899311368]",192396.3
2022-06-20_2022-06-26,59753.167018634485,"[16455.0, 1955.0, 177.0, 7.0, 5.0, 1.0, 0.0]","[16613.497400696364, 1897.9115255342435, 183.47894482203486, 11.151583097870619, 2.788593825923965, 0.1920420287067276, 0.06686858983932206]","[571813259.2402513, 65263967.84301366, 6294920.085231836, 382258.90832015657, 96185.00029593626, 6603.494595506327, 2320.314531192172]",104429.6
2022-06-27_2022-07-03,59760.16680532409,"[12498.0, 1430.0, 145.0, 4.0, 2.0, 0.0, 0.0]","[12627.395347785545, 1426.7888229041027, 137.8080951771388, 8.699573951495998, 2.4435902956267683, 0.16861807969082387, 0.06040018195893449]","[371970453.5988193, 42088361.3234079, 4075432.0013723844, 256853.0073862314, 72380.10719778936, 5360.515316722179, 1769.9938548190287]",83994.4
2022-07-04_2022-07-10,59767.16666122664,"[33205.0, 3756.0, 345.0, 19.0, 5.0, 1.0, 0.0]","[32953.61388694248, 3819.0301405324462, 379.25079042543797, 23.646371097856623, 5.689033699115919, 0.5158163100616303, 0.20815963340549617]","[1098505946.7813296, 127165473.27462055, 12610414.766138904, 786626.1113312228, 188092.1323120356, 17159.402556122182, 7086.497630591613]",193116.8
2022-07-11_2022-07-17,59774.16690879582,"[34864.0, 4108.0, 389.0, 24.0, 9.0, 0.0, 0.0]","[34975.46854758662, 4030.1595915811067, 397.2555108938016, 25.718808719644162, 5.816047331925891, 0.4518949101565195, 0.15490794042560188]","[1180823333.4501376, 136200528.9145622, 13406743.954092467, 867795.878150209, 197092.80027019812, 14911.16840244312, 5212.890854846766]",193936.1
2022-07-18_2022-07-24,59781.1668662036,"[34420.0, 3935.0, 394.0, 35.0, 5.0, 1.0, 0.0]","[34583.87905628676, 3963.748987390187, 389.97695339371217, 24.280400563710348, 5.687452376110273, 0.46703357958764924, 0.1260344931430409]","[1180619341.656319, 135183139.04938555, 13285247.647188202, 825766.5156971167, 193605.94924110608, 15899.93350889991, 4633.596449266658]",199007.4
2022-07-25_2022-07-31,59788.16675636565,"[36031.0, 4074.0, 420.0, 21.0, 7.0, 2.0, 0.0]","[35592.78716736322, 4061.389365476123, 399.35684681866053, 25.187544909992994, 6.5082183337677355, 0.5198888575696995, 0.2385224988618272]","[1204264082.07421, 137391792.2594779, 13482534.959145606, 851354.6271774137, 218700.7327908455, 16016.038532295071, 7806.419282879886]",196978.2
2022-08-01_2022-08-07,59795.16681076432,"[33353.0, 3899.0, 397.0, 22.0, 3.0, 0.0, 0.0]","[33364.260965283596, 3845.7031750543647, 374.873302298782, 23.989005579663456, 5.798953110339251, 0.46092934941790115, 0.22291946401136037]","[1152884922.3611984, 132811663.9833933, 12922783.757842647, 826893.4081268986, 201112.8042942572, 15751.467399995126, 7434.67923565567]",189619.8
2022-08-08_2022-08-14,59802.166529745205,"[36211.0, 4082.0, 408.0, 18.0, 3.0, 0.0, 0.0]","[35975.53930262353, 4117.984835145564, 402.065950978986, 25.759141617400317, 6.232227810937948, 0.5595031231979122, 0.17665870373805256]","[1198575347.404315, 137088127.23451453, 13379302.36279513, 855033.2049788379, 208256.75882529662, 18298.3039273226, 6359.446382422788]",196220.0
2022-08-15_2022-08-21,59809.16680590272,"[36581.0, 4023.0, 433.0, 35.0, 11.0, 0.0, 0.0]","[36383.72390183762, 4164.432002709667, 407.72733152594685, 25.9625858951393, 6.377532482419427, 0.420463896422985, 0.1955245319989006]","[1226486210.1688519, 140251635.7436363, 13716208.343567003, 872774.6500660026, 214078.83884581854, 14612.866721865674, 6261.316982447235]",200178.9
2022-08-22_2022-08-28,59816.16690625,"[35111.0, 4058.0, 411.0, 36.0, 5.0, 0.0, 0.0]","[35627.556455495986, 4045.686248602511, 390.7567186973921, 23.985466921544575, 5.752708829441882, 0.4742085202087858, 0.18571206172696547]","[1206304859.5070584, 136951833.61674714, 13219958.360101448, 811960.2142351803, 194000.8256723216, 15141.838410780949, 6132.276098857563]",195169.1
2022-08-29_2022-09-04,59823.14737326394,"[36833.0, 4238.0, 390.0, 29.0, 6.0, 1.0, 0.0]","[36649.982643305644, 4193.267873108319, 404.01723001977604, 24.77222209226191, 6.0517179356950965, 0.5590868435853246, 0.17231301631095097]","[1238968982.7507885, 141567054.32851002, 13639329.950312072, 836603.363678854, 204604.36346931302, 18945.115451386402, 6541.898681628675]",203583.2
2022-09-05_2022-09-11,59830.14744907413,"[31235.0, 3538.0, 371.0, 20.0, 6.0, 3.0, 0.0]","[31602.711276970364, 3668.0798735535514, 366.57076749421424, 22.930560417027408, 5.9376201979179655, 0.519871294206612, 0.19843875854145157]","[1067365565.1077583, 123832654.23015355, 12362359.529052777, 772951.9306375431, 201703.12329562652, 17967.135734117608, 6234.645179656016]",188583.6
2022-09-12_2022-09-18,59837.1668284719,"[31517.0, 3579.0, 379.0, 21.0, 6.0, 1.0, 0.0]","[31386.195406976327, 3623.708345461821, 357.9053866035126, 22.708224419337125, 5.663798206980646, 0.430228094599985, 0.12525961217723963]","[1066463897.8157662, 123179581.90354194, 12156904.6834447, 770645.3679678799, 190866.02318735665, 14542.443617374249, 4003.945595513479]",174723.8
2022-09-19_2022-09-25,59844.16651377377,"[33405.0, 3802.0, 376.0, 30.0, 5.0, 0.0, 0.0]","[33155.04927986328, 3826.897081960503, 378.5981433390638, 23.91153188556096, 5.7473443216553886, 0.5223577888729464, 0.15213133878178153]","[1118227955.4206939, 129102265.38387142, 12776217.913853824, 805838.0185555401, 192728.72922751214, 17318.546756036594, 4849.393940635591]",187971.2
2022-09-26_2022-10-02,59851.1669710641,"[30512.0, 3579.0, 349.0, 26.0, 6.0, 1.0, 0.0]","[30813.599045875457, 3535.396030011299, 347.9378039549588, 22.400332105244527, 5.6507244507616665, 0.400819140784601, 0.11654858969159475]","[1052030099.8887564, 120664585.55798776, 11872698.943091199, 762259.5673356329, 191134.54387292836, 13804.083143316278, 4265.628530375757]",175131.0
2022-10-03_2022-10-09,59858.16684722263,"[35775.0, 4167.0, 410.0, 20.0, 10.0, 1.0, 0.0]","[36052.19294184109, 4161.618436734159, 411.0768874972056, 25.98246957050003, 6.4973004215039785, 0.6485282925886992, 0.15292902532072672]","[1242966758.6891072, 143407973.05661187, 14141743.377878804, 895054.7589739665, 224221.50394228674, 23180.561425355227, 5715.249378256301]",205509.5
2022-10-10_2022-10-16,59865.16683425795,"[36215.0, 4169.0, 386.0, 21.0, 11.0, 0.0, 0.0]","[36267.49733435123, 4195.533125700997, 417.95582132506337, 27.040089721734837, 6.605590324531363, 0.5541168775017586, 0.19074822351417367]","[1245470622.036932, 144064672.99426812, 14346826.414363652, 926262.415736933, 227176.2997138249, 19281.0243406224, 6633.632684299071]",205531.6
2022-10-17_2022-10-23,59871.978755787066,"[35592.0, 4205.0, 454.0, 30.0, 17.0, 0.0, 0.0]","[35863.76275045939, 4181.464810191197, 425.5436823616934, 27.897772024364897, 7.275581114922953, 0.6717353742471475, 0.16587555729102427]","[1237588582.2320607, 144252107.748276, 14665591.155654447, 960842.6778377255, 251604.86525616382, 23177.7383409655, 5955.4571912678275]",199864.0
2022-10-24_2022-10-30,59879.2502747682,"[32232.0, 3749.0, 372.0, 29.0, 4.0, 0.0, 1.0]","[32193.711642813265, 3759.680241758735, 377.21002411038245, 25.183811687804884, 5.89159613826893, 0.5067436896599405, 0.16582352673596512]","[1107996612.3519022, 129426025.42828554, 12990078.52016054, 869401.0349438984, 203116.37064390167, 17012.216729902153, 6115.060294028103]",191112.5
2022-10-31_2022-11-06,59886.16695219893,"[36347.0, 4272.0, 453.0, 26.0, 8.0, 1.0, 0.0]","[36338.04129383076, 4225.415278259084, 424.5186033053058, 28.465118028575166, 6.979369925060013, 0.5975464454496057, 0.17233989588168092]","[1254071507.6296904, 145768752.39953765, 14641401.723902382, 981068.7055313723, 241122.3823036217, 20384.826337652223, 5694.667546237275]",205494.2
2022-11-07_2022-11-13,59893.16699583343,"[36698.0, 4275.0, 448.0, 18.0, 6.0, 1.0, 0.0]","[36856.046410643765, 4261.84468568205, 430.70179271311906, 28.296475251405507, 6.804617025340628, 0.6520329576587995, 0.22437045252056603]","[1274850933.669973, 147359336.2320431, 14876696.642151665, 971252.1036275948, 235352.05515524032, 22065.96324454154, 7848.461887493312]",205706.5
2022-11-14_2022-11-20,59900.16687060168,"[37457.0, 4336.0, 450.0, 30.0, 7.0, 1.0, 0.0]","[37409.32079282314, 4325.656338946976, 435.99683582445925, 27.49266338911097, 7.32648746611449, 0.6835805092910702, 0.20291917114542996]","[1288918176.249628, 148995798.0303804, 15009391.175092839, 943919.5610759739, 251718.81140633984, 23613.778883922212, 7277.636117878533]",204620.0
2022-11-21_2022-11-27,59907.16699351847,"[37669.0, 4277.0, 445.0, 40.0, 5.0, 2.0, 0.0]","[37706.113790842006, 4338.022335930793, 432.36682493693036, 27.76473312619933, 7.241526059382291, 0.5903759579731385, 0.22935491051518267]","[1307363847.9174793, 150404710.68917075, 14976674.60344216, 963697.2688234912, 250145.025872013, 20716.530063938215, 7907.048105215458]",205572.1
2022-11-28_2022-12-04,59914.166677777845,"[37854.0, 4347.0, 451.0, 30.0, 8.0, 2.0, 0.0]","[37662.95109738534, 4349.571383674053, 433.96348758936927, 27.947128443097984, 7.161750906635263, 0.6061398782769594, 0.22351293244734846]","[1302917118.3709278, 150403199.13752308, 14984624.939287707, 963706.0217353962, 246602.61454254002, 20324.58286281451, 7583.442065779052]",204601.6
2022-12-05_2022-12-11,59921.166612731264,"[37826.0, 4373.0, 463.0, 29.0, 7.0, 2.0, 0.0]","[37609.34328361835, 4338.853554219357, 431.14873849154515, 27.421363984034873, 6.7460496102296315, 0.5600641857661696, 0.19840544570227023]","[1288051998.8392825, 148496395.40518555, 14732971.500511553, 935875.0452258463, 231261.2294047385, 19773.6131377558, 6348.076459904796]",201207.7
2022-12-12_2022-12-18,59928.16688993055,"[38578.0, 4473.0, 452.0, 23.0, 11.0, 0.0, 0.0]","[38219.47906196967, 4402.014066257985, 440.93796421895775, 28.873323021403195, 7.325116020633836, 0.5723740904316028, 0.2041768054307876]","[1325284738.721431, 152519244.25185987, 15279364.112922229, 997668.7000663944, 252599.2010975509, 20299.432975668413, 7364.0205122262405]",205571.3
2022-12-19_2022-12-25,59935.16690578736,"[38770.0, 4463.0, 411.0, 34.0, 4.0, 0.0, 0.0]","[38414.539898111136, 4427.346699646417, 442.5796468361376, 28.86070081082047, 7.154850379634289, 0.5714149121473007, 0.1937892487326775]","[1299857152.7767408, 149912833.32948557, 15001251.013820799, 976992.1309969861, 242387.27922306914, 19088.72514796545, 6040.268352865911]",198592.8
2022-12-26_2023-01-01,59942.16682083384,"[37386.0, 4398.0, 442.0, 25.0, 6.0, 0.0, 0.0]","[37200.15552552365, 4318.644071945078, 436.0802419615602, 28.5612404650723, 7.8153968190486784, 0.6787004568116739, 0.2068849847421805]","[1242785615.2515357, 144331463.48406932, 14561732.771457944, 955403.4426773511, 261377.91383408778, 23201.222081978976, 6593.666231430739]",193636.2
2023-01-02_2023-01-08,59949.16686342559,"[37165.0, 4270.0, 442.0, 27.0, 2.0, 1.0, 0.0]","[36513.494419266644, 4263.338869305434, 433.711669459894, 28.55865511387558, 7.150319618920127, 0.5138033053221774, 0.2183096037354574]","[1251675954.0373416, 146061306.58029756, 14868901.198312972, 976761.6777917726, 243918.30652149013, 17414.40920202355, 6864.44762822094]",196980.1
2023-01-09_2023-01-15,59956.16683078704,"[39667.0, 4825.0, 485.0, 36.0, 6.0, 0.0, 1.0]","[39249.468362005144, 4553.118114447104, 459.97946904291786, 30.105597966628224, 7.668360106320788, 0.5994267610693516, 0.1482451501880638]","[1357311136.9336543, 157323612.2246178, 15881446.133660933, 1038176.3837072558, 265203.1255358358, 20246.643144891947, 5222.607325983275]",205534.0
2023-01-16_2023-01-22,59963.16676030106,"[39470.0, 4552.0, 476.0, 34.0, 13.0, 0.0, 1.0]","[39367.98138477097, 4567.668019038454, 458.00785091569134, 29.37871382559672, 7.679136583643864, 0.5137470589377992, 0.1844608251369011]","[1362816976.117623, 158082779.64461035, 15848393.021810105, 1014262.7228571185, 265361.5166661876, 17994.283062492876, 6468.083161835866]",205704.3
2023-01-23_2023-01-29,59970.16675717596,"[38448.0, 4454.0, 453.0, 33.0, 7.0, 1.0, 0.0]","[38481.53602118454, 4416.898047615078, 433.6881948803137, 27.12789638800806, 6.766043658156123, 0.5106433325645152, 0.16388218174508015]","[1329139321.626169, 152497041.55935925, 14982429.20649913, 937842.7838244743, 234433.84827264363, 16965.38334788964, 6408.443596289848]",205666.5
2023-01-30_2023-02-05,59977.16682650465,"[37128.0, 4297.0, 402.0, 29.0, 8.0, 0.0, 1.0]","[36784.62294900466, 4225.802104910719, 419.41458733293956, 26.07290613711166, 6.4776308888778384, 0.5474012621340646, 0.16006562592709553]","[1241115326.0960693, 142624266.40027824, 14166618.5645484, 882090.821452332, 219819.16291574502, 19362.629744271977, 5712.119972325584]",196719.2
2023-02-06_2023-02-12,59984.16681087963,"[40170.0, 4781.0, 495.0, 32.0, 8.0, 1.0, 0.0]","[39741.417800415664, 4558.633999096134, 453.6877490774944, 28.963871376526043, 7.041384884749584, 0.5784661155403218, 0.189350138083216]","[1369286897.7914119, 157022569.37471804, 15640963.266334068, 1000717.1560337588, 242792.07674669696, 19766.826389368987, 5977.878488784014]",203814.1
2023-02-13_2023-02-19,59991.166785648245,"[38505.0, 4304.0, 443.0, 26.0, 5.0, 0.0, 0.0]","[38152.72690406969, 4369.518569419713, 437.4234760302339, 27.560917167279918, 7.080174559380107, 0.5721845530125702, 0.2385077010532287]","[1298883690.9199502, 148732746.24628136, 14903521.323425194, 940752.9971253942, 242038.0856419098, 20649.635057086383, 7466.576835951596]",203926.9
2023-02-20_2023-02-26,59998.16684629615,"[37997.0, 4415.0, 457.0, 36.0, 6.0, 0.0, 0.0]","[38048.17130428266, 4395.4492407223315, 445.17806265556334, 27.88563064895888, 7.240076824770927, 0.5455050217321803, 0.1681834017147007]","[1307099147.92701, 151036096.5696312, 15329274.955201428, 961744.731852489, 250386.42611816054, 18104.76548724251, 6279.823279861563]",203858.6
2023-02-27_2023-03-05,60005.16687835648,"[22850.0, 2685.0, 280.0, 21.0, 4.0, 1.0, 0.0]","[22904.057628942075, 2660.646761139013, 266.81339532537635, 17.581535631560353, 4.120501564692474, 0.38309983210882737, 0.14148097005308388]","[764576368.1006947, 88753544.76901588, 8914817.520223321, 589076.9467126983, 138277.79894503945, 12957.363825473585, 4545.737937557906]",138676.4
2023-03-06_2023-03-12,60012.16669861128,"[32194.0, 3865.0, 358.0, 32.0, 5.0, 0.0, 0.0]","[32484.524215257366, 3787.8079416444057, 385.88306060964965, 24.59892750157722, 6.422400934638422, 0.6398098093519662, 0.1670226313800105]","[1099605430.8229854, 128140692.61699949, 13072421.573616818, 837777.5367701898, 216645.54519023775, 21040.343653398562, 5104.601393292039]",182530.8
2023-03-13_2023-03-19,60019.16670821783,"[38496.0, 4535.0, 426.0, 41.0, 7.0, 0.0, 0.0]","[38369.643402375914, 4464.763930004006, 451.1831620466883, 29.87832664766556, 7.651837599712428, 0.64756483838767, 0.21707669484349978]","[1314516720.144296, 153014345.13954344, 15485772.416541107, 1029151.6861803718, 261936.80599031498, 21847.066685094083, 7326.985362394606]",203520.7
2023-03-20_2023-03-26,60026.16679004633,"[39577.0, 4793.0, 504.0, 29.0, 8.0, 0.0, 1.0]","[39656.192527881234, 4598.2438192154, 463.91113276990586, 30.02067469403733, 8.015146106470484, 0.5667189260416957, 0.2127601689438431]","[1347626644.4668891, 156338953.5854683, 15783934.722350337, 1023872.4748348998, 273934.6201005834, 18523.54277256439, 7374.1830157499635]",203858.8
2023-03-27_2023-04-02,60033.166902199344,"[39268.0, 4542.0, 480.0, 36.0, 13.0, 0.0, 0.0]","[39017.09845850071, 4532.913818310299, 453.68628825749585, 29.578257388091952, 7.177483236979259, 0.6737698148724225, 0.19301375691826503]","[1327667684.4485092, 154375423.63089958, 15473718.068467632, 1013469.2145442357, 245656.51815544828, 22804.808214521654, 7062.394221014365]",202699.0
2023-04-03_2023-04-09,60040.16684895881,"[37582.0, 4299.0, 371.0, 39.0, 8.0, 0.0, 1.0]","[37761.48812231165, 4384.2832661870725, 441.09994090477846, 29.02605409219869, 6.886435811545155, 0.5113610133312856, 0.28950902663460903]","[1270277619.5263948, 147564655.35689995, 14879321.332336096, 982301.3388824255, 233893.35448925753, 18670.846588203563, 8991.899718872051]",200768.7
2023-04-10_2023-04-16,60047.16669548633,"[32838.0, 3942.0, 341.0, 23.0, 5.0, 0.0, 0.0]","[32477.027884065166, 3780.829776339163, 375.5258670160361, 24.68269560162423, 6.2720537054572345, 0.5551685531490422, 0.15605736553391394]","[1090457593.183487, 127001540.52231707, 12642675.580717713, 832859.1132179546, 211522.66917239883, 18113.23404662073, 5158.912158163232]",177681.0
2023-04-17_2023-04-23,60054.16680555557,"[11864.0, 1383.0, 157.0, 9.0, 5.0, 0.0, 0.0]","[11768.830940804735, 1370.947617971639, 133.5850447270234, 9.412671172575594, 2.0872263751486466, 0.1792010558672121, 0.09168596319949579]","[361325217.97321075, 41931286.49475598, 4065530.278720091, 285714.5410526434, 64824.595518540846, 5265.141407006231, 2750.9082874048]",72834.0
2023-04-24_2023-04-30,60061.166785763984,"[27238.0, 3183.0, 323.0, 24.0, 4.0, 0.0, 0.0]","[27318.63961650396, 3157.2756166171503, 314.3656097805363, 20.61381150218471, 5.149373630877987, 0.43627512372972266, 0.18289857796092557]","[907921071.7627071, 104896442.89003038, 10453889.243548702, 682776.8188847958, 171200.79746091212, 14228.141565403872, 5813.606095039478]",147573.7
2023-05-01_2023-05-07,60068.16675104176,"[38063.0, 4567.0, 473.0, 31.0, 11.0, 0.0, 0.0]","[38399.34897606243, 4433.793202017671, 443.32534063016175, 28.52846150473563, 6.5149977636080205, 0.5542462008013991, 0.21670929365852137]","[1295389154.4490147, 149814499.00115883, 14989236.178452073, 966271.3319473378, 220138.02428944543, 19070.520154467245, 7492.512497816257]",197691.2
2023-05-08_2023-05-14,60075.16686215272,"[32545.0, 3862.0, 419.0, 28.0, 8.0, 0.0, 0.0]","[32778.19521912562, 3783.5336490735085, 381.00846966308274, 24.638647042808845, 6.174944589048768, 0.42099095843551565, 0.17793391244520496]","[1084787345.857052, 125248973.44847116, 12632602.588010632, 818238.0434628023, 206103.59197780295, 15009.120463629684, 6055.728521376354]",177879.7
2023-05-15_2023-05-21,60082.16686030101,"[35579.0, 4020.0, 392.0, 26.0, 8.0, 0.0, 0.0]","[35684.60936713729, 4075.1188216002965, 398.7545976241874, 25.27828203369612, 6.4746238768809405, 0.5925117139547535, 0.13946320803049916]","[1185680118.381069, 135522994.54380995, 13271705.559830956, 838601.9992184355, 215032.20860540227, 19348.58506447453, 4605.331313106494]",192118.4
2023-05-22_2023-05-28,60089.16687615765,"[33474.0, 3850.0, 414.0, 26.0, 7.0, 1.0, 0.0]","[33429.187630802764, 3833.5958148327145, 380.2701393035808, 23.60009022099139, 6.072579478171688, 0.5591903751645164, 0.14363888971008343]","[1131816747.1948903, 130060312.04166622, 12902892.049812345, 803230.7456566435, 205151.76935773648, 19188.23857390684, 5058.982500273835]",180032.7
2023-05-29_2023-06-04,60096.1668083332,"[35030.0, 4124.0, 398.0, 21.0, 11.0, 1.0, 0.0]","[35422.0087310867, 4037.4889956303396, 391.2614167702221, 24.02115807555188, 5.996346207884197, 0.48660331132247736, 0.17875563064595437]","[1185375232.1592577, 135128144.66053903, 13096701.465352532, 806415.9315038557, 200834.98499601707, 16464.430288767522, 5757.958092362204]",195346.2
2023-06-05_2023-06-11,60103.167110069255,"[34642.0, 3863.0, 380.0, 15.0, 5.0, 0.0, 0.0]","[34552.955044620976, 3956.068183348752, 385.9917082464618, 24.10991850682486, 5.593262621270749, 0.5048698901439589, 0.1330828807881264]","[1174763330.2953913, 134340184.82240862, 13101696.008968556, 820368.5446454245, 189871.3549145588, 17164.964977364543, 5323.528363613097]",196326.6
2023-06-12_2023-06-18,60110.16689143563,"[37059.0, 4271.0, 393.0, 20.0, 4.0, 0.0, 0.0]","[36959.26881794664, 4198.939128683015, 406.7787785832166, 25.226710353565448, 5.988387135806308, 0.4112384149690185, 0.188964897116149]","[1276738203.8561385, 144985110.04698744, 14026333.424135413, 869132.0102167337, 206547.51372613118, 14095.60698822559, 7044.89408512372]",202896.8
2023-06-19_2023-06-25,60117.16688773152,"[36828.0, 4229.0, 422.0, 28.0, 5.0, 3.0, 0.0]","[36889.551987349005, 4168.439850874961, 404.1829802366011, 25.72546924591726, 6.481558232389758, 0.48874204407452043, 0.18376077871394148]","[1276369159.8567188, 144078321.048909, 13950762.129806802, 887158.0971086804, 223899.93492958453, 16669.9012558541, 5814.720199792786]",203933.2
2023-06-26_2023-07-02,60124.166909374864,"[34888.0, 3780.0, 368.0, 30.0, 6.0, 0.0, 0.0]","[34834.7461716734, 3902.3658682978685, 371.7828098153316, 23.499194393616143, 5.648724644953834, 0.4895716865801968, 0.14877109861816387]","[1183737803.4188902, 132519598.38758063, 12612054.02347149, 798464.5935449175, 191528.48214686484, 16284.397879690168, 5049.068601342158]",197256.3
2023-07-03_2023-07-09,60131.166912731336,"[32554.0, 3592.0, 362.0, 15.0, 6.0, 0.0, 0.0]","[32789.342056410336, 3655.167027850334, 346.49378469500476, 22.274019180887844, 5.287672014830676, 0.4360513595079908, 0.154763777574986]","[1090124245.9173913, 121380093.78189267, 11498499.812535454, 737179.6011190781, 174456.8197725639, 14357.002920156514, 5344.99084647127]",188586.0
2023-07-10_2023-07-16,60138.16683148146,"[34944.0, 3820.0, 366.0, 19.0, 6.0, 0.0, 0.0]","[34931.72335127337, 3824.913435614106, 365.8806191539188, 21.80141600766624, 5.541130025451988, 0.5494400883311029, 0.1633678654703512]","[1159546138.0831554, 126982712.27204733, 12139633.196255185, 723223.9865499737, 185281.79987141254, 17245.04855681461, 5989.890905589511]",193591.9
2023-07-17_2023-07-23,60145.16698715271,"[35922.0, 4101.0, 341.0, 30.0, 5.0, 1.0, 0.0]","[35620.93209924767, 3928.37404750235, 375.27672406583787, 23.585128016883864, 5.867344446590659, 0.43303864367268585, 0.1283376094483433]","[1232297703.560986, 135777639.3940086, 12960519.651547438, 813901.3214842427, 201640.63738067567, 15112.067430736282, 3840.499674667847]",203869.2
2023-07-24_2023-07-30,60152.16686215278,"[31966.0, 3640.0, 379.0, 19.0, 4.0, 1.0, 0.0]","[32159.618827960177, 3546.0269310929784, 337.90585110826606, 21.097697195171616, 5.378434647617989, 0.4284994211369444, 0.11638708359500075]","[1087273356.2865126, 119954802.51121002, 11419947.54018165, 710508.9826077227, 181477.96837548882, 14135.052107819904, 4395.5818316270215]",180957.7
2023-07-31_2023-08-06,60159.16689525477,"[35747.0, 4108.0, 370.0, 20.0, 5.0, 0.0, 0.0]","[36327.43395380087, 4039.2092363912793, 384.61462600703965, 24.584208298558888, 5.979773036295572, 0.48361264711418145, 0.1701571025087463]","[1255190162.2115235, 139455483.10292295, 13265746.584824234, 845611.4302870475, 205432.53935026118, 15998.3763793272, 6213.638080947923]",204108.4
2023-08-07_2023-08-13,60166.16702233809,"[34277.0, 3703.0, 375.0, 28.0, 5.0, 1.0, 0.0]","[34284.61160770111, 3788.184808071901, 359.2207232380254, 22.307695099255994, 5.411779674614613, 0.4202989384617241, 0.16608358948666793]","[1128713388.3966136, 124686011.52833639, 11833040.480207786, 731974.4058271684, 179252.9748687305, 13570.999821003956, 5093.60514965706]",183535.4
2023-08-14_2023-08-20,60173.16709594929,"[29962.0, 3219.0, 309.0, 23.0, 5.0, 1.0, 0.0]","[29775.633419811864, 3205.1182671569695, 301.8904666258194, 19.31978980022806, 5.049339024519043, 0.39712085443301043, 0.1379591097650964]","[940946950.0307456, 101364235.91230547, 9546445.24391757, 610261.1996223795, 159477.47106451227, 11677.01186347779, 4114.376262235471]",150629.8
2023-08-21_2023-08-27,60180.16712303249,"[30160.0, 3373.0, 315.0, 21.0, 2.0, 2.0, 0.0]","[30279.434380413128, 3389.9535201546046, 324.36128883040163, 19.62126763794292, 5.066698108731894, 0.29026684713481676, 0.15745497094794345]","[1030134800.2063459, 115359602.18027715, 11024030.505538281, 669282.8614974583, 171479.92730186705, 9911.436740096047, 5224.6140813870115]",170312.9
2023-08-28_2023-09-03,60187.16670706021,"[35326.0, 4034.0, 382.0, 26.0, 7.0, 0.0, 0.0]","[35698.728278900606, 4015.1893665595785, 385.2930854579896, 23.6434739682683, 6.2365259754113564, 0.4916222725599192, 0.14522120180696993]","[1227405391.6767364, 138014288.62763014, 13244683.931452762, 811555.8147944966, 213575.1441466873, 16484.09927562406, 4260.644102623818]",203851.2
2023-09-04_2023-09-10,60194.166676041845,"[35377.0, 3972.0, 394.0, 23.0, 7.0, 0.0, 0.0]","[35232.0163610581, 3954.231538067845, 380.6991278920905, 23.488073489496106, 6.178517184466011, 0.5480400890834486, 0.17659781897995627]","[1197799038.553623, 134405322.86935905, 12927862.25816409, 797402.2594699421, 208875.96302109922, 18813.966660995433, 5985.233034928779]",203913.5
2023-09-11_2023-09-17,60201.16667962952,"[35318.0, 3976.0, 353.0, 26.0, 3.0, 0.0, 0.0]","[35411.57097719491, 3945.336991990512, 377.31358820046853, 23.518163645203074, 5.573897517417076, 0.4858860414992163, 0.11530647813702728]","[1206262848.439478, 134465523.69407427, 12880536.850897595, 803135.5950968767, 190011.50112889655, 16239.247488669147, 3776.38549077872]",203974.2
2023-09-18_2023-09-24,60208.16700092539,"[35449.0, 3927.0, 400.0, 19.0, 6.0, 1.0, 0.0]","[35286.62847757217, 3942.763665143234, 372.1557118710862, 23.79139254263204, 5.701538926250252, 0.41887324824594063, 0.13702627638411863]","[1211682661.5525084, 135351653.76357442, 12764141.250195213, 816095.6893785242, 195543.84606617698, 14503.865164533876, 4900.82312951052]",202655.6
2023-09-25_2023-10-01,60215.16700601883,"[30629.0, 3428.0, 331.0, 18.0, 7.0, 2.0, 0.0]","[30372.082783804373, 3378.678370466318, 325.48810014555085, 20.94791534849764, 5.159737881296818, 0.37603543993375527, 0.10078573633112857]","[1046364757.4922153, 116439677.13188183, 11199474.79495025, 719657.5017348644, 177483.49821706425, 12707.286516551872, 4692.473980557798]",175234.0
2023-10-02_2023-10-08,60222.16709571736,"[35334.0, 3978.0, 388.0, 22.0, 8.0, 0.0, 0.0]","[35512.40980585718, 3966.242963167189, 382.5585083871655, 23.784600622163452, 5.900966916192947, 0.43760974968796823, 0.14747199838697797]","[1224211688.3109515, 136736317.2277372, 13194532.875547687, 819929.0091054229, 203177.47432319474, 14839.060357256945, 4874.056516265449]",205736.7
2023-10-09_2023-10-15,60229.16655520767,"[35195.0, 3882.0, 401.0, 22.0, 2.0, 0.0, 0.0]","[35124.46298516928, 3938.6567484698635, 383.7465827475671, 24.79079964233099, 5.974827646962344, 0.4681620513684156, 0.14464067691159427]","[1205595627.8165565, 135124021.3334217, 13175760.914864143, 848810.1017937723, 203777.81062089436, 15814.57068445089, 5299.07242708208]",204613.7
2023-10-16_2023-10-22,60236.16671643536,"[32212.0, 3616.0, 394.0, 22.0, 3.0, 0.0, 0.0]","[32099.866019483794, 3600.1085414583017, 351.2670415099783, 22.093217195563533, 5.645638684505357, 0.4148581795687154, 0.15885383930841593]","[1057772720.0944784, 118475993.58296017, 11534821.830435663, 721291.8076331584, 183668.74273892285, 14055.024553371684, 4358.487129567193]",185272.9
2023-10-23_2023-10-29,60243.166953356485,"[36032.0, 4114.0, 401.0, 24.0, 5.0, 0.0, 0.0]","[36079.77037646809, 4015.941183007119, 393.96513266084736, 24.65490459017584, 6.282744034848694, 0.4715049120241062, 0.16663135319050565]","[1244951672.1530156, 138629367.28612083, 13591458.77985325, 849125.6657244709, 216165.2930218582, 16217.926280767892, 6220.4463114516275]",205594.8
2023-10-30_2023-11-05,60250.16689942109,"[35241.0, 3995.0, 358.0, 31.0, 6.0, 0.0, 0.0]","[35002.85709085268, 3896.518708212775, 380.83121811098545, 23.653619237580205, 6.14862390266953, 0.4939758986362776, 0.1425645830838087]","[361685740.07520914, 38628015.07854082, 3697869.369284166, 224557.1069815721, 58541.42326076577, 4774.015065243372, 1565.2392642246805]",183828.8
2023-11-06_2023-11-12,60257.16688657396,"[36923.0, 4202.0, 410.0, 35.0, 8.0, 1.0, 0.0]","[37000.4721984439, 4205.777724009836, 422.883869398988, 28.42836185504248, 7.026248903101852, 0.6105112255581194, 0.1604026188599329]","[66489007.47147451, 7556209.269999684, 759360.9098268689, 51102.416846451735, 12618.745508396518, 1102.5824776809075, 285.4538632976968]",205621.6
2023-11-13_2023-11-19,60264.16712557869,"[36934.0, 4193.0, 415.0, 39.0, 6.0, 2.0, 1.0]","[36493.020543771534, 4140.501832544804, 412.50931137082637, 26.517486777702576, 6.582678046793749, 0.5496712399745564, 0.16972136590919934]","[65674642.60368078, 7448178.0958515555, 741515.0395765497, 47374.756617717954, 11849.346856868491, 958.460877821791, 302.45649517939904]",205504.9
2023-11-20_2023-11-26,60271.16686388888,"[37068.0, 4144.0, 463.0, 39.0, 11.0, 1.0, 0.0]","[36642.46969576695, 4136.604855581067, 411.7282111630268, 26.55322998407802, 6.783759559739118, 0.48840447586097796, 0.1998680862799594]","[65934962.983461715, 7443527.520406733, 739846.1433614389, 47666.56923764283, 12214.658308482132, 939.4985456318102, 327.4858631538371]",205304.2
2023-11-27_2023-12-03,60278.16692754628,"[33941.0, 3966.0, 394.0, 20.0, 5.0, 1.0, 0.0]","[33833.89421516442, 3822.9543723251427, 380.3593106634341, 24.878696615526366, 6.244981011420636, 0.4687292080744819, 0.1826411284890831]","[59588493.357215, 6735165.904606022, 669864.3769095128, 43770.21596087943, 10964.304777309222, 847.4010337764608, 325.5318804281608]",184071.9
2023-12-04_2023-12-10,60285.16668923611,"[38224.0, 4289.0, 420.0, 23.0, 6.0, 1.0, 0.0]","[38068.69309523507, 4312.738746760802, 427.4942137746973, 28.15024513247962, 7.255222876421807, 0.5855436238270844, 0.2072975521628089]","[68674727.547752, 7776056.039699848, 770635.3867113163, 50591.157403551515, 13155.599627849397, 1070.9548787151407, 363.05467173301906]",205603.6
2023-12-11_2023-12-17,60292.16705150461,"[34612.0, 3930.0, 440.0, 25.0, 4.0, 2.0, 1.0]","[34384.45466607612, 3896.5281325153733, 388.1604418238132, 24.712938379254474, 6.035108441546162, 0.5531183511533575, 0.1631928214243244]","[61919302.95386346, 7008973.677366877, 697949.1108027949, 44421.808705660325, 10739.561707700126, 992.859372090377, 322.78167031192316]",190920.5
2023-12-18_2023-12-24,60299.16706886605,"[37250.0, 4142.0, 451.0, 38.0, 11.0, 5.0, 0.0]","[37487.85585855044, 4248.908579780484, 418.8463846264124, 27.91443151786339, 6.238856100064483, 0.5691676862331784, 0.15476584829816256]","[67657132.0809796, 7664363.476259045, 755307.6056730215, 50244.076230551116, 11394.84249284078, 1021.4876334691636, 264.6160181374104]",205562.0
2023-12-25_2023-12-31,60306.16691192113,"[36407.0, 4211.0, 413.0, 27.0, 12.0, 0.0, 2.0]","[36460.631027873096, 4159.6933582104, 418.1262168578573, 28.2423212290289, 6.965547601796809, 0.5492464976846588, 0.21714138252948118]","[65166507.82500197, 7432728.756645469, 745847.5662338552, 50313.21180718273, 12391.969945580522, 970.6696349199658, 359.3170331950792]",202483.2
2024-01-01_2024-01-07,60313.16689004636,"[38732.0, 4443.0, 416.0, 29.0, 6.0, 1.0, 0.0]","[38438.982278182935, 4335.544344352803, 432.5498718338317, 28.502493037403504, 7.357053779045326, 0.7057519080975229, 0.23521360224796964]","[69208402.58548164, 7802868.0050200345, 777268.9577775558, 51186.87985129407, 13211.319469610675, 1290.9364944628896, 436.22532843686497]",205548.2
2024-01-08_2024-01-14,60320.16693425913,"[38323.0, 4276.0, 425.0, 38.0, 7.0, 0.0, 0.0]","[38040.9246874643, 4267.957535897078, 420.9365682468509, 27.43608993493053, 6.89310450477261, 0.5603971309349991, 0.20483401280366584]","[68511031.63248897, 7687671.005907263, 757805.248965364, 49421.333253468845, 12299.401944283183, 1011.1483049498668, 344.37186952016776]",205680.6
2024-01-15_2024-01-21,60327.16667476842,"[39071.0, 4397.0, 426.0, 21.0, 8.0, 2.0, 0.0]","[38793.04159569444, 4371.937469999476, 428.4062745192096, 27.622956774939894, 6.953317742082581, 0.6146445668053276, 0.17875951549807942]","[69821314.3820506, 7866541.2508373605, 770562.2428852358, 49609.46009203541, 12483.459549460227, 1046.7571327607561, 304.30444025788114]",205488.1
2024-01-22_2024-01-28,60334.16680081016,"[38879.0, 4370.0, 441.0, 25.0, 9.0, 0.0, 0.0]","[38848.51224481397, 4353.50637663411, 428.93803593926725, 27.98171383072615, 6.302098924695653, 0.5700234437769784, 0.21104480696134245]","[69700844.50885586, 7808220.655565719, 768935.3164550965, 50169.64895696811, 11280.511300569313, 1054.341814488356, 340.4351853574287]",205244.8
2024-01-29_2024-02-04,60341.166692014405,"[39414.0, 4468.0, 438.0, 22.0, 4.0, 0.0, 0.0]","[39285.317583588796, 4404.10657179264, 434.1271683140045, 28.56919538495298, 6.814192106043257, 0.505532984729372, 0.19378643876642748]","[70549562.45189075, 7906679.381487586, 779555.8667159894, 51376.910436873, 12247.686584147033, 908.5790526116806, 328.8959560511187]",204367.3
2024-02-05_2024-02-11,60348.16673680519,"[38936.0, 4366.0, 425.0, 22.0, 7.0, 1.0, 0.0]","[38701.84172588282, 4338.925948903243, 427.52458074256407, 26.195059061174952, 6.763694020960357, 0.5602963421873437, 0.17209853251368534]","[69384260.72385822, 7776935.283626009, 766062.1021083001, 46998.66008143229, 12190.918697651352, 974.9192163197713, 280.0722843416901]",203669.7
2024-02-12_2024-02-18,60355.16688726813,"[38523.0, 4367.0, 458.0, 24.0, 3.0, 1.0, 0.0]","[38314.97969161412, 4327.29416158366, 426.3670840905433, 27.98561421103471, 6.43506398075509, 0.5174942617764158, 0.13804629600909304]","[68557244.50664029, 7745026.947115913, 763507.9646560967, 50198.323613331755, 11557.959771528705, 965.3758452185266, 242.75720428626258]",203743.0
2024-02-19_2024-02-25,60362.16673182886,"[39120.0, 4439.0, 454.0, 29.0, 12.0, 0.0, 0.0]","[38999.00120280609, 4392.591053195771, 434.48392607406265, 27.04962849206366, 7.242844429046739, 0.5602658913772874, 0.15840886428841522]","[69271682.9963366, 7802127.459612168, 772175.0115526032, 48275.6052407609, 12832.495341880944, 1049.9759699531003, 296.22264657247473]",201722.4
2024-02-26_2024-03-03,60369.166689467645,"[38899.0, 4354.0, 439.0, 29.0, 8.0, 1.0, 0.0]","[38859.74067152488, 4366.650264236609, 428.2693812510517, 27.389910807449283, 6.6072346311910835, 0.5079115935322531, 0.12184899283759747]","[68697608.32344833, 7720917.923588434, 758721.014198803, 48763.202513108256, 11825.032260499886, 916.7236046856565, 265.66709816111836]",202368.8
2024-03-04_2024-03-10,60376.16660543954,"[36648.0, 4158.0, 454.0, 31.0, 16.0, 4.0, 1.0]","[36588.537275755, 4091.983252577876, 401.9592831254644, 25.509354700247066, 6.553252317937922, 0.416059137311342, 0.19056512775243012]","[63665610.53725422, 7127441.6684517395, 702359.9131988974, 44734.089864047164, 11533.835261693532, 773.3096204351923, 340.0861520976211]",193315.4
2024-03-11_2024-03-17,60383.1668672454,"[38583.0, 4328.0, 405.0, 35.0, 11.0, 2.0, 1.0]","[38474.218902110966, 4244.253753115235, 402.7308752891753, 24.70126701263587, 5.9577512959079995, 0.43627044270608023, 0.15148739913773618]","[68627542.2714193, 7575727.53829479, 720395.9067138409, 44465.54141667642, 10719.158178281, 788.8764754245318, 306.5407136862719]",203954.3
2024-03-18_2024-03-24,60390.1669740744,"[35698.0, 4095.0, 438.0, 50.0, 28.0, 9.0, 2.0]","[35725.75003382195, 3968.645437866715, 382.4753315398729, 23.589888024410598, 5.879465710642201, 0.5982636865087541, 0.16100857895838572]","[60912668.2851539, 6765248.039274718, 652915.5180406882, 40133.90144198125, 9870.610453701727, 948.721603635382, 289.83113593002867]",190735.6
2024-03-25_2024-03-31,60397.16699016142,"[37373.0, 4325.0, 550.0, 63.0, 37.0, 15.0, 6.0]","[37200.400776910654, 4160.989602127073, 407.04310934349974, 26.37998578107131, 6.548895242800896, 0.613427332355324, 0.17816974131631574]","[65209572.87513111, 7297050.59935802, 714963.167529471, 46618.71441971957, 11541.465069667198, 1077.9885186320053, 330.5833713681088]",198842.5
2024-04-01_2024-04-07,60404.16686817145,"[38534.0, 4395.0, 452.0, 44.0, 21.0, 2.0, 2.0]","[38281.76809141195, 4282.854958545804, 414.50603960396575, 26.036431398315106, 6.512417194912385, 0.49415999023591395, 0.2410121874131046]","[68512403.1713711, 7666054.925193037, 743033.7617079883, 46781.44669092253, 11683.382952197042, 872.040004863876, 424.8243660341598]",204105.0
2024-04-08_2024-04-14,60411.1671318287,"[33835.0, 3810.0, 396.0, 37.0, 13.0, 3.0, 0.0]","[33738.540070868876, 3821.9329057420114, 373.55329283060115, 23.382746334432877, 5.8839984548223265, 0.4670946545184045, 0.2269872817056027]","[60792646.66591104, 6844055.329166582, 669614.6899618057, 42025.11157252567, 10548.695585210817, 831.0015039087751, 397.9436521429248]",188714.7
2024-04-15_2024-04-21,60418.1670802084,"[37740.0, 4279.0, 490.0, 32.0, 20.0, 5.0, 0.0]","[37924.408387815805, 4278.609798241511, 415.72614483883893, 26.225411312069223, 6.539952579530788, 0.4220711465285106, 0.14065664965709482]","[67883390.99252002, 7661323.646573509, 746088.8794201234, 47093.866965904985, 11862.56394842917, 738.1685646152126, 236.28522659755527]",203902.6
2024-04-22_2024-04-28,60425.1668747687,"[5802.0, 658.0, 92.0, 9.0, 6.0, 4.0, 0.0]","[5783.3677506982785, 665.7268392261177, 64.7855099380051, 3.9965239477281695, 0.9802917485730044, 0.09506329460663938, 0.031945793428911635]","[10046237.396455102, 1146339.2335786745, 110894.48710031218, 6902.8594269553305, 1689.2619179980434, 168.93461543138238, 46.78012471651788]",40861.5
2024-04-29_2024-05-05,60432.1666519675,"[33095.0, 3792.0, 467.0, 57.0, 29.0, 7.0, 2.0]","[32977.324380120175, 3713.6380354060957, 365.9147622758312, 22.592117732558233, 5.458294138674141, 0.4401232578294807, 0.11626433380540815]","[58900593.16794744, 6631359.673969765, 652919.5786602516, 40303.0129107803, 9785.20228332665, 773.9084770551651, 202.8307811850546]",179475.5
2024-05-06_2024-05-12,60439.16700694412,"[34010.0, 3902.0, 520.0, 69.0, 41.0, 6.0, 0.0]","[34284.76618108386, 3886.2355716194284, 383.1812240221087, 24.964088123165475, 6.441178577352658, 0.5007746924526792, 0.15392460483836987]","[58549160.80276947, 6641816.034915101, 655106.601667553, 42632.15230269563, 11059.7735033525, 787.2848849874375, 263.4956787287434]",187687.4
2024-05-13_2024-05-19,60446.16677731487,"[36516.0, 4196.0, 474.0, 42.0, 13.0, 7.0, 1.0]","[36733.81694095599, 4149.817271350798, 407.6803819632458, 25.574634038515864, 6.283034390211553, 0.5971647588517861, 0.14663072575677585]","[66122793.47215056, 7468918.778306085, 733430.4354078668, 46034.39285355897, 11350.22980596963, 1026.4723628519346, 287.0388991329882]",204134.7
2024-05-20_2024-05-26,60453.16672048609,"[31047.0, 3564.0, 384.0, 32.0, 9.0, 4.0, 0.0]","[31031.62142682896, 3517.678242700095, 343.41470976643785, 21.72895163104116, 5.602146636971523, 0.41983194815678887, 0.12704765918692837]","[55321854.15905927, 6261995.114227747, 609518.9051764167, 38436.60491130042, 9969.690202572936, 738.9797633495939, 233.65106443372252]",179178.1
2024-05-27_2024-06-02,60460.16671284756,"[28069.0, 3163.0, 317.0, 17.0, 6.0, 0.0, 0.0]","[27920.453559726626, 3173.9096548337166, 309.3503417398685, 18.6347322617986, 4.711460236922373, 0.3544068692338166, 0.13141669285814156]","[48488314.10722228, 5504092.567809041, 535263.2484186055, 32404.003380279933, 8130.775489255981, 639.2702122941246, 236.3490193841058]",158313.8
2024-06-03_2024-06-09,60467.166773263896,"[34550.0, 4070.0, 382.0, 36.0, 10.0, 2.0, 0.0]","[34561.202910811146, 3963.8955073636985, 394.25403850208164, 24.614492962094666, 5.946268954795807, 0.4386744842713707, 0.1380152259314109]","[61344389.04791089, 7031169.3572030775, 697833.0645254108, 43727.6896157255, 10463.964254934082, 781.0319313518784, 251.15850160091915]",197921.9
2024-06-10_2024-06-16,60474.16671030116,"[35663.0, 4064.0, 430.0, 14.0, 8.0, 1.0, 0.0]","[35252.73039509517, 4054.854576259478, 399.15498357300083, 26.25769101961063, 6.211873481454221, 0.4871450705687989, 0.18637148034568174]","[62897250.76896327, 7231725.447462225, 710576.7397247279, 46709.88087193963, 11033.660903915397, 917.0702813557773, 379.96013516272467]",200409.0
2024-06-17_2024-06-23,60481.16693645853,"[35916.0, 4254.0, 424.0, 30.0, 1.0, 0.0, 0.0]","[36012.01292284823, 4107.540285330246, 402.4510627773461, 25.747049220790053, 5.966705326839955, 0.48188085174605, 0.1644885384681893]","[64881071.3286085, 7397403.09855141, 724157.8941331968, 46363.80233682118, 10716.866539418672, 853.578933871882, 268.15097976145785]",194382.3
2024-06-24_2024-06-30,60488.16673865738,"[32583.0, 3665.0, 348.0, 24.0, 6.0, 0.0, 0.0]","[32796.70693583247, 3714.0615354817933, 360.63566245708523, 22.242459747153116, 5.555421601738494, 0.41651608466648377, 0.14128146582806403]","[56823016.84180786, 6430519.746319595, 623507.2610038192, 38307.740401341616, 9494.095006683292, 730.6399440193126, 257.3126986065278]",187961.2
2024-07-01_2024-07-07,60495.16677083331,"[36289.0, 4115.0, 404.0, 24.0, 5.0, 0.0, 0.0]","[36303.53234500901, 4130.4081187854545, 404.0208592396832, 25.160891556452295, 5.989720056307116, 0.5315968541044672, 0.17571635070873864]","[65187775.65069178, 7414277.895209638, 725403.4229593518, 45186.18569691908, 10702.798412445736, 930.2546382980836, 325.9382771463345]",202758.4
2024-07-08_2024-07-14,60502.166909143525,"[10195.0, 1108.0, 112.0, 11.0, 2.0, 0.0, 0.0]","[10276.159965601139, 1171.2445535566394, 114.21312821524266, 7.3044587624943, 1.786115759827808, 0.10866420213742825, 0.061450496699420716]","[17014055.878657945, 1943789.2472242692, 189612.27403454966, 12113.577273345978, 2906.5070241420044, 184.62989059382733, 96.40050106727955]",61028.8
2024-07-15_2024-07-21,60509.16687048609,"[16858.0, 1886.0, 169.0, 15.0, 1.0, 0.0, 0.0]","[16809.14832252109, 1915.237449882456, 186.39332231506978, 12.09064803466265, 2.410537225584019, 0.22643866137562757, 0.08603401245975872]","[27368884.82024284, 3122889.920224734, 304391.47585240914, 19585.23128017065, 3941.262255229757, 365.0877242493701, 150.80411268475004]",106174.2
2024-07-22_2024-07-28,60516.166657060414,"[32738.0, 3737.0, 366.0, 25.0, 6.0, 0.0, 0.0]","[32650.208760368612, 3735.8274030091957, 361.742686507319, 22.301017441526, 5.557071574252246, 0.4925888445504637, 0.11772403741875193]","[58100996.847556554, 6643189.031099006, 642680.2343704466, 39700.748319238504, 9843.193604432116, 920.3895053169038, 230.70931076024226]",188631.7
2024-07-29_2024-08-04,60523.16692777791,"[17972.0, 2040.0, 197.0, 8.0, 3.0, 0.0, 0.0]","[18040.887178755434, 2043.0199862457052, 199.60627859973596, 12.035279863572967, 3.0130389499822816, 0.23701945790436615, 0.06388261553196437]","[32478184.936856456, 3676429.6590553774, 358423.5583174644, 21605.87724805791, 5407.580916162914, 392.7227016738879, 126.26006594582337]",101799.2
2024-08-05_2024-08-11,60530.166704513686,"[36322.0, 4036.0, 387.0, 23.0, 13.0, 0.0, 0.0]","[36464.18769755917, 4123.571142831508, 399.72465159564257, 25.228807324515866, 6.077321787087123, 0.44297281596675286, 0.1757598259191655]","[65312705.561870456, 7382760.452599049, 715241.4258015658, 45146.24245233904, 10869.521520733757, 776.6981527654319, 341.9887764310854]",203129.2
2024-08-12_2024-08-18,60537.16669236152,"[34174.0, 3870.0, 381.0, 33.0, 4.0, 0.0, 0.0]","[34295.608913334436, 3885.6215856596536, 386.93754959116336, 23.803505689077166, 5.694710461370333, 0.3916894314020548, 0.12438174003256484]","[58318383.84726898, 6612263.45470958, 657730.2024982615, 40475.15158683171, 9690.385255256591, 696.2192242472515, 212.7984431720192]",181261.6
2024-08-19_2024-08-25,60544.1667016205,"[34112.0, 3934.0, 350.0, 26.0, 8.0, 0.0, 0.0]","[34029.95574132065, 3845.079210716724, 372.72362134831775, 22.84753977199638, 5.242033516658854, 0.352757360721949, 0.20961437169557406]","[61100472.751539625, 6904164.811285108, 668918.2307519122, 41091.29364303106, 9478.576838562758, 659.397219483849, 343.3622037674534]",184788.4
2024-08-26_2024-09-01,60551.16681585691,"[35912.0, 4030.0, 440.0, 27.0, 9.0, 0.0, 0.0]","[35890.15947847447, 4057.6323419630216, 387.7049777049578, 23.806214491009833, 5.58025617816561, 0.4253421178337911, 0.13229061448016075]","[64402732.02172152, 7275620.88301173, 694958.5155043836, 42603.607241161764, 10015.77552388642, 796.487410645203, 225.3843531228606]",203941.1
2024-09-02_2024-09-08,60558.16690115773,"[35782.0, 4115.0, 407.0, 25.0, 2.0, 0.0, 1.0]","[36123.16172310671, 4086.421173269505, 394.61404547970835, 24.709864620757475, 5.703787102633097, 0.46712817399134493, 0.18922280623531185]","[63571953.88664206, 7191726.91017393, 693944.907481654, 43368.29901139696, 9998.841295607894, 761.8981112722606, 342.013282399574]",201792.0
2024-09-09_2024-09-15,60565.1667167827,"[36318.0, 4170.0, 392.0, 22.0, 4.0, 0.0, 0.0]","[36351.07338447091, 4125.65381977389, 401.3783420574745, 25.080781635602083, 6.1923051754053, 0.42020641611160126, 0.15588425841903913]","[65174165.471181646, 7395288.81355724, 719878.6057905708, 44972.15536491117, 11048.617292694611, 790.7341848363022, 291.6910204458377]",203939.2
2024-09-16_2024-09-22,60572.16689479163,"[35850.0, 4134.0, 391.0, 30.0, 6.0, 2.0, 1.0]","[35761.460775730004, 4100.238131412582, 400.22537180966015, 24.94675395592652, 5.934384298851208, 0.4487843940339837, 0.21479588492820842]","[64041800.482218444, 7343013.683829009, 716800.0975934778, 44571.56590661942, 10608.937997029974, 821.9613428103845, 361.5691727519651]",203871.2
2024-09-23_2024-09-29,60579.16671180551,"[36089.0, 4084.0, 437.0, 21.0, 9.0, 1.0, 0.0]","[36057.85217307732, 4120.1570635632615, 404.0585837018041, 25.06986937557208, 6.1364883713492855, 0.39235445575146216, 0.18464082485797356]","[64626736.164457306, 7384735.342433467, 723975.9463228453, 44941.36195833916, 10975.12962158789, 700.5364112583219, 363.00583079024165]",204083.4
2024-09-30_2024-10-06,60586.16685000021,"[36453.0, 4333.0, 402.0, 26.0, 8.0, 0.0, 2.0]","[36482.113136731845, 4189.591979624977, 416.0243872043374, 25.314666138588578, 6.155349785323662, 0.6012379840419224, 0.1469745203535977]","[65472326.21394314, 7515888.047009227, 746366.6679177661, 45422.19417407325, 11099.212512014548, 1036.264448971901, 272.76367184074377]",205745.2
2024-10-07_2024-10-13,60593.16674618062,"[35099.0, 4020.0, 434.0, 24.0, 9.0, 1.0, 0.0]","[34851.95973846522, 4019.087541609805, 399.6039764286382, 24.748935323793383, 6.421851077644236, 0.4779850239500914, 0.15555572992766886]","[62059858.56452601, 7155686.229756677, 711405.5989053572, 44110.89649604563, 11349.277839947077, 802.128645702923, 318.45605826930625]",193173.9
2024-10-14_2024-10-20,60600.16673275487,"[36577.0, 4225.0, 423.0, 29.0, 9.0, 0.0, 0.0]","[36590.73741037922, 4239.829564500297, 421.21676179246913, 27.521529265346878, 6.6914697568462795, 0.5535812241130259, 0.2154558568993698]","[65707512.77795383, 7614665.493237145, 756327.7372604265, 49356.0463684159, 12105.786075974836, 974.073485728528, 370.0235404660241]",205464.7
2024-10-21_2024-10-27,60607.16679201383,"[35846.0, 4012.0, 444.0, 35.0, 4.0, 0.0, 0.0]","[35601.731985408915, 4124.400031419069, 410.90618517815216, 26.624925064313587, 6.290558027990906, 0.4021830004744372, 0.13189484551026529]","[63280467.91948832, 7324124.105833027, 728876.9741942869, 47270.829053157475, 11177.415828099432, 733.3517248976352, 240.7508411268046]",202776.4
2024-10-28_2024-11-03,60614.16704212961,"[35964.0, 4064.0, 382.0, 25.0, 6.0, 0.0, 1.0]","[35781.84785342396, 4139.254692660226, 411.9137466856166, 26.54373891608889, 6.361452537677474, 0.4758048682661544, 0.16784619041766743]","[63141114.45512127, 7304865.849721008, 728106.9104528016, 46872.538903488174, 11119.26100314039, 861.6282869155066, 288.02602006308894]",198771.3
2024-11-04_2024-11-10,60621.16672523145,"[36602.0, 4286.0, 434.0, 26.0, 9.0, 1.0, 0.0]","[36548.095168474356, 4240.547514805619, 426.97902548213426, 27.762920750194155, 6.924998143011708, 0.5299048565864161, 0.16879883183208833]","[65598020.456038855, 7608913.9679943705, 766093.6223898606, 49677.18389732128, 12422.944853089764, 948.8669812817207, 285.98344719945686]",205576.7
2024-11-11_2024-11-17,60628.16672465281,"[37919.0, 4310.0, 441.0, 22.0, 5.0, 1.0, 1.0]","[37653.85662036107, 4344.597063034342, 434.72303375801846, 27.144284277293025, 6.927200266805852, 0.5365037342415361, 0.19329197722129604]","[67848359.32996266, 7829176.507907671, 782357.8585158625, 48831.09123801453, 12446.05781325017, 948.2204167447313, 344.89051731682343]",205526.9
2024-11-18_2024-11-24,60635.16687314769,"[38021.0, 4445.0, 491.0, 31.0, 3.0, 2.0, 1.0]","[37983.42820193056, 4400.008767376089, 445.0388564078253, 29.311382828464815, 7.251736669664935, 0.638085415169409, 0.18630207618201639]","[68518625.87768996, 7931646.362655451, 801064.5099811096, 52758.866270653954, 13040.887189700976, 1153.986996932694, 332.6589024221164]",205692.7
2024-11-25_2024-12-01,60642.16681516197,"[38312.0, 4367.0, 452.0, 39.0, 9.0, 2.0, 0.0]","[38245.47685199317, 4426.175954982989, 445.827767696496, 28.299754875283625, 7.35528690546712, 0.665916687495115, 0.17976431203571278]","[68980042.41565159, 7977144.654769465, 803053.4149408686, 50895.315024830226, 13153.194220000449, 1208.7461675715226, 356.69140156271226]",205799.6
2024-12-02_2024-12-08,60649.00021851856,"[35259.0, 4113.0, 377.0, 33.0, 8.0, 0.0, 0.0]","[35613.67145524763, 4102.097062297995, 400.8717868908359, 26.200867221790325, 6.119352524300771, 0.5050726617959574, 0.18355962602450884]","[64242552.97081326, 7396599.108712658, 721676.9937174257, 47048.06071240707, 10923.222422381541, 919.0330047559776, 402.20073556580894]",188924.1
2024-12-09_2024-12-15,60657.58327025511,"[26108.0, 3013.0, 322.0, 28.0, 5.0, 0.0, 0.0]","[25804.019804946645, 2969.2320149022726, 298.9087088381951, 19.352426225005313, 5.097784855263167, 0.34427759359042986, 0.1429938438993201]","[46280507.26046942, 5323270.802028254, 535407.66255999, 34696.54900951729, 9086.002835503574, 625.6119010559436, 252.3167682738658]",131858.6
2024-12-16_2024-12-22,60663.166699189256,"[38618.0, 4510.0, 457.0, 30.0, 9.0, 0.0, 0.0]","[38449.5118618164, 4457.634367197069, 449.2130994666376, 28.676347786099665, 7.322844012479944, 0.6341137565256382, 0.18583439338929292]","[69345641.25868212, 8033499.047070581, 809127.3108325404, 51684.909800535606, 13219.261832913026, 1175.1490862597, 342.172295716287]",205369.8
2024-12-23_2024-12-29,60670.16658391208,"[38069.0, 4405.0, 474.0, 35.0, 5.0, 1.0, 0.0]","[38145.38220733304, 4417.765503333354, 443.5323730375937, 29.433686883326143, 6.988203432529459, 0.5493062419343147, 0.21999936103952217]","[68784266.07673554, 7961379.789737975, 798371.9641115328, 53036.45212047112, 12549.288822559722, 1011.0737625988792, 369.21405391429784]",205514.4
2024-12-30_2025-01-05,60677.16673958332,"[36965.0, 4377.0, 446.0, 33.0, 8.0, 0.0, 0.0]","[37023.51945856359, 4288.836934472617, 431.229333549376, 28.799767070435124, 6.5704148679454075, 0.7237893915558246, 0.18921894327674016]","[66664155.997162975, 7720420.274641414, 776522.0907673924, 51780.79080620951, 11769.384864564794, 1240.8159313309523, 335.6374152042446]",197161.0
2025-01-06_2025-01-12,60684.16672789375,"[37649.0, 4453.0, 492.0, 25.0, 7.0, 1.0, 0.0]","[37808.437856632576, 4401.374362243027, 442.59444241945573, 28.59795039233094, 7.14345189135058, 0.5306752558527853, 0.1530622381582424]","[68090629.91146128, 7929408.885690299, 797229.3791330161, 51454.0498017935, 12918.180327815058, 1048.9444181161741, 258.64378400065715]",205623.1
2025-01-13_2025-01-19,60691.16678321745,"[30913.0, 3653.0, 350.0, 20.0, 3.0, 1.0, 1.0]","[30847.77216660638, 3572.0824658837496, 359.57948170914045, 23.203139829247707, 5.588675609713738, 0.4286848843754433, 0.20107888877168098]","[53868879.82364365, 6236232.106581186, 627022.9868575796, 40437.666238861, 9857.520986334253, 735.2495273445281, 350.7077436019627]",172530.2
2025-01-20_2025-01-26,60698.16688043982,"[37856.0, 4339.0, 440.0, 34.0, 7.0, 0.0, 1.0]","[37757.795593438655, 4358.40088521068, 434.52440114867574, 27.24690578133165, 6.842384313348175, 0.6508420652612528, 0.21602853345016473]","[67115903.62184921, 7745000.672017222, 771893.9870704003, 48359.41607151848, 12125.48018068959, 1140.7987420990046, 400.2468562585273]",203055.9
2025-01-27_2025-02-02,60705.16677754637,"[37328.0, 4278.0, 414.0, 27.0, 10.0, 0.0, 1.0]","[37406.553642007944, 4330.857774626655, 431.32218439963646, 26.944593450492828, 6.2553500842566905, 0.5668610735058102, 0.18328189875462608]","[66217295.65110188, 7663804.648401814, 763391.7832786466, 47554.93411114808, 11115.275615548562, 988.7656754445213, 335.29701457822387]",198815.4
2025-02-03_2025-02-09,60712.16677465245,"[38792.0, 4479.0, 475.0, 35.0, 5.0, 0.0, 0.0]","[38878.50242594136, 4501.759088624623, 444.5560293234048, 28.950121413106583, 6.8908929369553835, 0.562835223791746, 0.22884991664664114]","[69447406.25868063, 8041834.898332351, 794563.6237845207, 51836.22780720239, 12233.50639435336, 1046.028477329178, 388.99406890295734]",202730.3
2025-02-10_2025-02-16,60719.1668284722,"[39271.0, 4695.0, 458.0, 27.0, 4.0, 0.0, 0.0]","[39371.70926103527, 4578.5691550676265, 464.09955253174843, 30.49149611399518, 7.380392890316738, 0.5776370409931788, 0.1483134222991289]","[70556462.18500693, 8201542.439823682, 831546.184092888, 54569.81788201772, 13237.74559973511, 1001.9247390509287, 285.19601624718933]",203821.8
2025-02-17_2025-02-23,60726.16690254595,"[36866.0, 4365.0, 423.0, 30.0, 11.0, 1.0, 0.0]","[36982.51611881103, 4293.771033148159, 430.80444684366023, 28.896273698941354, 7.367925233321108, 0.5898077858760857, 0.252986623334124]","[65026416.001643196, 7553714.89099893, 758975.7040066958, 50906.36501366892, 12953.104470149907, 1028.550223795601, 437.54756265681874]",197391.4
2025-02-24_2025-03-02,60733.16680416795,"[38144.0, 4428.0, 456.0, 41.0, 15.0, 2.0, 0.0]","[38327.21851754278, 4462.348084960094, 454.08274319708477, 29.75143011603771, 7.158890301803606, 0.7045599069027644, 0.1625698541870244]","[68488252.03139848, 7982252.258793216, 813256.5800629186, 53422.723270099705, 12841.818185777262, 1252.235851749544, 275.42364697586305]",204001.3
2025-03-03_2025-03-09,60740.16678495379,"[39533.0, 4580.0, 488.0, 24.0, 11.0, 2.0, 0.0]","[39259.93883398776, 4564.399010006108, 462.42876023516203, 29.878094104651797, 7.32569975417956, 0.6721935719751224, 0.1641697840760484]","[70011168.48932913, 8145098.149947841, 826499.2398070303, 53642.25215129878, 13175.566086944265, 1211.6992839692368, 309.5545803119918]",203900.2
2025-03-10_2025-03-16,60747.16538379627,"[38184.0, 4526.0, 439.0, 33.0, 5.0, 2.0, 0.0]","[38402.76065107554, 4447.567434668482, 445.66647816742295, 28.953536220015316, 6.825057812202353, 0.6150187648149681, 0.1840771401485173]","[68489109.21023467, 7940014.7602490205, 797435.8203999017, 51987.25401956495, 12212.996101101488, 1094.5185112253585, 329.3763808596884]",203913.1
2025-03-17_2025-03-23,60754.1653758104,"[35509.0, 3996.0, 371.0, 24.0, 10.0, 0.0, 0.0]","[35617.16314059589, 4086.31234401044, 405.90072582639925, 27.178511843846092, 6.789385774372763, 0.5705951882362943, 0.1685331751905805]","[63752457.82122945, 7318630.638682663, 727940.3604881843, 48796.60461695825, 12137.383428638936, 978.7075486650683, 314.0161248824175]",204076.2
2025-03-24_2025-03-30,60761.16694155085,"[37049.0, 4469.0, 418.0, 37.0, 8.0, 0.0, 0.0]","[37351.32918619139, 4308.693723292834, 424.28244455930445, 27.904697385671295, 6.542936677592925, 0.4970106748538318, 0.22802175914335748]","[66621879.603375174, 7696344.314170189, 760058.0965565497, 50021.24891558582, 11721.872067948636, 934.0116712267462, 395.4346417333704]",204058.6
2025-03-31_2025-04-06,60768.16668958319,"[38362.0, 4333.0, 424.0, 30.0, 1.0, 0.0, 1.0]","[37984.52665024621, 4426.677660373858, 443.2438445392758, 28.18637709241039, 6.87849850505949, 0.6018663569532796, 0.24265851637194882]","[67442528.12790433, 7869594.8893416, 790132.2446545378, 50542.41189121659, 12266.098706909994, 1102.1045294968123, 384.4061776935744]",202744.8
2025-04-07_2025-04-13,60775.16688576368,"[37579.0, 4406.0, 458.0, 19.0, 3.0, 0.0, 0.0]","[37659.806404004645, 4363.350046078471, 437.21538873675775, 27.796374615830967, 6.764452977736057, 0.6292950934981655, 0.1600484806344392]","[67146376.6991774, 7790222.393401438, 781864.9137385128, 50052.43839873252, 12156.589673213959, 1124.477946184213, 264.266102483256]",203141.1
2025-04-14_2025-04-20,60782.16670243074,"[35299.0, 4011.0, 432.0, 26.0, 13.0, 0.0, 0.0]","[35406.81649886623, 4116.945204402474, 413.03433918237573, 25.946599671913546, 6.9824690302026795, 0.5123524430799387, 0.19396856338505583]","[61607780.60963876, 7170690.810889611, 720945.6508843951, 45355.25746527185, 12270.992227393008, 907.3626779026738, 337.33400995122963]",190620.7
2025-04-21_2025-04-27,60789.16674895826,"[37782.0, 4322.0, 440.0, 36.0, 7.0, 0.0, 0.0]","[37530.74307875026, 4354.6910916076595, 433.18833043000734, 28.000138181211298, 7.13465105856673, 0.49049199799639953, 0.2064055133063041]","[66980088.76742274, 7775580.910546376, 774392.3730242925, 50067.743219768534, 12797.423761108601, 906.5226263714176, 354.44806174109874]",202693.2
2025-04-28_2025-05-04,60796.16692835648,"[36703.0, 4229.0, 422.0, 27.0, 4.0, 0.0, 1.0]","[36803.9530106795, 4268.670503414197, 425.61880910426044, 26.631791716356613, 6.760620594664632, 0.5694815390541005, 0.22536912963420147]","[65701021.27679347, 7622397.499498566, 760458.3031918817, 47559.56276818911, 12093.397711680429, 1014.0754805828605, 422.229449860274]",202683.6
2025-05-05_2025-05-11,60803.166794328245,"[37643.0, 4378.0, 409.0, 30.0, 4.0, 1.0, 1.0]","[37311.09596835833, 4346.861171666808, 431.8104612506981, 27.370095517665867, 6.868116213748395, 0.551075818855565, 0.17477121929804176]","[67106131.74025569, 7818868.974207319, 776121.7885163296, 49195.36418571204, 12292.279543048557, 964.602849888779, 331.09809294044544]",203931.2
2025-05-12_2025-05-18,60810.1667353005,"[37081.0, 4209.0, 417.0, 22.0, 12.0, 0.0, 0.0]","[36843.01205784868, 4279.702328742492, 426.70500818875706, 26.285089930719728, 6.881348656623812, 0.5187668876648134, 0.22408035374055246]","[65943714.92451681, 7661074.686796633, 763787.7336077022, 46906.13139740336, 12243.112131891732, 925.6816854702836, 403.6403657380823]",201930.7
2025-05-19_2025-05-25,60817.16703796223,"[21106.0, 2375.0, 250.0, 18.0, 4.0, 0.0, 0.0]","[21111.415564879044, 2456.797621052558, 244.77422003469934, 15.568121857980554, 3.8452684051484702, 0.2920943079643837, 0.10364868134001541]","[38048656.51767214, 4426309.236103746, 441244.13719553757, 27940.70557516961, 6918.755701379847, 545.9476933453278, 175.7188130844131]",116466.5
2025-05-26_2025-06-01,60824.1669177088,"[13469.0, 1528.0, 167.0, 8.0, 1.0, 1.0, 0.0]","[13339.848671587386, 1546.1289000001912, 150.87257990834348, 9.021142361374592, 2.158244491938862, 0.1903305417774285, 0.06360633435624977]","[22172614.171007372, 2565044.7733998536, 250735.33674512265, 15331.814201179428, 3611.674199114397, 340.4823138750508, 101.08696745989943]",73179.4
2025-06-02_2025-06-08,60831.16679965261,"[37163.0, 4295.0, 432.0, 35.0, 9.0, 0.0, 0.0]","[37123.99661814321, 4295.269650462928, 420.0865242897942, 26.224970343391753, 6.401123641677528, 0.4359909396118246, 0.18387214368157948]","[65786957.64029368, 7608211.586050796, 744022.4606640385, 46558.144710136476, 11342.223821838174, 759.7172741679403, 306.7040752079625]",197968.9
2025-06-09_2025-06-15,60838.166817592544,"[35684.0, 4093.0, 414.0, 19.0, 8.0, 0.0, 0.0]","[35417.065622966955, 4066.305962002091, 403.62660949811027, 26.30342277021837, 6.243279064679641, 0.5134046011657394, 0.22811163360906012]","[61618840.46800507, 7072882.078132738, 702491.0043517748, 45742.9962966029, 10889.331024947634, 911.8129931115935, 327.84958100552745]",195293.3
2025-06-16_2025-06-22,60845.16692986109,"[35757.0, 4036.0, 373.0, 21.0, 4.0, 0.0, 1.0]","[35914.45106083507, 4114.160026930835, 403.29989970280394, 24.911014771061026, 5.978496004493927, 0.4465040859489751, 0.19193420350276744]","[64051984.20030592, 7327966.4639900075, 717134.6338177641, 44243.302297194925, 10666.250770427165, 819.9687569396592, 343.5234667878071]",200874.6
2025-06-23_2025-06-29,60852.16665104171,"[31273.0, 3505.0, 332.0, 19.0, 5.0, 1.0, 1.0]","[31407.225140787927, 3556.351151750512, 346.2989083404224, 21.748367266102917, 5.265535955452067, 0.47218025930001095, 0.12142301137137992]","[56488452.480139874, 6391352.659580434, 621438.3968008838, 39033.425681143024, 9423.76532889078, 850.9717432542868, 237.75804375864774]",175083.3
2025-06-30_2025-07-06,60859.166566782456,"[35973.0, 4128.0, 359.0, 26.0, 7.0, 2.0, 0.0]","[35845.53393785683, 4007.8738931029557, 380.0942460701263, 24.630801524609613, 5.324831342822357, 0.5568787055017341, 0.10963666591750357]","[64465532.605729476, 7205819.269229543, 682175.834037705, 44275.547320878075, 9545.92185394075, 982.6268264059992, 216.48708255345062]",202990.2
2025-07-07_2025-07-13,60866.166639236166,"[35727.0, 3925.0, 383.0, 31.0, 6.0, 1.0, 0.0]","[35609.21727464246, 3953.585683881744, 384.1584598225677, 23.889276892250944, 5.938277642640279, 0.4741402523587518, 0.14792077510494897]","[64083545.18322733, 7112713.258316678, 689838.0197580773, 42742.65275543836, 10627.488645307574, 871.861071158995, 281.1032448559215]",203466.1
2025-07-14_2025-07-20,60873.16703865799,"[34965.0, 3907.0, 387.0, 24.0, 1.0, 1.0, 1.0]","[35066.13176139606, 3856.706656098326, 358.7183194658295, 22.43393047703652, 5.392141888304641, 0.40133894570374073, 0.23166683298154592]","[63099046.75789986, 6931827.621886932, 643397.0375144109, 40163.55941056868, 9627.391041793016, 697.8006895026924, 420.9363265784251]",203853.5
2025-07-21_2025-07-27,60880.16672905084,"[16891.0, 1903.0, 188.0, 10.0, 3.0, 1.0, 1.0]","[16872.462014947738, 1875.5887970235915, 176.93316095617854, 10.882063376253626, 2.82203068373317, 0.22305269443109482, 0.09616288036287009]","[26319648.566323075, 2935860.3459624485, 276427.7493804391, 16977.3487959608, 4377.794373965787, 338.04777482196107, 165.7879516744881]",97780.3
2025-07-28_2025-08-03,60887.16680451378,"[29994.0, 3311.0, 306.0, 18.0, 6.0, 1.0, 0.0]","[29923.14986435831, 3302.795590773853, 316.07847481507144, 19.75908100046402, 4.902644503044629, 0.41310273526043967, 0.15567965581889132]","[52250487.92492545, 5763411.869926742, 550812.827729341, 34435.381326932446, 8542.526125390948, 758.2725202378377, 224.7175005786806]",171009.8
2025-08-04_2025-08-10,60894.1670392364,"[20794.0, 2430.0, 227.0, 13.0, 3.0, 0.0, 0.0]","[20848.773079325638, 2301.4101909293927, 216.67399251679353, 13.23716131529489, 3.2785365235970936, 0.32525844318506586, 0.11696165205019325]","[36997094.803185314, 4083045.019596805, 383616.77111844573, 23371.724494726786, 5760.002629891078, 565.4279838365584, 178.4471999921702]",126088.7
2025-08-11_2025-08-17,60901.16687858797,"[702.0, 78.0, 15.0, 0.0, 0.0, 0.0, 0.0]","[656.1028523010193, 78.34672953479709, 8.693479346920517, 0.5307875779696773, 0.08675996948032669, 0.014715262928478183, 0.0]","[1165105.1110876666, 138809.71143647804, 15308.299847699369, 944.2130511773039, 144.36968408210072, 19.691290883855057, 0.0]",23851.4
2025-08-18_2025-08-24,60908.16661006922,"[5739.0, 633.0, 63.0, 3.0, 2.0, 0.0, 0.0]","[5875.713705737421, 660.6139687114734, 63.28350676810545, 4.094380009789669, 1.1824742009688511, 0.09688907670346499, 0.010286906983748656]","[9267142.714601547, 1043297.4828579996, 99797.56423367492, 6484.608579800088, 1840.6344173201092, 159.18778192269227, 16.435905453189182]",52768.9
2025-08-25_2025-08-31,60915.16695486112,"[6446.0, 755.0, 75.0, 5.0, 0.0, 0.0, 0.0]","[6436.973686578127, 728.528068167554, 74.24079432404424, 5.037668620287039, 0.9928136269289449, 0.08209021064887116, 0.0564357716296496]","[10734394.836391699, 1219604.2321827738, 124172.72612270985, 8412.958527005347, 1666.327223276118, 145.85284567715763, 83.88179915688964]",61753.5
2025-09-01_2025-09-07,60922.16703807874,"[3714.0, 482.0, 39.0, 4.0, 5.0, 0.0, 0.0]","[3798.0962468513603, 487.8582396641438, 52.40785266353683, 3.283382470920632, 0.9808558240130688, 0.03830902263065794, 0.02244958136838558]","[6799437.286510117, 873557.952000222, 93935.74019888275, 5873.677125596393, 1785.7114936032303, 64.40804472343623, 41.59125744838851]",58918.6
2025-09-08_2025-09-14,60927.25036713037,"[15623.0, 1763.0, 169.0, 6.0, 0.0, 0.0, 0.0]","[15727.054123108364, 1790.493568138047, 180.13703830284334, 10.775358959516959, 3.0986560419953206, 0.1745058175919189, 0.03548867989755765]","[26172715.123972185, 2986265.9503143174, 299960.6350202182, 17917.583438726644, 5046.237310633638, 273.9312582567314, 57.991931518177665]",87452.7
2025-09-15_2025-09-21,60936.34501064847,"[25450.0, 2909.0, 328.0, 17.0, 3.0, 0.0, 0.0]","[25500.504469543892, 2925.1559748278046, 294.9221406632492, 19.360657737397457, 5.015154910325549, 0.31800288166334173, 0.08558182621632256]","[45508510.684364416, 5215603.9292278, 525325.2513274067, 34465.77519786379, 8975.002069236849, 566.4179452860557, 156.71843859060036]",150462.5
2025-09-22_2025-09-28,60943.16681076383,"[35305.0, 4077.0, 434.0, 30.0, 8.0, 1.0, 0.0]","[35209.274515479454, 4065.523181825729, 415.07403861879084, 28.493283213622142, 7.235386937406247, 0.6032365915490498, 0.18500053119337648]","[61645945.58121661, 7119001.655168209, 726310.8853614092, 49801.672638441734, 12702.02451552498, 1083.7329672081296, 319.6910227058463]",203019.6
2025-09-29_2025-10-05,60950.16695706014,"[35539.0, 4163.0, 414.0, 28.0, 11.0, 1.0, 0.0]","[35657.051733016655, 4151.044134430432, 426.2980612138928, 28.06852074981323, 7.472062914134596, 0.6152142983954482, 0.1886639025562348]","[63183505.020779386, 7355083.003900677, 754858.5283239908, 49672.6280426907, 13155.1428294317, 1106.5586850676011, 335.45106347443306]",205553.8
2025-10-06_2025-10-12,60957.16664351853,"[35683.0, 4260.0, 446.0, 31.0, 10.0, 2.0, 0.0]","[35726.984904755634, 4267.089475621361, 449.0000545798516, 31.4921261536941, 8.281181621271035, 0.6744831049310261, 0.2114547213169741]","[63386069.751964614, 7561156.749095244, 794878.5528394056, 55632.07114461418, 14675.392916456012, 1187.3475586733412, 405.0498113810111]",204913.6
2025-10-13_2025-10-19,60964.16670879656,"[35906.0, 4277.0, 441.0, 38.0, 12.0, 0.0, 0.0]","[35883.99268298779, 4348.573929897787, 469.2428852317972, 33.366862898264166, 8.92553130403659, 0.7599538037489689, 0.25024295158733867]","[64103294.54604405, 7757049.769735307, 837034.8187613429, 59366.20747886653, 15935.482201199924, 1299.9499307985554, 475.803045469637]",205597.7
2025-10-20_2025-10-26,60971.16692222213,"[36048.0, 4446.0, 495.0, 27.0, 14.0, 0.0, 0.0]","[36196.61067222822, 4434.687031406517, 487.2606946264412, 34.15507831857914, 8.985082814358794, 0.8282328814184832, 0.17001713176387784]","[65070659.86720859, 7970088.811678098, 875043.0447828823, 61322.13022904259, 16189.725000459763, 1430.871599327813, 302.46664694769015]",205793.1
2025-10-27_2025-11-02,60978.166854051065,"[36504.0, 4346.0, 445.0, 37.0, 5.0, 0.0, 1.0]","[36313.15889778037, 4378.555036363705, 470.1730250982477, 33.409242034360815, 8.81559654745476, 0.7368139953128433, 0.18620397738589997]","[65111031.99324525, 7849364.289934234, 842445.2278233244, 59899.77615788328, 15755.399714384508, 1308.9556668806138, 375.0705529527158]",205600.6
2025-11-03_2025-11-09,60985.16687268496,"[35607.0, 4206.0, 449.0, 33.0, 13.0, 3.0, 0.0]","[35721.15654228512, 4238.941871910497, 444.0782203346981, 30.16577804304583, 7.769658794133117, 0.6152683179405947, 0.16265425163953723]","[63431905.69382425, 7522533.54490731, 786934.6826584267, 53500.6247353778, 13749.46495712498, 1087.6947230497037, 296.08366005010924]",202356.0
2025-11-10_2025-11-16,60992.16688125008,"[36765.0, 4095.0, 376.0, 28.0, 9.0, 0.0, 0.0]","[36967.79602510538, 4129.117717820236, 408.2172645200966, 26.566619245383226, 6.574953860132895, 0.4326287066975595, 0.14148039412999378]","[66473482.08502166, 7421045.872194393, 732590.9504811537, 47631.492740505484, 11831.45145632451, 818.9453725601339, 286.51944391493635]",205548.7
2025-11-17_2025-11-23,60999.16677222219,"[36917.0, 4232.0, 424.0, 30.0, 11.0, 0.0, 0.0]","[36789.25260639934, 4116.82598717427, 408.78047860802656, 28.26713086676301, 6.825550765200017, 0.5113196869815485, 0.12207403068291607]","[66352495.90152498, 7423003.90623098, 736460.5001817065, 50814.26347793261, 12291.846560157033, 921.9794681379084, 239.32595592186766]",205638.1
2025-11-24_2025-11-30,61006.16708518481,"[36492.0, 4239.0, 439.0, 34.0, 7.0, 1.0, 1.0]","[36869.87663903332, 4205.061481187039, 424.59471487430426, 27.826104634810818, 7.1436066799962274, 0.5602690557768316, 0.20054384377449358]","[66501951.86590448, 7582329.723442458, 764922.7659434149, 50242.402143471845, 12858.531494586885, 1030.5522023452295, 329.9361999025119]",205642.0
2025-12-01_2025-12-07,61013.16692442136,"[36897.0, 4287.0, 417.0, 27.0, 8.0, 1.0, 1.0]","[37490.721181306435, 4249.148092318573, 427.79235600212974, 28.415648348562282, 7.091873861152804, 0.6476135196369353, 0.21618405402395172]","[67681377.80564967, 7664950.828702338, 771489.378191838, 51348.1880688782, 12851.314123984865, 1198.4892674173293, 384.7233417645429]",205710.3
2025-12-08_2025-12-14,61020.16679918961,"[37235.0, 4155.0, 419.0, 23.0, 10.0, 0.0, 1.0]","[37351.23019081005, 4250.2066377734845, 434.1526415726841, 29.120297867916857, 7.198969032290148, 0.5537398915656119, 0.15698726017031525]","[67405998.64305471, 7666164.640254167, 783054.7618204827, 52477.3302977581, 12837.8681965337, 994.9657887999336, 286.9645114188511]",205645.7
2025-12-15_2025-12-21,61027.16697870383,"[36932.0, 4216.0, 439.0, 36.0, 6.0, 0.0, 0.0]","[36909.17523987943, 4252.280666467721, 436.02395409654406, 28.672124332677477, 7.452448759099838, 0.5574303175435122, 0.1674247809525769]","[66261168.09183126, 7631319.347037381, 781233.8908745284, 51303.336685851005, 13292.129029776697, 972.8172086828476, 292.0218186975871]",204442.1
2025-12-22_2025-12-28,61034.16675069425,"[36284.0, 4246.0, 399.0, 32.0, 9.0, 1.0, 0.0]","[36635.231897841266, 4218.672653363656, 429.46383149362197, 28.411050682103568, 7.360284081706185, 0.5577682514585873, 0.17525802289131492]","[64707240.07894403, 7453615.50202975, 758758.3591403767, 50271.87390250862, 13057.407049668649, 1048.213491336309, 299.9843886342671]",185289.7
2025-12-29_2026-01-04,61041.16678518496,"[38283.0, 4677.0, 485.0, 30.0, 4.0, 1.0, 0.0]","[38294.64132919362, 4557.65566302391, 482.95916061281554, 33.68103761038584, 8.460596327483223, 0.8388244437409995, 0.22227090274056463]","[68442818.9290421, 8148496.101427028, 863759.5354463703, 60161.14562159477, 15179.28056652605, 1425.3169072115963, 406.1081751495337]",204531.6
2026-01-05_2026-01-11,61048.1668094906,"[37431.0, 4434.0, 496.0, 28.0, 8.0, 2.0, 1.0]","[37139.94088491536, 4443.287807697097, 474.23870775053683, 32.627866595991584, 8.458265056807472, 0.6698072403556413, 0.18481428462600846]","[63996258.778888695, 7652068.138007115, 816889.2749941006, 56082.141065996075, 14484.755123976423, 1154.496912689244, 299.7967909709643]",191075.6
2026-01-12_2026-01-18,61055.16681574068,"[37464.0, 4599.0, 502.0, 46.0, 6.0, 0.0, 0.0]","[37487.98974183949, 4478.7068329232425, 477.69122647823224, 34.30670144241073, 8.35570458241734, 0.6556379675003586, 0.12803515050943293]","[66880766.83929549, 7987792.197464295, 851618.1312883877, 61138.00836871217, 14890.072830700365, 1160.5471673207226, 214.99256652943157]",203463.5
2026-01-19_2026-01-25,61062.16678483808,"[38330.0, 4450.0, 488.0, 39.0, 9.0, 0.0, 0.0]","[37918.674820947825, 4506.194066279448, 475.02342289604053, 32.534991547633275, 8.556061216628748, 0.5904014676752984, 0.15542659555684493]","[67447380.99002843, 8012063.857017631, 843615.9001349299, 57916.203351957905, 15120.192015659895, 1031.4326762291735, 306.8082088106893]",203012.0
2026-01-26_2026-02-01,61069.16677719957,"[36759.0, 4259.0, 463.0, 32.0, 8.0, 0.0, 0.0]","[37062.135676492035, 4398.102204306955, 468.4636589359701, 33.13818812254115, 8.185150099227021, 0.5918509501711764, 0.249395202424157]","[66258855.861259736, 7860029.723600179, 836765.3879433473, 59195.811327940195, 14634.02291688487, 1075.2256816081097, 368.26980215543836]",203665.2
2026-02-02_2026-02-08,61076.16705497642,"[33696.0, 3993.0, 442.0, 31.0, 6.0, 0.0, 0.0]","[33625.51243184192, 4058.981452905342, 436.45401963047783, 30.684741451799457, 7.872317642747004, 0.5810322879213827, 0.1529102572383869]","[57648092.38286826, 6956568.139458548, 748101.0559046303, 52790.360396310185, 13471.394258711776, 1032.942993412057, 274.19427351887987]",191389.6
2026-02-09_2026-02-15,61083.16677974512,"[35313.0, 4203.0, 418.0, 28.0, 6.0, 0.0, 0.0]","[35486.77277006238, 4190.643500648403, 436.1685284416494, 29.107970300367622, 7.370730119743247, 0.5201221028103103, 0.12870562371283092]","[62594563.629274964, 7384976.123627127, 768341.1219701914, 51386.061959844716, 13084.972655771231, 852.677941567256, 208.92876080247586]",195944.4
2026-02-16_2026-02-22,61090.16656608831,"[27944.0, 3325.0, 320.0, 28.0, 4.0, 2.0, 0.0]","[28113.851134719353, 3338.2490078276546, 345.5329166957922, 23.284055324427005, 5.991597693461856, 0.4102806486394424, 0.12554198201518288]","[47966823.17322472, 5696821.563463961, 591006.6413804326, 39793.10190973501, 10262.676032767828, 695.6985333758101, 216.01217316875827]",162302.7
2026-02-23_2026-03-01,61097.166678703776,"[35875.0, 4170.0, 445.0, 34.0, 7.0, 0.0, 0.0]","[35832.42071523286, 4239.446994814873, 442.4120243045342, 29.17101994931013, 7.437805085186389, 0.5547459428769578, 0.16580466348434758]","[62433604.27591453, 7392652.064464833, 772199.5685885575, 51054.36973582106, 13015.681842905415, 960.4234510363754, 297.11384074953605]",192588.0
2026-03-02_2026-03-08,61104.16654675924,"[36843.0, 4456.0, 473.0, 28.0, 9.0, 0.0, 0.0]","[37026.97027189245, 4421.209107164602, 463.9212801797523, 32.63034034659265, 7.822834244172692, 0.5104283047859453, 0.2640454564938673]","[65919302.63636362, 7874063.84817136, 827825.7050618326, 58307.631802327334, 13904.990405575332, 925.5811638946966, 424.3568168051553]",203928.6
2026-03-09_2026-03-15,61111.1666612272,"[35792.0, 4276.0, 437.0, 36.0, 6.0, 1.0, 0.0]","[36194.24203823141, 4331.44053302185, 452.20278319172553, 31.57363416671974, 7.596991813786417, 0.7213677343268767, 0.1391590031953956]","[64611275.35271482, 7739660.188273054, 809788.7274620604, 56855.07069391465, 13661.16532157332, 1254.8952282566206, 228.65606281360576]",203512.4
2026-03-16_2026-03-22,61118.16672777723,"[36555.0, 4324.0, 447.0, 34.0, 10.0, 1.0, 1.0]","[36707.61153259251, 4363.539752333376, 448.2253033925881, 28.97871955707938, 7.369610897200009, 0.5259361834138417, 0.1424837397845135]","[64934775.23091678, 7722494.1030715, 795112.5625870053, 51375.82676953431, 13030.582308098286, 967.3072179758086, 252.92530610379418]",202414.2
2026-03-23_2026-03-29,61125.16668842604,"[37544.0, 4501.0, 467.0, 25.0, 10.0, 0.0, 0.0]","[37603.19183001558, 4507.047844112018, 479.7370085860574, 32.26560903466644, 8.626637775534686, 0.7272792762098781, 0.195969851895754]","[67126894.0610461, 8046435.52723417, 857456.9728995269, 57857.38206591603, 15504.121051681537, 1253.260375762427, 342.1135987914863]",203912.7
