# ra : 253.468, dec : 39.76
# nhits : [0, 1, 2, 3, 4, 5, 6]
# delta : [0.89, 0.662, 0.498, 0.398, 0.332, 0.263, 0.196]
# max_zen : 50.0
name,mjd,n_on,n_bkg,n_off,tobs
2021-03-08_2021-03-14,59284.33328206009,"[28244.0, 3349.0, 361.0, 29.0, 3.0, 0.0, 1.0]","[28266.83792866355, 3243.8814472829754, 332.11256248108293, 22.04123503037009, 5.547477356089665, 0.46917999868861066, 0.1032220643759389]","[910352525.1991527, 104229015.35621849, 10673020.112842398, 708629.1576374343, 178332.04384495912, 14761.93003856017, 3512.986106876556]",137289.0
2021-03-15_2021-03-21,59291.16655543972,"[27447.0, 3186.0, 350.0, 34.0, 11.0, 2.0, 0.0]","[27511.185165779953, 3127.7921685292104, 312.8524818987332, 19.714284378822978, 5.101250122585444, 0.3601222808241907, 0.11756003415400362]","[795901673.4293799, 90410991.47452772, 9040309.367472837, 570480.9922904775, 146594.03575732934, 10318.935862335218, 3672.531382969092]",124433.5
2021-03-22_2021-03-28,59298.16639849528,"[25628.0, 2966.0, 332.0, 21.0, 12.0, 0.0, 1.0]","[25370.336184964268, 2936.826812147011, 298.2996954763112, 19.04771794144432, 4.802726145160464, 0.33258387652704974, 0.2077848476203964]","[769072784.7422425, 88800626.80812423, 8980347.808327723, 570948.32188991, 146285.3651005097, 10959.728480477752, 5867.17738277894]",128567.3
2021-03-29_2021-04-04,59305.16613796316,"[35752.0, 4160.0, 438.0, 32.0, 11.0, 1.0, 1.0]","[35288.53944165772, 3994.890865214825, 403.54752563934534, 25.44847892214502, 6.689999286149957, 0.4621548064675044, 0.13729560944471558]","[1083630972.830967, 122719193.02168442, 12407509.11892846, 783337.3437397854, 205349.32244862977, 14958.870382022658, 4803.497933121348]",148109.1
2021-04-05_2021-04-11,59312.16602650478,"[39054.0, 4346.0, 478.0, 37.0, 15.0, 1.0, 0.0]","[38964.23287657642, 4437.419499223421, 450.3595458958219, 29.52253910948445, 7.630424569122822, 0.6065108597644938, 0.21091103851644039]","[1299196664.8545396, 147682392.62382117, 14962302.212752843, 984329.1082058039, 253877.27938962463, 19475.43863393669, 7018.624196088458]",187561.7
2021-04-12_2021-04-18,59318.83206319419,"[36368.0, 4051.0, 439.0, 37.0, 18.0, 1.0, 0.0]","[35886.188842867974, 3950.6600846854367, 390.4362374108372, 25.190224038725006, 6.321098419393795, 0.4999522993909308, 0.18076302985008583]","[955339801.9049249, 105420934.638071, 10437078.932782035, 671670.741291949, 170106.69066443728, 12960.819947769387, 4910.992495126715]",154595.3
2021-04-19_2021-04-25,59326.32490347181,"[37342.0, 4286.0, 481.0, 39.0, 18.0, 4.0, 0.0]","[36843.241563118216, 4158.939534919209, 417.49424051722934, 27.54041888644122, 6.969796214309525, 0.5296571065928409, 0.19050129593153203]","[1149471785.255646, 129736590.714027, 13021658.636297619, 856702.8264094646, 217404.15957261424, 16091.132994546737, 6278.1225979969695]",175645.4
2021-04-26_2021-05-02,59333.15840833324,"[38090.0, 4477.0, 541.0, 62.0, 23.0, 3.0, 0.0]","[37833.88836700641, 4270.0599465294135, 430.7378072984729, 28.04705215579247, 7.295206500530553, 0.5804350847422438, 0.23519106614199628]","[1201609822.4491212, 135391982.30480984, 13647794.006586121, 886574.7382616427, 231970.32815277058, 18011.053035684337, 7366.56339984298]",191293.5
2021-05-03_2021-05-09,59340.166622916775,"[41164.0, 4956.0, 625.0, 74.0, 45.0, 7.0, 2.0]","[40703.62206529103, 4492.129007881335, 440.8350634167735, 27.43563150988928, 6.917971497008373, 0.5047521884431525, 0.212936309337244]","[1298537300.3448505, 143572118.44632986, 14088803.491158651, 875776.3624658181, 221102.11009020967, 15233.308722940525, 7119.503294355755]",195991.4
2021-05-10_2021-05-16,59347.16690069436,"[37826.0, 4475.0, 547.0, 64.0, 20.0, 5.0, 0.0]","[37218.58734052305, 4143.384950422334, 404.03731571273266, 24.6471160427616, 6.091081012667917, 0.4777658740981027, 0.16206895766817914]","[1259229730.7420917, 140277689.55293807, 13671089.778451806, 831886.6046916615, 207158.55083385314, 16651.47722827148, 5811.9813449798985]",182864.0
2021-05-17_2021-05-23,59354.16703310164,"[35472.0, 4007.0, 438.0, 41.0, 14.0, 2.0, 0.0]","[35107.46999377555, 3937.7477891497365, 377.5430301843164, 22.939903238933955, 5.626847102534985, 0.481596998482657, 0.20219114358643736]","[1190507682.93943, 133404439.71753837, 12793030.062367372, 775163.8709044257, 190349.2779704469, 16218.677294199828, 6601.816692245952]",179138.8
2021-05-24_2021-05-30,59361.16682986069,"[38324.0, 4419.0, 464.0, 41.0, 19.0, 1.0, 1.0]","[37922.42914968132, 4210.29426576136, 407.3442511585603, 24.788975814097846, 5.842431995519023, 0.5065222897374816, 0.17571000332640968]","[1233229191.3953907, 136748543.89341092, 13227767.42966728, 805503.0456641507, 189310.49501146318, 15754.903103753873, 5607.112134521697]",189740.6
2021-05-31_2021-06-06,59368.16688032413,"[40112.0, 4513.0, 502.0, 57.0, 9.0, 2.0, 1.0]","[40072.06596225106, 4484.229388860496, 430.6574101710453, 27.359588677351578, 6.095620305973262, 0.6143944245662326, 0.161579291078449]","[1305392068.977368, 146113935.12831107, 14034412.219216285, 891904.8885696088, 198042.14938140585, 19902.62170930859, 5646.25453636787]",194850.6
2021-06-07_2021-06-13,59375.16701273163,"[40498.0, 4672.0, 506.0, 66.0, 18.0, 5.0, 0.0]","[40231.63818553088, 4511.675197526795, 440.50384762189134, 27.92319085569113, 6.59671085451047, 0.4952776454376024, 0.20499604165658922]","[1387415066.0587406, 155484580.00833175, 15148966.160595428, 958519.4714689428, 226474.5687027954, 16727.319435070993, 6664.669503351971]",203892.0
2021-06-14_2021-06-20,59382.16671944457,"[40283.0, 4626.0, 460.0, 30.0, 13.0, 0.0, 0.0]","[40074.795596318036, 4454.994003721621, 426.95508942568677, 25.348036609295782, 6.236746628065224, 0.5183782673365606, 0.23442838493012058]","[1368460817.083645, 152089856.01786217, 14560110.719488645, 862451.3788788458, 211795.12735555365, 18288.73092707192, 7782.37254127378]",201795.7
2021-06-21_2021-06-27,59389.16656782394,"[39490.0, 4445.0, 439.0, 27.0, 16.0, 3.0, 0.0]","[39307.665284641764, 4327.173699693067, 407.53990257679857, 24.599392384222792, 5.764161632697955, 0.42416984483836895, 0.17638426607546612]","[1283967354.6558166, 141367616.54626486, 13326546.483647702, 808542.8789357069, 190593.97848320313, 14507.452210539559, 5589.731504347287]",192523.3
2021-06-28_2021-07-04,59396.16681620365,"[39664.0, 4476.0, 472.0, 49.0, 18.0, 0.0, 0.0]","[39286.323646636105, 4381.339896425747, 423.7060833287433, 25.914634578049622, 6.394268953650755, 0.46713789473277234, 0.19601391196184204]","[1302685719.13457, 144952057.70038238, 13955356.20724135, 849620.4242998025, 206800.6543922159, 15268.804533089746, 7218.92964972209]",194241.7
2021-07-05_2021-07-11,59403.16680162038,"[36061.0, 4242.0, 434.0, 35.0, 13.0, 1.0, 0.0]","[35811.12544647236, 4001.3594709264357, 387.66196677321057, 23.577792822995708, 6.023008372866755, 0.43380222994146717, 0.14327815145697062]","[1217530248.5781276, 136025943.83158892, 13170422.156516688, 796556.8301359935, 204412.3043095275, 14415.646141351843, 5205.888473727312]",183662.1
2021-07-12_2021-07-18,59410.16673958351,"[33700.0, 3851.0, 417.0, 26.0, 8.0, 3.0, 0.0]","[33474.243761500395, 3730.3682380267483, 357.83918098068324, 21.443071383349817, 5.6131025673848, 0.4088222047955587, 0.18044804717617982]","[1038563569.5435869, 116224506.23030116, 11176241.298783446, 667841.473175568, 173609.28073789575, 12562.585949406199, 5496.366497560727]",159055.2
2021-07-19_2021-07-25,59417.16679537053,"[38544.0, 4269.0, 459.0, 34.0, 11.0, 0.0, 0.0]","[38220.7420086335, 4245.0761065355755, 407.6727650958414, 24.83925821302621, 6.026196542456076, 0.421617778239355, 0.1581943776910759]","[1258911697.8924513, 139510017.5543974, 13372057.636359513, 816363.9286982295, 200201.18448489712, 12661.178256025336, 4441.1354223623275]",201544.0
2021-07-26_2021-08-01,59424.16695729188,"[17203.0, 1922.0, 203.0, 12.0, 5.0, 0.0, 0.0]","[17218.336329310234, 1903.2091839803895, 182.00615515362063, 11.258391544382073, 2.9564976560364156, 0.22716840351292575, 0.09808418359159404]","[545642515.0829871, 60163224.31092972, 5754376.039477583, 356280.41182819183, 94006.68991470417, 6653.388553510837, 3005.148115316638]",89746.5
2021-08-02_2021-08-08,59431.16673773149,"[40791.0, 4594.0, 467.0, 38.0, 12.0, 1.0, 0.0]","[40532.05285925995, 4549.359085969549, 443.2443474983744, 26.706016297222188, 7.051193419934438, 0.44621033993027226, 0.17966766812749643]","[1363935731.6767275, 153258078.75316066, 14937873.483360866, 904257.2392140909, 237257.80845662314, 14497.561843402918, 6034.11405914772]",200072.1
2021-08-09_2021-08-15,59438.16700601812,"[40159.0, 4595.0, 433.0, 27.0, 12.0, 2.0, 1.0]","[40039.06275989971, 4455.700917951394, 425.7483654601586, 25.45243955580989, 6.386640016369618, 0.5505139427580569, 0.19628654477523594]","[1366274668.8003912, 152212898.0008901, 14606508.293312237, 880416.0901288786, 223376.79454367363, 18304.64152364513, 7116.098248508556]",200564.6
2021-08-16_2021-08-22,59445.16691111219,"[40209.0, 4632.0, 482.0, 30.0, 10.0, 1.0, 0.0]","[40331.80477072669, 4537.199710013081, 438.0463457885917, 27.403133057483597, 6.468755077680695, 0.5211770289626528, 0.20531145444529872]","[1373378774.2309144, 154454976.4814357, 14921688.715699503, 933683.9756873244, 221635.91673917935, 18166.374933446452, 6105.257225163921]",203762.8
2021-08-23_2021-08-29,59452.16672245379,"[33421.0, 3776.0, 343.0, 36.0, 4.0, 2.0, 0.0]","[32983.895242340855, 3686.222028600973, 358.0325431855547, 21.697009898070913, 5.515166735987242, 0.39284349607865826, 0.13333186396735155]","[1085931677.699949, 121595201.79339607, 11806910.791914059, 719222.9916399043, 181595.34504237666, 13290.36254922495, 4667.568113304537]",166233.6
2021-08-30_2021-09-05,59459.16678854192,"[38754.0, 4478.0, 487.0, 54.0, 10.0, 1.0, 1.0]","[38542.78137388426, 4318.651858177381, 421.2358353276796, 25.80200633620003, 6.021634880303944, 0.5546519455278786, 0.19997958224027967]","[1302357988.6185346, 145891930.32301852, 14240725.42220765, 871025.2436493895, 202812.21869653134, 18683.201355808957, 6306.904174868906]",197147.6
2021-09-06_2021-09-12,59466.167044907554,"[38087.0, 4366.0, 464.0, 48.0, 16.0, 1.0, 0.0]","[37951.78491032937, 4230.68063000693, 408.73233119261215, 25.641911233343002, 6.491912614308386, 0.40391064216589817, 0.17249486137579229]","[1240168521.9650548, 138580154.58336702, 13446295.429106414, 844801.2763057911, 214584.9585904294, 13616.332442357218, 5430.569942664675]",189433.8
2021-09-13_2021-09-19,59473.16697187504,"[29253.0, 3248.0, 376.0, 23.0, 9.0, 0.0, 0.0]","[29350.950670789436, 3219.8306777162525, 306.7172487483116, 18.149186810410562, 4.589766804520614, 0.3132140658051357, 0.13735858688210614]","[762006672.5131882, 85143540.59048727, 8230080.242507249, 490776.1391541415, 124029.64262131492, 9035.436530120305, 3894.56491323091]",133166.1
2021-09-20_2021-09-26,59480.166958217735,"[38117.0, 4251.0, 497.0, 28.0, 9.0, 2.0, 0.0]","[38094.50330109616, 4269.966458152209, 422.1168014879605, 26.749508483784492, 6.650547376601713, 0.5189438716554484, 0.12718843508324096]","[1090126124.544439, 122565019.79329827, 12138527.598954547, 769602.8807859026, 193397.01215609373, 15777.39561030498, 4019.205114920909]",176134.3
2021-09-27_2021-10-03,59487.24986284722,"[35555.0, 4073.0, 404.0, 26.0, 7.0, 2.0, 1.0]","[35565.66507558394, 3997.071638370394, 386.9015956139588, 23.6896901381626, 5.876736711075347, 0.5231786540617448, 0.20224715192940546]","[1084734579.315797, 122344667.79548366, 11900373.440532755, 735029.8421640357, 183423.27164387863, 16135.605874168368, 5980.475592651447]",176387.7
2021-10-04_2021-10-10,59494.25005740744,"[35149.0, 4230.0, 442.0, 31.0, 16.0, 4.0, 0.0]","[34924.58879084662, 3957.313366702219, 388.7673566392308, 24.57731885968014, 5.8326137965795315, 0.4391391919343835, 0.16626952805299086]","[1169253095.4361172, 132418615.4636196, 13022197.355836509, 829166.7557588808, 196486.79475997342, 14755.213192286234, 5196.825323455363]",173501.1
2021-10-11_2021-10-17,59501.16663148133,"[39490.0, 4550.0, 510.0, 60.0, 17.0, 7.0, 1.0]","[39265.83633646514, 4424.382440867604, 429.71366059508784, 26.568773573781648, 6.986757083107711, 0.628839590468826, 0.24608708865893617]","[1286990894.5114825, 145082239.54807144, 14112270.76237555, 881598.6081728037, 230891.95586285897, 20668.10893092956, 7819.091712436657]",192875.6
2021-10-18_2021-10-24,59508.16666423631,"[36596.0, 4280.0, 477.0, 56.0, 22.0, 4.0, 0.0]","[36522.45398883597, 4151.802797832272, 410.14819120332555, 25.100719438059354, 6.075369486951232, 0.4131524059601157, 0.26506954842708597]","[1214687125.1156623, 137689090.73189077, 13617942.997726055, 837135.2571328366, 204989.72515525826, 15118.58125697233, 7808.1312154162315]",188799.0
2021-10-25_2021-10-31,59515.1669280092,"[41530.0, 4903.0, 592.0, 59.0, 26.0, 1.0, 0.0]","[41144.162975954096, 4660.35623786492, 461.92715640362917, 29.656321782166717, 7.454623157250264, 0.5374384473769995, 0.24461326892173957]","[1412245707.5662427, 160052861.00680125, 15888026.481882056, 1022283.8598008468, 256885.44335539517, 18600.85934623928, 8132.476987905787]",203061.5
2021-11-01_2021-11-07,59522.1668252314,"[42388.0, 4787.0, 538.0, 46.0, 21.0, 5.0, 0.0]","[41990.42273212225, 4773.108888402942, 474.23362915026615, 29.350530221957392, 7.41405773661754, 0.5734659498103429, 0.23431918233691595]","[1422843694.7614164, 161882431.36278957, 16114181.878893333, 1000083.2563713887, 252700.04922114217, 19587.668293827363, 7306.29304094062]",202691.3
2021-11-08_2021-11-14,59529.16671238424,"[41811.0, 4851.0, 510.0, 42.0, 17.0, 1.0, 1.0]","[41611.73777217638, 4708.645203256874, 466.9914278859518, 29.991721022359588, 7.315472334659534, 0.7273835923872269, 0.25014314165292467]","[1423440925.1081622, 161198817.45359352, 16007991.235729655, 1028485.4238686868, 253000.57912300815, 24636.33229544413, 8828.40926810368]",198198.4
2021-11-15_2021-11-21,59536.16684085637,"[42702.0, 4856.0, 521.0, 58.0, 14.0, 2.0, 1.0]","[42429.62238375904, 4787.6879253982725, 473.5939823250007, 30.323410951966345, 7.741550250100658, 0.5971284609795053, 0.23216078200158066]","[1449317576.5175495, 163478065.20674738, 16175038.559084307, 1036948.6170074684, 263698.2811758598, 20864.98121889448, 8272.214764125933]",203011.8
2021-11-22_2021-11-28,59543.166822106185,"[41226.0, 4825.0, 577.0, 43.0, 24.0, 2.0, 1.0]","[41030.90867774735, 4626.486327968194, 464.8543489564415, 30.31173763213349, 7.743524628074317, 0.6637576452887234, 0.25385426058787214]","[1413319822.7432754, 159458217.01407868, 16017040.582208244, 1044937.6894030354, 266563.65546989354, 22118.0514372842, 8951.452199754318]",203202.5
2021-11-29_2021-12-05,59550.16697291678,"[35126.0, 4042.0, 455.0, 45.0, 18.0, 4.0, 1.0]","[34699.4602166562, 3888.487660956174, 382.5635877836556, 24.317414519143544, 6.298069647857915, 0.45554865484554863, 0.2124973085109457]","[1131883152.8715186, 127196831.6367137, 12517459.160341576, 796616.679800332, 202732.11217479847, 14583.465458206601, 6578.225525207858]",168879.9
2021-12-06_2021-12-12,59557.16690509248,"[39068.0, 4386.0, 544.0, 51.0, 22.0, 4.0, 0.0]","[38698.656428863134, 4378.190708527993, 436.18065818954665, 29.217202159031494, 7.465868262387091, 0.5866787213455944, 0.2580130451549827]","[1276625723.3975346, 144697216.3778651, 14438909.240141658, 964123.0910997015, 248537.358954474, 19193.230829257405, 8142.232125138812]",188032.1
2021-12-13_2021-12-19,59564.166788194445,"[37081.0, 4436.0, 493.0, 41.0, 11.0, 2.0, 1.0]","[36573.251635821565, 4139.790984205308, 410.41091692548156, 26.170904160791466, 6.860426809099614, 0.6068089201377539, 0.1646358468379398]","[1256535789.034846, 142002999.2416907, 14066188.781235317, 894081.215888676, 234038.39595618902, 20155.423842508346, 5858.627559703837]",181194.2
2021-12-20_2021-12-26,59571.16683148157,"[42702.0, 5082.0, 653.0, 71.0, 41.0, 9.0, 1.0]","[42331.18615824938, 4791.097515171909, 483.5719835107064, 32.234360141840035, 8.35002986376883, 0.6888545957767355, 0.21683816410308815]","[1465899074.4558544, 165942349.49713737, 16738560.927921671, 1114683.1721580813, 287679.8761310284, 23228.406287263024, 7347.037666499778]",203012.7
2021-12-27_2022-01-02,59578.16677905083,"[40300.0, 4768.0, 603.0, 63.0, 27.0, 5.0, 3.0]","[39924.61492160551, 4508.957021643136, 454.3853583458449, 29.913251050868407, 7.682835418609567, 0.6415180958884903, 0.20580379841807311]","[1333669035.1281593, 150601656.0757391, 15146273.680708786, 997352.8216223256, 254647.3136088966, 21319.346088415987, 7438.628821681645]",195447.1
2022-01-03_2022-01-09,59585.16683425926,"[41517.0, 4816.0, 577.0, 80.0, 28.0, 8.0, 1.0]","[41395.22876970792, 4642.22578747758, 462.15500729318586, 30.583588849385173, 8.000792447839698, 0.614775347681979, 0.17368622575211853]","[1405488299.9094934, 157837150.26640144, 15711844.610662134, 1038433.0164744278, 270758.7684399996, 21355.50880986014, 5356.3198359801245]",199545.6
2022-01-10_2022-01-16,59592.16679201393,"[41966.0, 4970.0, 562.0, 65.0, 26.0, 6.0, 0.0]","[41971.49712042246, 4737.6735197800535, 468.79525345740115, 30.693566180408236, 8.192223901609433, 0.5735613078876174, 0.21054483448067637]","[1456338528.2535615, 164439371.41550773, 16253767.958122294, 1065130.961321776, 282160.84366207366, 20701.68945586736, 7599.954458084521]",203201.3
2022-01-17_2022-01-23,59599.16700868019,"[38484.0, 4451.0, 528.0, 46.0, 19.0, 4.0, 0.0]","[38113.242287080546, 4283.723595838767, 423.3195843670018, 28.030097271260953, 7.095021390654778, 0.5019891236800816, 0.21566546629660768]","[1274334230.9003482, 143230388.05566418, 14135684.057806171, 928091.8828289725, 234966.31694718846, 16323.890640937443, 6683.627138739625]",181216.4
2022-01-24_2022-01-30,59606.16685833294,"[43305.0, 5126.0, 622.0, 73.0, 37.0, 6.0, 0.0]","[42936.33753157471, 4844.130282615287, 472.8819256957524, 31.074550499409142, 7.755820041154299, 0.6355058478585496, 0.1875772549109614]","[1486190285.9073155, 167691041.0803076, 16347001.655161528, 1071423.3031905687, 269620.82811506616, 21351.84585887847, 6936.480106721473]",203044.1
2022-01-31_2022-02-06,59613.16693032354,"[42936.0, 4846.0, 583.0, 36.0, 22.0, 4.0, 1.0]","[42445.64434072607, 4779.20784013628, 476.47177400920947, 30.178405311306538, 8.360623570927109, 0.6802378788022423, 0.1923255089685823]","[1469981296.025816, 165470656.89425611, 16485674.50883316, 1042334.7632413912, 289302.76977282873, 23231.075841079906, 7102.738129689536]",203111.9
2022-02-07_2022-02-13,59620.16686990748,"[39716.0, 4697.0, 549.0, 50.0, 21.0, 4.0, 0.0]","[39308.07734403444, 4419.613540657313, 439.14193563822016, 27.921708529794007, 7.764854998600813, 0.6108337010421494, 0.22409929825919445]","[1325238497.0229826, 149015870.96625993, 14800579.075090092, 943650.5172600934, 263209.69842337247, 21307.23894502597, 7177.9641039968365]",187778.1
2022-02-14_2022-02-20,59627.16690486121,"[37755.0, 4324.0, 534.0, 53.0, 15.0, 3.0, 0.0]","[37396.76813302593, 4132.569449386939, 404.7037731899504, 26.417743440442536, 7.439825483841909, 0.6753326892985462, 0.18805027514920516]","[1045055738.4002825, 116523781.56069803, 11455562.02997453, 750539.8933323767, 206687.31678836473, 17449.329667792288, 5727.104616013442]",162623.2
2022-02-21_2022-02-27,59634.16683993064,"[40141.0, 4683.0, 576.0, 59.0, 26.0, 6.0, 0.0]","[39678.87804782855, 4381.902230501328, 425.2741901671675, 27.62233724746629, 7.247008115754687, 0.662497175113467, 0.14821485449720176]","[1270948106.568478, 140540709.2098233, 13656411.052226642, 885320.8881735116, 233427.20459168413, 21655.473449924364, 5322.314001507872]",190012.8
2022-02-28_2022-03-06,59641.166850115726,"[40774.0, 4738.0, 576.0, 88.0, 39.0, 11.0, 0.0]","[40237.21258676858, 4446.11609736719, 432.99943160158415, 27.977097324581944, 7.156616571963767, 0.7711301315575569, 0.21466228750448943]","[1363592077.9874923, 150747699.5322169, 14659004.15941761, 946103.9302666228, 241468.94852364316, 25913.90491733986, 6872.604006977541]",197689.8
2022-03-07_2022-03-13,59648.16671736075,"[39804.0, 4446.0, 518.0, 45.0, 22.0, 0.0, 0.0]","[39342.023894596416, 4296.510912823799, 409.46143597801273, 25.72861837201804, 6.777441544539931, 0.5157181387292306, 0.1070294568036769]","[1303318639.4856553, 142315356.2192978, 13556667.644092413, 849083.2614839845, 225424.2425270717, 16699.070096006868, 4001.8159528574397]",198260.6
2022-03-14_2022-03-20,59655.16690104192,"[39781.0, 4440.0, 511.0, 43.0, 27.0, 4.0, 0.0]","[39324.077559568585, 4264.791685654209, 398.70224879034487, 25.671268552000445, 6.790729866984, 0.620351422209434, 0.21228406862901106]","[1335629614.1302543, 144849108.39923978, 13535421.385948697, 869129.7132119421, 230426.26371799107, 20038.484228510843, 6157.892012485818]",200977.2
2022-03-21_2022-03-27,59662.16696226853,"[38166.0, 4441.0, 547.0, 63.0, 37.0, 5.0, 0.0]","[37941.647172918, 4129.232093179283, 391.64715081520853, 23.722742792449406, 6.5274782030982035, 0.4949847067855362, 0.1406065788027309]","[1267935099.8266454, 138087836.56201687, 13080555.102433397, 794701.5042958272, 217190.49020117306, 16671.136511299046, 5117.511171812461]",193716.3
2022-03-28_2022-04-03,59669.166778935,"[38052.0, 4435.0, 562.0, 81.0, 41.0, 5.0, 1.0]","[38015.13488244618, 4126.907359607, 387.2427925748832, 23.25998871906426, 6.425505058154982, 0.4566555150575989, 0.15077263515385553]","[1275023984.2623746, 138509179.45466995, 13002070.580596961, 777603.4480559044, 214543.23295416168, 15062.446506523964, 4679.025864826697]",200678.5
2022-04-04_2022-04-10,59676.16661817132,"[33934.0, 3714.0, 426.0, 56.0, 23.0, 0.0, 0.0]","[33561.40038788855, 3534.8782095427223, 322.8380941268044, 20.196164815280184, 5.037030915387847, 0.3998927514929785, 0.15025314820036004]","[1121827006.9729357, 118308564.8710011, 10819599.530374771, 677027.5913606032, 169153.68289465495, 13885.269596622722, 4543.770018548201]",194192.9
2022-04-11_2022-04-17,59683.16650127327,"[37781.0, 4258.0, 511.0, 62.0, 36.0, 5.0, 0.0]","[37301.427475395365, 3968.186208828533, 363.230002461233, 22.798635181832175, 5.8980061950067135, 0.550401780771914, 0.1844875891781394]","[1279526953.4419959, 135988261.50585866, 12440268.4892512, 780644.6481799313, 201269.69688162953, 19089.233527680877, 6339.682661614487]",203184.8
2022-04-18_2022-04-24,59690.16679131911,"[36839.0, 4154.0, 505.0, 65.0, 36.0, 5.0, 2.0]","[36461.74957868467, 3921.136681191551, 363.29864830124694, 22.99936355561519, 6.01764865625706, 0.40579977146878715, 0.18981974674804472]","[1200010728.4652817, 129223984.77366064, 11976460.850393608, 756358.2747150672, 199919.55193536438, 12741.644571129307, 6172.524599633114]",190150.2
2022-04-25_2022-05-01,59697.16674571783,"[39929.0, 4586.0, 553.0, 38.0, 23.0, 4.0, 0.0]","[39748.5008068483, 4438.804631115618, 426.8052759000317, 27.414147342630553, 6.983876873442875, 0.548532048110528, 0.18413037104700072]","[1309152527.3176954, 145623468.44232956, 13943486.246216888, 890811.4688829503, 227703.51259439855, 18386.144174336263, 6033.640332713923]",204578.8
2022-05-02_2022-05-08,59704.16650463019,"[37957.0, 4523.0, 562.0, 82.0, 34.0, 5.0, 1.0]","[37925.671679531166, 4402.723900706255, 439.1147989270749, 28.034904123554185, 7.12101998951539, 0.4863689225894143, 0.19023516593137155]","[1290886719.8099446, 149785911.68200365, 14936779.347572383, 950892.1879187655, 240691.5280895584, 17317.655208751996, 6505.010861341301]",202384.9
2022-05-09_2022-05-15,59711.16671157407,"[39829.0, 4820.0, 601.0, 65.0, 27.0, 5.0, 0.0]","[39629.055054447, 4559.399472711479, 448.0429946438294, 27.54751190900459, 6.736740381950999, 0.4424293140944131, 0.16726102415446056]","[1335990266.603066, 153640327.48298508, 15090646.21744914, 927625.6754483186, 226276.97444736483, 15354.011930939445, 5564.520763460432]",200369.1
2022-05-16_2022-05-22,59718.16637986089,"[40388.0, 4858.0, 621.0, 58.0, 19.0, 3.0, 2.0]","[39978.224819791714, 4662.495544804903, 460.18163273402706, 28.775278408534934, 7.294146818361595, 0.45587018276795566, 0.21975379178909343]","[1369716072.321676, 159502715.06909594, 15716981.962393774, 979099.4979364718, 249217.27472525672, 16397.55774986692, 7521.753539232966]",204723.7
2022-05-23_2022-05-29,59725.16671539346,"[40643.0, 4816.0, 562.0, 58.0, 39.0, 4.0, 0.0]","[40315.78555300348, 4633.824910353222, 448.4099020304857, 26.48884157800176, 6.700028315945608, 0.5233293277821071, 0.2018409204082511]","[1385334018.9883661, 159047300.13493952, 15377836.951477272, 908010.5342689722, 229223.12514705025, 18261.96955011712, 7084.171718689989]",204695.7
2022-05-30_2022-06-05,59732.16694317115,"[40637.0, 4762.0, 572.0, 72.0, 28.0, 2.0, 2.0]","[40295.229166353856, 4643.671898596092, 452.92238231329884, 27.634990518694586, 6.649305633295511, 0.49638604320984314, 0.20442345917641963]","[1382371593.7853718, 159192630.74859756, 15538586.49123398, 947666.0706727651, 227064.4055050825, 16395.777984728622, 6917.237840771284]",203331.7
2022-06-06_2022-06-12,59739.16687361122,"[40749.0, 4932.0, 589.0, 52.0, 27.0, 4.0, 0.0]","[40221.738511077754, 4665.677457162914, 463.01299675479964, 28.321885746166355, 6.880903935337641, 0.4668532095182024, 0.284624982562078]","[1380731563.6547089, 159811706.89108145, 15824262.338086521, 962839.4878888499, 234814.03623942475, 16700.16204820703, 9537.153905605126]",204742.6
2022-06-13_2022-06-19,59746.1670091434,"[40545.0, 4834.0, 544.0, 43.0, 20.0, 0.0, 1.0]","[40388.971298777265, 4705.396293618881, 467.37787574168857, 29.131168690644724, 6.850034603769631, 0.5394935164878804, 0.18711493996337364]","[1378371209.8638442, 160426417.47427636, 15915679.527479153, 992245.2612031334, 231906.71848452074, 18934.843688389454, 6228.377257731994]",203727.8
2022-06-20_2022-06-26,59753.167018634485,"[40204.0, 4767.0, 516.0, 51.0, 29.0, 6.0, 2.0]","[39905.52444504789, 4575.026846982329, 442.6057522511509, 26.690794660233827, 6.780003134975261, 0.46913207242715704, 0.15964015246084334]","[1325684538.3200362, 151836961.24040294, 14670279.667176945, 884321.9889737793, 223074.83150703978, 14969.452274901616, 5812.43440807985]",200498.2
2022-06-27_2022-07-03,59760.16680532409,"[39010.0, 4635.0, 531.0, 50.0, 19.0, 4.0, 4.0]","[38941.36394209966, 4430.1998513591, 430.25334058868793, 27.21684305251731, 6.442417551776798, 0.3789903898670395, 0.2162685209087461]","[1277300766.394614, 145197159.435745, 14074969.033972334, 886714.2725099081, 209206.9848936667, 12339.889292684291, 6553.231730676475]",197908.2
2022-07-04_2022-07-10,59767.16666122664,"[39206.0, 4627.0, 504.0, 55.0, 19.0, 5.0, 0.0]","[38962.94162527268, 4517.00813905821, 446.04540559619863, 27.643599890104895, 6.748411482802576, 0.45512578058022085, 0.21434214335000856]","[1311090982.5318434, 152153971.78526518, 15029013.971863443, 932284.1238239486, 228672.4792798477, 16004.840113540451, 7060.3905354712615]",195691.6
2022-07-11_2022-07-17,59774.16690879582,"[40129.0, 4815.0, 566.0, 56.0, 17.0, 1.0, 0.0]","[40206.48720592428, 4704.322647823064, 468.8220163182204, 28.398130651366706, 6.985557008677189, 0.49850703838594995, 0.1784951692956557]","[1389893280.2970648, 162469701.40901467, 16172480.371832596, 977701.8346557098, 242018.54043184084, 16811.260747086893, 7002.957259268117]",204728.4
2022-07-18_2022-07-24,59781.1668662036,"[39912.0, 4749.0, 536.0, 58.0, 25.0, 2.0, 0.0]","[39478.518168995884, 4555.764758830096, 447.9829240054062, 27.08345454467674, 6.539697220113976, 0.41621836790438344, 0.23305426869976398]","[1365471911.0631175, 157604843.19547436, 15508375.80980367, 941673.4539090022, 226220.29017285455, 13611.688416652329, 7982.690250114816]",204035.8
2022-07-25_2022-07-31,59788.16675636565,"[40148.0, 4782.0, 571.0, 61.0, 23.0, 4.0, 0.0]","[39442.27010225064, 4578.21185265244, 450.84552952661534, 28.59879107709638, 6.884792568546212, 0.5918934998587281, 0.20066714025310733]","[1362976016.9932063, 158088453.50455174, 15543121.88967333, 982161.218999661, 237289.34673931714, 20597.144967811284, 6537.626826311448]",204657.9
2022-08-01_2022-08-07,59795.16681076432,"[39702.0, 4702.0, 534.0, 52.0, 33.0, 7.0, 1.0]","[39657.91214253873, 4595.146875173431, 452.28802365083925, 27.91624187695866, 6.887130914949116, 0.4978475622879902, 0.18233046614787507]","[1370451035.6524127, 158763792.59004864, 15627037.242934056, 962503.6299564206, 237290.52015269504, 17655.378502483465, 7006.344898852188]",204842.1
2022-08-08_2022-08-14,59802.166529745205,"[39922.0, 4650.0, 524.0, 57.0, 23.0, 2.0, 0.0]","[39675.173611318714, 4602.53123295723, 449.33440866590905, 26.925437304992514, 6.558405193265542, 0.47514080983340007, 0.18819105691285506]","[1363667057.342308, 158189181.76627758, 15439024.776954068, 926709.2525166324, 226154.13225016053, 16835.285819631856, 6921.663766279237]",204751.8
2022-08-15_2022-08-21,59809.16680590272,"[39878.0, 4727.0, 517.0, 37.0, 21.0, 2.0, 1.0]","[39807.69627171486, 4604.852953038708, 456.39646043745165, 27.330451542423862, 7.213595149376716, 0.5442336439365966, 0.17180381525007826]","[1355525916.4072585, 156805963.13511136, 15551410.57189827, 930286.6909325365, 245617.36728585028, 17494.398473066725, 6136.87882596709]",204786.5
2022-08-22_2022-08-28,59816.16690625,"[37912.0, 4470.0, 489.0, 42.0, 17.0, 1.0, 1.0]","[38135.988632404966, 4381.303795396346, 424.69524020908597, 25.550702344760897, 5.944993964418531, 0.5001248095993998, 0.16570066244455062]","[1268762627.704841, 145843478.3244583, 14182948.85598664, 857921.567879123, 200450.0340142854, 15952.580607986445, 5229.29496436588]",195204.8
2022-08-29_2022-09-04,59823.14737326394,"[37133.0, 4447.0, 556.0, 44.0, 22.0, 3.0, 0.0]","[37244.12413318643, 4302.809471011092, 416.463664194371, 26.280756191272534, 6.183232433048772, 0.5747509809700257, 0.22997520318156145]","[1246577247.6811204, 143939343.0543227, 13966584.469500123, 880267.2641245348, 208155.66846913157, 19369.7610322623, 7727.881031833542]",196042.0
2022-09-05_2022-09-11,59830.14744907413,"[39098.0, 4690.0, 547.0, 63.0, 23.0, 5.0, 4.0]","[38980.65557319227, 4558.210205260486, 457.90719725174256, 28.405350639868367, 7.440260376256355, 0.5994246155071198, 0.16671439060752413]","[1339382888.7673943, 156568659.3402174, 15736276.625880945, 978239.5508292711, 256527.74545248318, 20205.33214261381, 5765.197158049617]",204052.7
2022-09-12_2022-09-18,59837.1668284719,"[37851.0, 4524.0, 533.0, 51.0, 18.0, 3.0, 0.0]","[37759.23323185537, 4385.649730504669, 435.45238796799003, 27.056085408532063, 6.333299977979713, 0.4575055853166261, 0.18642238236556896]","[1244629227.9923644, 144438441.22151375, 14327812.321877852, 887733.6883591515, 212463.22436034848, 15204.653037567798, 6237.772711887979]",194099.8
2022-09-19_2022-09-25,59844.16651377377,"[39827.0, 4877.0, 584.0, 68.0, 25.0, 4.0, 0.0]","[39606.72629955346, 4592.231748668276, 452.38981448902996, 27.88562229312826, 7.122193489571691, 0.5033028657710917, 0.15782916880379694]","[1315650759.0421302, 152482269.86447757, 15044456.442280669, 927208.3708249455, 239877.83121240648, 17837.10663956839, 5296.913355496675]",199200.5
2022-09-26_2022-10-02,59851.1669710641,"[33399.0, 4036.0, 494.0, 34.0, 19.0, 5.0, 0.0]","[33078.21913226435, 3771.438104777248, 368.44943457427314, 21.816804399440297, 5.4630146858078925, 0.3172776576093623, 0.2238610008309974]","[1012404335.2126851, 116196497.34328212, 11416294.962845871, 680356.615045758, 165064.85253563456, 11301.093446815017, 5933.509562960122]",161692.6
2022-10-03_2022-10-09,59858.16684722263,"[39569.0, 4809.0, 632.0, 53.0, 26.0, 3.0, 2.0]","[39496.40041921758, 4589.929530797013, 454.6076339304744, 28.601609921993436, 6.973245098357859, 0.4490075130842064, 0.17360571409958386]","[1354471921.9265065, 157500648.3156875, 15629821.56370816, 985426.9198415123, 239702.2739422365, 15888.038148944943, 6001.892102053277]",203120.7
2022-10-10_2022-10-16,59865.16683425795,"[39759.0, 4989.0, 567.0, 78.0, 27.0, 9.0, 1.0]","[39555.49435227582, 4628.243255296209, 462.531214144361, 28.83523023150779, 6.867494048137587, 0.4900325144436772, 0.2677462809160641]","[1330399037.1286862, 155832693.41852832, 15602415.878786745, 975060.0850852537, 233072.74791794567, 16626.24145673779, 9333.128333883993]",198889.9
2022-10-17_2022-10-23,59871.978755787066,"[24567.0, 2902.0, 346.0, 35.0, 15.0, 2.0, 1.0]","[24280.317221059184, 2875.607739377841, 294.44922335111244, 18.917472583778995, 4.601447554706471, 0.3540827616794693, 0.10763599387961487]","[809633161.5768352, 95670027.4678901, 9795234.483200358, 632517.972371654, 154001.39795658845, 12894.517248347056, 3716.0713961802917]",132362.4
2022-10-24_2022-10-30,59879.2502747682,"[39210.0, 4723.0, 572.0, 53.0, 22.0, 5.0, 1.0]","[39132.46458801038, 4582.800143630543, 457.9464421182344, 30.245940568366116, 7.674479010719459, 0.6801546704915261, 0.22222434091814078]","[1314694984.300399, 154096430.29407018, 15432847.651157564, 1015082.0845072494, 259153.69863147667, 22538.00077167644, 7295.594848701851]",196481.8
2022-10-31_2022-11-06,59886.16695219893,"[39239.0, 4781.0, 623.0, 54.0, 25.0, 4.0, 2.0]","[39164.40131215818, 4577.515863591934, 464.74889910223277, 30.03857665916347, 7.619579568607831, 0.5190742744465884, 0.22427352682317508]","[1329720455.255478, 155613832.7833457, 15835591.926810907, 1024158.4291904634, 262190.3137526452, 17192.814479384102, 7467.236579422]",199524.9
2022-11-07_2022-11-13,59893.16699583343,"[40305.0, 4777.0, 566.0, 64.0, 32.0, 5.0, 0.0]","[40076.285995542035, 4664.6316111286715, 467.83328238644685, 29.276003408702245, 7.520087229093448, 0.6539014811136782, 0.16833605255926076]","[1376915076.6833324, 160472780.57492298, 16142027.95810541, 1010474.1989738848, 259027.62190643806, 23048.1672235759, 6291.077290789802]",203236.0
2022-11-14_2022-11-20,59900.16687060168,"[40516.0, 4833.0, 570.0, 49.0, 19.0, 2.0, 0.0]","[40218.147169653676, 4677.972074009691, 475.30749227199266, 30.33724696187495, 7.104499880776922, 0.5274222452336266, 0.2574898582149406]","[1354416618.849206, 157823366.26623634, 16060406.028216086, 1026816.308853187, 239119.86005697952, 18347.311759465458, 8564.924847635619]",198312.4
2022-11-21_2022-11-27,59907.16699351847,"[39587.0, 4700.0, 542.0, 45.0, 16.0, 1.0, 0.0]","[39594.23059763282, 4599.4045264072165, 461.5181601106256, 28.793975986081833, 7.483508278318013, 0.55873737628033, 0.2271178786261761]","[1322218418.9352715, 153887707.55306387, 15468206.296786452, 963689.3504437659, 251440.15593391954, 19231.941604487565, 7097.217157972941]",194707.3
2022-11-28_2022-12-04,59914.166677777845,"[40034.0, 4770.0, 483.0, 56.0, 16.0, 2.0, 1.0]","[39700.25944607705, 4628.421010530014, 464.85716604160973, 29.657635765689662, 7.574486494284095, 0.6060222658227393, 0.17510048802564893]","[1327625708.2006495, 154981849.41424483, 15585411.024716582, 995391.0932580928, 253600.80454215466, 19955.2196358543, 5759.134423536543]",194103.2
2022-12-05_2022-12-11,59921.166612731264,"[40968.0, 4760.0, 556.0, 36.0, 18.0, 2.0, 0.0]","[40856.75977774077, 4757.8322645281105, 479.42596323304036, 30.34393401926105, 7.487383178861077, 0.5545526897060318, 0.2301307878604314]","[1406785263.9279125, 163838613.4859297, 16507189.13843836, 1047168.9368049937, 259163.42147031054, 19152.097305304713, 8447.01823896734]",202872.8
2022-12-12_2022-12-18,59928.16688993055,"[40514.0, 4785.0, 494.0, 38.0, 11.0, 0.0, 1.0]","[40036.647438014734, 4657.441621297674, 467.23148896604056, 29.420033311241404, 7.119440580099964, 0.47544036661164846, 0.17596877048432735]","[1362145676.7293968, 158550113.55819356, 15908875.838076787, 1000584.3656984927, 243313.67545074222, 16733.411320265546, 6292.491435267658]",198152.3
2022-12-19_2022-12-25,59935.16690578736,"[41880.0, 4890.0, 499.0, 33.0, 17.0, 0.0, 0.0]","[41467.71453762092, 4838.163654429926, 484.07543301306737, 30.77903054269169, 7.605534575743035, 0.6232749786463406, 0.20082194546721263]","[1422333739.6545186, 165890026.45312017, 16595257.8756174, 1055277.4128286976, 261545.5033139653, 22064.60134636621, 7098.842920825387]",202142.2
2022-12-26_2023-01-01,59942.16682083384,"[25601.0, 3124.0, 322.0, 21.0, 7.0, 0.0, 0.0]","[25831.232871433836, 3067.8966477257864, 313.3263259812649, 21.112911519840676, 5.427532912304513, 0.4868370511641303, 0.16019871346631828]","[824981819.1057191, 97827191.20106083, 9995674.389863523, 672869.0723126495, 172875.19901147712, 15553.945680260504, 5199.831542450986]",140137.3
2023-01-02_2023-01-08,59949.16686342559,"[35902.0, 4305.0, 438.0, 37.0, 10.0, 0.0, 0.0]","[35329.97302730908, 4162.511373048926, 431.96362394923307, 28.166108463667, 6.87590583405221, 0.592640334390639, 0.13415547361419086]","[1155505338.4759948, 136326422.29176605, 14127936.709514441, 921422.6594623183, 224276.88056025686, 19808.17745662582, 4628.701159607909]",183112.7
2023-01-09_2023-01-15,59956.16683078704,"[41710.0, 5025.0, 515.0, 54.0, 3.0, 2.0, 0.0]","[41781.78931567855, 4889.983735301588, 498.5370747963651, 32.82533510051687, 7.623833754577034, 0.5868240184806509, 0.22702598654597145]","[1450485285.5409284, 169752968.70497143, 17296141.16596582, 1138213.417946403, 263888.36937796854, 20776.639058969966, 7162.580043115824]",203133.1
2023-01-16_2023-01-22,59963.16676030106,"[42727.0, 5197.0, 513.0, 51.0, 10.0, 1.0, 0.0]","[42505.91306615927, 4968.584486663543, 504.931226714676, 32.728118314883204, 7.957657412146373, 0.6515760671761939, 0.23363009424741518]","[1477561793.530347, 172542594.25787884, 17519532.70131088, 1136624.6681269302, 276589.7882157402, 22506.931476664315, 7712.457271554877]",203198.4
2023-01-23_2023-01-29,59970.16675717596,"[41593.0, 4903.0, 498.0, 52.0, 12.0, 2.0, 0.0]","[41038.48407385665, 4761.647125785163, 476.4467579273265, 29.544554048191532, 7.489019204188673, 0.6015149382176006, 0.21209514435501808]","[1418007101.1978648, 164426445.19619763, 16438468.068208635, 1016813.8102052474, 256203.13950781012, 20338.957807664865, 7567.824534967122]",201583.3
2023-01-30_2023-02-05,59977.16682650465,"[41223.0, 4937.0, 561.0, 51.0, 19.0, 6.0, 1.0]","[41032.81042896885, 4772.253874388339, 480.2356454568706, 29.951583958322374, 7.5481334404623635, 0.6759045981789846, 0.2389198129058207]","[1414124339.9749324, 164436504.23245248, 16519470.530971272, 1031515.8695893345, 258927.97167272464, 23011.80261494215, 8400.397738684043]",202995.1
2023-02-06_2023-02-12,59984.16681087963,"[42634.0, 5089.0, 538.0, 47.0, 19.0, 0.0, 0.0]","[42499.006639940824, 4933.380236123852, 497.3429745188295, 31.231256586651106, 8.125822774279856, 0.6764647307425158, 0.2706001647574235]","[1472168042.9376864, 170835222.96674702, 17199253.16986257, 1079570.3481021347, 280382.5201430119, 22749.10247924232, 9002.710027212426]",202995.1
2023-02-13_2023-02-19,59991.166785648245,"[40860.0, 4855.0, 591.0, 44.0, 25.0, 3.0, 0.0]","[40501.10550115667, 4713.869652799282, 475.3874601939603, 30.385149882274323, 7.717116781937387, 0.5817575506964885, 0.2413295711772096]","[1378897736.4593842, 160512794.23890743, 16171658.678135447, 1032091.830799578, 261156.6600978914, 20359.34933811576, 8530.960066642785]",201530.3
2023-02-20_2023-02-26,59998.16684629615,"[40306.0, 4849.0, 516.0, 44.0, 11.0, 2.0, 0.0]","[40321.71915326304, 4683.901877519746, 474.8323795694958, 29.82010614053857, 7.722895180714643, 0.5672697345036805, 0.22857722686214194]","[1372280665.2971191, 159445287.24808168, 16162485.671833266, 1016700.2749657499, 262519.5015238704, 19028.649234597462, 8172.098104187622]",197141.2
2023-02-27_2023-03-05,60005.16687835648,"[38536.0, 4543.0, 561.0, 48.0, 25.0, 3.0, 0.0]","[38196.85346170339, 4403.151582443158, 446.4085001016778, 29.091812857256347, 7.096682432611239, 0.5370298326230492, 0.1869921216745305]","[1150907759.5833797, 132908739.45352897, 13467775.582465168, 878612.4358167341, 215440.16979087226, 15892.79301555953, 5657.574470776642]",178448.9
2023-03-06_2023-03-12,60012.16669861128,"[35040.0, 4107.0, 472.0, 40.0, 12.0, 1.0, 0.0]","[34704.97964845051, 4055.686327236454, 412.84897718786135, 27.131707219964742, 6.634626779129939, 0.5592356214209292, 0.16197878728750417]","[1133158004.57715, 132626553.86362027, 13500747.482300159, 886876.875497682, 216165.18538558108, 17806.984260758665, 5826.717077825181]",170745.9
2023-03-13_2023-03-19,60019.16670821783,"[40790.0, 5026.0, 545.0, 38.0, 14.0, 1.0, 1.0]","[40742.30270362457, 4813.117068973922, 494.82735422549354, 32.39849643132386, 7.530437585664293, 0.6327846018179408, 0.18377977600342352]","[1402298597.8533208, 165632938.19987154, 17024606.40767349, 1115108.9055002294, 258681.33028933586, 22816.19735351654, 6935.887886574562]",202549.6
2023-03-20_2023-03-26,60026.16679004633,"[42703.0, 5104.0, 564.0, 48.0, 20.0, 2.0, 0.0]","[42304.22278438254, 4977.571373152619, 507.62507047921326, 32.73179405220029, 8.345946628867736, 0.5716920832636972, 0.26767331097361063]","[1429831579.043777, 168241957.40658987, 17135052.953295697, 1105270.903568217, 280990.89326737286, 19762.296804488244, 8789.771544678937]",200611.1
2023-03-27_2023-04-02,60033.166902199344,"[42121.0, 5204.0, 604.0, 50.0, 29.0, 5.0, 1.0]","[41850.997564446225, 4922.0393530786405, 503.0720107700777, 32.865878858455986, 7.932444171415563, 0.569889175817074, 0.19278218592114313]","[1439524987.669002, 169357130.69981053, 17315122.072155494, 1128022.4350848245, 275093.54024662136, 19479.69125349331, 6076.163132830234]",202686.2
2023-04-03_2023-04-09,60040.16684895881,"[41509.0, 5198.0, 578.0, 75.0, 21.0, 5.0, 1.0]","[41705.007410925304, 4890.274147436832, 502.6609306568386, 31.999637527627847, 7.79074323669277, 0.5782602536394262, 0.2226309086862385]","[1420273785.1453898, 166548098.02803367, 17111233.558852337, 1088718.8594208448, 265959.82749609434, 19745.669051418972, 7800.212371471638]",202998.8
2023-04-10_2023-04-16,60047.16669548633,"[40384.0, 4835.0, 567.0, 58.0, 23.0, 2.0, 1.0]","[40119.67289255011, 4721.177852560222, 482.17786747334804, 30.66192331614384, 7.5356333068746935, 0.6261089449498791, 0.20003840556795013]","[1357961599.0641286, 159813797.90286565, 16324728.972519856, 1038467.9708784884, 254674.3798372613, 21829.86168701264, 6410.706314862537]",200115.3
2023-04-17_2023-04-23,60054.16680555557,"[41420.0, 4919.0, 546.0, 46.0, 17.0, 1.0, 0.0]","[41336.71620362565, 4836.718282269803, 480.9003977415435, 30.527937621446178, 7.485699143000106, 0.5278940026286576, 0.2521760637612366]","[1362520490.1459916, 159660801.01023784, 15902352.967435388, 1009710.2200382231, 246508.59712451528, 17269.107656639422, 8268.41025204215]",196040.7
2023-04-24_2023-04-30,60061.166785763984,"[41131.0, 4884.0, 601.0, 60.0, 26.0, 2.0, 1.0]","[41065.40839724113, 4789.032978334116, 487.9984532013163, 30.59464867998321, 7.841004325729651, 0.5568294626782179, 0.2586525040363047]","[1367852999.020956, 159610997.91515425, 16260507.467134943, 1018022.1075349224, 262344.91982996545, 19101.530895139505, 8317.2323646905]",203820.3
2023-05-01_2023-05-07,60068.16675104176,"[41988.0, 4970.0, 540.0, 39.0, 17.0, 2.0, 0.0]","[41835.14100337798, 4891.101891936927, 497.9901694598356, 31.24508326529638, 7.986005236425581, 0.6109945209326236, 0.2051956189440043]","[1435088004.045779, 167734581.17004502, 17069959.343027525, 1068060.9533205682, 276310.7257860862, 21696.283291699394, 7317.290570941417]",204678.1
2023-05-08_2023-05-14,60075.16686215272,"[41241.0, 4928.0, 592.0, 59.0, 14.0, 2.0, 0.0]","[40961.29620186678, 4783.649801729487, 485.1668268218159, 30.926839626908226, 7.768895052190059, 0.5512030547191968, 0.1817546039717529]","[1393134607.2859402, 162687666.9801799, 16496406.823889207, 1051297.9370325026, 264857.7665445491, 18789.26576663602, 6431.248039710583]",201526.6
2023-05-15_2023-05-21,60082.16686030101,"[41447.0, 4922.0, 561.0, 36.0, 21.0, 1.0, 1.0]","[41152.33433027129, 4797.507839555438, 479.01709414528693, 31.054205472312386, 7.39169045050116, 0.5518284763226436, 0.2205542181543972]","[1417109882.139455, 165138805.21367165, 16474820.344705619, 1068807.144984494, 253570.20730982485, 18870.23977389985, 8793.837777065028]",204688.8
2023-05-22_2023-05-28,60089.16687615765,"[40928.0, 4811.0, 538.0, 30.0, 13.0, 4.0, 0.0]","[40780.45918982451, 4754.434060457929, 475.6646506786163, 29.08564893205341, 7.470296608016069, 0.6019724430013115, 0.20558346468729818]","[1407003366.7602227, 164039367.15037578, 16416306.348027127, 1002501.2710590669, 259220.76614904645, 20953.269348512404, 7187.103212172038]",204804.7
2023-05-29_2023-06-04,60096.1668083332,"[37965.0, 4453.0, 472.0, 38.0, 13.0, 2.0, 2.0]","[37837.21324768657, 4381.834538737002, 432.5998812135816, 27.062060689847694, 6.32369789244616, 0.5854353513735283, 0.2080113574665238]","[1279579645.2740743, 148153930.96608633, 14615021.216132857, 914349.5619778245, 214321.53772658188, 19385.539155120867, 7274.052583766536]",194386.2
2023-06-05_2023-06-11,60103.167110069255,"[40753.0, 4720.0, 466.0, 44.0, 8.0, 1.0, 0.0]","[40301.11244621966, 4645.8737615492955, 459.06541292574013, 28.865894274591895, 6.862316146318363, 0.47891974398756787, 0.16672039671710764]","[1394281708.8486652, 160767759.9482813, 15894046.711604672, 998013.1201756687, 236263.05771417543, 16745.31380505964, 5740.357353847417]",204682.7
2023-06-12_2023-06-18,60110.16689143563,"[41368.0, 4656.0, 511.0, 42.0, 15.0, 1.0, 0.0]","[41027.75232564014, 4703.066240251961, 465.89410272005523, 27.901740150250422, 7.0083213611555095, 0.45607840758723034, 0.14736203205317924]","[1420597602.9726627, 162815360.61287153, 16101589.950094564, 965429.7262953755, 242447.9854617975, 14715.782900267839, 5680.840763773929]",204785.7
2023-06-19_2023-06-25,60117.16688773152,"[41062.0, 4645.0, 479.0, 34.0, 15.0, 4.0, 0.0]","[40542.82133971947, 4631.035336397548, 453.6152858188232, 28.47550495857886, 6.877564244683759, 0.48330678119411247, 0.22913440121248935]","[1399489690.992169, 159696859.98827493, 15639431.235538602, 977906.5496886959, 238065.03620931, 16920.341772093714, 8402.706962225177]",204138.8
2023-06-26_2023-07-02,60124.166909374864,"[40822.0, 4551.0, 480.0, 45.0, 6.0, 1.0, 1.0]","[40539.078540843046, 4561.828291372377, 438.3553262252762, 27.13989303610543, 6.629343272464005, 0.5776594479501954, 0.14377247300685145]","[1405306754.2666569, 158068951.60351542, 15189111.598380156, 939518.8838899558, 229532.99142483156, 19411.04228886285, 5108.299279281262]",204671.5
2023-07-03_2023-07-09,60131.166912731336,"[39880.0, 4400.0, 478.0, 30.0, 14.0, 2.0, 0.0]","[39907.685475551356, 4472.362582609195, 430.3527542527403, 26.485452359172413, 6.346245483163622, 0.511407053341861, 0.17448717033548775]","[1382691383.9367085, 154690883.12450105, 14873102.617590992, 913108.5219570216, 217620.28351163442, 18517.30203169067, 6335.238758521288]",204669.1
2023-07-10_2023-07-16,60138.16683148146,"[39098.0, 4773.0, 534.0, 57.0, 17.0, 5.0, 1.0]","[38818.72801439227, 4323.356462119534, 411.94523654534015, 24.845985060471502, 6.292536059375589, 0.44618186393411363, 0.18424627161529922]","[1306878290.6731076, 145405638.55198315, 13831415.25873588, 837351.5606250438, 211350.14566801512, 15900.49156558695, 5185.569828370465]",198282.4
2023-07-17_2023-07-23,60145.16698715271,"[39048.0, 4351.0, 527.0, 59.0, 16.0, 2.0, 0.0]","[38909.03984847675, 4338.507902227891, 417.1261523564135, 25.08193811770729, 6.023345742714601, 0.5476223541858679, 0.18383249253716324]","[1346740927.2550967, 150291197.29241848, 14469883.567566643, 872439.2717347756, 208811.23297053776, 19106.75754308864, 6904.644940556999]",204739.6
2023-07-24_2023-07-30,60152.16686215278,"[34350.0, 3880.0, 471.0, 42.0, 8.0, 1.0, 1.0]","[33693.92419861817, 3746.07070503255, 357.4867463566323, 21.59224990594031, 5.317016110520519, 0.4213933864966029, 0.12267007823192241]","[1171971511.4613643, 130401252.13836008, 12494990.267057586, 755464.0801602937, 186419.60395296777, 14432.623629777601, 4407.7758547855965]",175710.6
2023-07-31_2023-08-06,60159.16689525477,"[39921.0, 4632.0, 603.0, 61.0, 25.0, 3.0, 0.0]","[39462.0263932627, 4420.1528600446445, 423.0126147711874, 25.187930390663617, 6.356378107767936, 0.5015885253189669, 0.1897106361991084]","[1363198459.7352784, 152643972.99799722, 14593061.209870113, 870733.1346726788, 220031.89993931286, 16757.505511804313, 5865.375324408907]",204759.3
2023-08-07_2023-08-13,60166.16702233809,"[39231.0, 4620.0, 527.0, 51.0, 33.0, 3.0, 1.0]","[39101.055994595, 4388.680241534604, 421.5770024822921, 25.780341742390526, 6.2659909048905895, 0.48957502109220646, 0.13189264202973547]","[1334157137.1534956, 149463394.3104956, 14351567.428800907, 878261.0661079542, 214831.8970539558, 16516.444928534926, 5008.632810540589]",204727.7
2023-08-14_2023-08-20,60173.16709594929,"[37487.0, 4245.0, 439.0, 33.0, 8.0, 6.0, 2.0]","[37374.52779623575, 4145.675117954464, 393.1416822668883, 23.453296460715038, 5.468447386061669, 0.3624309556829302, 0.12764784608566238]","[1096599186.3706713, 121357612.27681419, 11509498.28462267, 693419.3347206356, 162252.45692843062, 10657.242093890618, 3902.46623608162]",181652.6
2023-08-21_2023-08-27,60180.16712303249,"[38539.0, 4449.0, 454.0, 30.0, 9.0, 0.0, 0.0]","[38323.2307728352, 4323.512084403972, 414.20697609516134, 25.42777270567961, 6.206966205005103, 0.3848304268873556, 0.1859994776887213]","[1250939518.9031606, 141277254.03247136, 13591400.632718703, 838682.4443582154, 205606.53163555206, 13213.907644114011, 6091.889310091776]",194456.0
2023-08-28_2023-09-03,60187.16670706021,"[35139.0, 4130.0, 488.0, 47.0, 10.0, 1.0, 0.0]","[34771.66517215292, 3927.9924081336367, 377.6578731428841, 22.76067971746918, 5.437225986183174, 0.33141215807992785, 0.17420586325067827]","[1166729155.2057226, 132079783.29253355, 12741810.28949512, 769941.1328869973, 185691.7326400142, 11843.989463496446, 6023.767992569168]",177112.9
2023-09-04_2023-09-10,60194.166676041845,"[38515.0, 4489.0, 482.0, 40.0, 12.0, 1.0, 0.0]","[38160.46117017397, 4299.959472100203, 413.6912915230166, 24.419351203046414, 5.879858747633704, 0.45099977133123426, 0.21279921480406655]","[1304380409.131811, 147154885.18545145, 14195240.824136026, 842811.5613052627, 202934.8406808727, 15958.443924023624, 6837.9518278538235]",199690.4
2023-09-11_2023-09-17,60201.16667962952,"[38733.0, 4451.0, 500.0, 41.0, 14.0, 0.0, 1.0]","[38606.120582139025, 4350.530002936092, 420.2738744359109, 25.624299859085664, 5.941015673928331, 0.4238155784828301, 0.19893002405605326]","[1325357697.4505816, 149403769.09807265, 14445375.070900679, 885057.7228315491, 205578.6409106038, 15249.785058883963, 6880.221186373799]",203059.5
2023-09-18_2023-09-24,60208.16700092539,"[38372.0, 4585.0, 483.0, 50.0, 18.0, 0.0, 0.0]","[38050.22368148087, 4283.0312395805395, 413.976611924513, 25.290852516756974, 6.081831002775539, 0.39413817777788956, 0.1657376088869792]","[1294956933.5360084, 145875112.17278957, 14113053.019748515, 865104.0236368449, 208120.30379599903, 15317.52497745443, 5594.10410917041]",200507.4
2023-09-25_2023-10-01,60215.16700601883,"[33892.0, 3915.0, 401.0, 29.0, 6.0, 0.0, 0.0]","[33615.652441400336, 3792.417533607461, 369.66678655886653, 22.81923956217011, 5.048355456142195, 0.5093843291357601, 0.1775494951511929]","[1151592935.9056795, 129946015.25618537, 12669115.845123334, 785859.7850670629, 175269.24377150953, 17642.001173200246, 5817.9038655098]",180983.4
2023-10-02_2023-10-08,60222.16709571736,"[38675.0, 4491.0, 444.0, 44.0, 12.0, 3.0, 0.0]","[38731.67104829515, 4372.763210707192, 424.53812452505883, 26.183076933554467, 6.118936467836366, 0.3823681634263176, 0.1721393674827122]","[1329229275.7171156, 150150864.15043247, 14622042.451557783, 901625.3206756462, 212469.9181801394, 14020.208414312925, 6561.115635517571]",203212.8
2023-10-09_2023-10-15,60229.16655520767,"[38501.0, 4430.0, 403.0, 28.0, 7.0, 0.0, 0.0]","[38479.79086275349, 4356.390255443939, 425.814579161207, 27.64386391181711, 6.930376405827694, 0.48970456456756845, 0.15498840119064092]","[1310820881.2392516, 148401308.6350804, 14518943.478998793, 942316.2287651941, 236968.41789611, 18157.24591406085, 5740.650953638008]",202827.1
2023-10-16_2023-10-22,60236.16671643536,"[33787.0, 4057.0, 435.0, 35.0, 10.0, 2.0, 0.0]","[33886.721024643055, 3821.5125869310405, 375.14183387993205, 23.489283062836808, 5.273732265332132, 0.38003173488768427, 0.1553630287719592]","[1078608720.4111848, 121902816.74757016, 11969707.428002832, 760683.3618143342, 171462.94411755537, 12029.136476193917, 4095.89172084397]",176656.7
2023-10-23_2023-10-29,60243.166953356485,"[34781.0, 4018.0, 431.0, 43.0, 8.0, 2.0, 0.0]","[34875.21643713852, 3916.954991607789, 378.8762166769585, 23.60425966586272, 5.746875617387426, 0.4535425046513026, 0.1853343356662755]","[1185433818.5638084, 133370380.9174888, 12931648.562432472, 806738.4989079783, 199246.80258159866, 15010.945682306505, 6753.993766700857]",180106.1
2023-10-30_2023-11-05,60250.16689942109,"[1654.0, 168.0, 19.0, 0.0, 0.0, 0.0, 0.0]","[1648.3845161213098, 172.18109351891195, 15.817759371573262, 0.8834207736375799, 0.20596243044933193, 0.030003906464657414, 0.006480285221327441]","[1457321.353893473, 152723.73273455296, 14078.095844350732, 797.949965008494, 194.72506602420745, 27.313881728548242, 8.032997650672554]",3897.2
2023-11-06_2023-11-12,60257.16688657396,"[40231.0, 4668.0, 465.0, 34.0, 13.0, 2.0, 1.0]","[40143.01156510412, 4614.436058884607, 461.2964424841559, 29.0486446154358, 7.402007615985942, 0.5222762519627255, 0.22987688335623713]","[70771160.14965425, 8137578.875734599, 815055.3473191067, 51297.98813735015, 13096.618664438814, 920.8018935733998, 378.1324135907081]",203136.7
2023-11-13_2023-11-19,60264.16712557869,"[39809.0, 4557.0, 484.0, 38.0, 17.0, 0.0, 0.0]","[39449.38620213153, 4503.093809658751, 453.0622736524817, 28.677543738573114, 6.957505466855988, 0.5453372786295164, 0.2268633754891939]","[69349968.3821994, 7924444.244034212, 798252.473703866, 50703.969910440064, 12335.458959786363, 985.9682542501718, 376.2509311543152]",202985.2
2023-11-20_2023-11-26,60271.16686388888,"[39719.0, 4532.0, 466.0, 27.0, 14.0, 2.0, 0.0]","[39407.0584811101, 4497.213992087503, 452.6674862696059, 29.01659481535766, 7.259879269497682, 0.5549873782045542, 0.2340653300947776]","[69234836.8539838, 7918089.903319187, 797490.2425777958, 51141.98528211798, 12781.349948672187, 984.6533752389906, 395.1247997873035]",201909.1
2023-11-27_2023-12-03,60278.16692754628,"[38770.0, 4414.0, 493.0, 38.0, 9.0, 0.0, 0.0]","[38822.322735229325, 4432.284695962557, 446.47892614716443, 28.933201207924622, 7.266370815662454, 0.5231287367758184, 0.2121065356404427]","[65854485.30524722, 7528484.502898483, 759021.7268719969, 48936.40979660551, 12195.957052134, 929.2187606174668, 386.9533704209246]",193313.7
2023-12-04_2023-12-10,60285.16668923611,"[41047.0, 4780.0, 461.0, 34.0, 13.0, 2.0, 0.0]","[40785.65473074684, 4658.844864894564, 462.88551743437097, 29.916577164247208, 7.253119493794167, 0.5888458657691902, 0.1910589695210611]","[72515351.15700783, 8295147.10227358, 824827.4336845373, 53410.45585657177, 12975.781773278346, 1027.4146145798165, 317.20722786691]",201664.2
2023-12-11_2023-12-17,60292.16705150461,"[40271.0, 4551.0, 510.0, 37.0, 16.0, 0.0, 0.0]","[40162.219436399915, 4547.249451524456, 451.9392864261653, 28.1732038422175, 7.2016160186468365, 0.6571527409000281, 0.22093804919663537]","[69636500.94616857, 7906452.273057127, 787180.5641861932, 49160.17627908969, 12523.795165285268, 1131.6006306528643, 338.0729591851543]",194165.0
2023-12-18_2023-12-24,60299.16706886605,"[33959.0, 3953.0, 410.0, 27.0, 13.0, 1.0, 1.0]","[33931.921567714635, 3876.038517394574, 385.9133569101137, 25.094480550298353, 6.3185537948564106, 0.4454623532159532, 0.16282496780138458]","[59546493.28978436, 6808411.005109065, 678347.390312692, 44054.661754807385, 11013.382709731839, 792.447616460737, 292.6159962591169]",173942.7
2023-12-25_2023-12-31,60306.16691192113,"[40838.0, 4808.0, 531.0, 36.0, 9.0, 1.0, 2.0]","[40307.70716881076, 4624.564888548239, 467.31589750725624, 29.98916901226663, 7.578657986634191, 0.5531791187626354, 0.21614840981038988]","[72778878.4420722, 8347391.592961929, 843322.5564396237, 54034.938572389685, 13696.804956622896, 1027.39008450361, 372.03803019636484]",203124.7
2024-01-01_2024-01-07,60313.16689004636,"[41160.0, 4774.0, 512.0, 31.0, 5.0, 0.0, 0.0]","[41207.061002480106, 4694.151801897455, 472.92308612062453, 30.150142695434766, 7.6839440930164855, 0.6182931844472195, 0.20832864351473068]","[74464505.88999231, 8479631.428673772, 854177.7827391125, 54512.67777155806, 13900.687875559237, 1133.6733232731488, 382.29611215762566]",203042.7
2024-01-08_2024-01-14,60320.16693425913,"[41098.0, 4657.0, 468.0, 37.0, 7.0, 2.0, 0.0]","[40689.221187264535, 4626.69310233589, 458.83332994421664, 29.064738557930944, 7.320515063580077, 0.6110621887118765, 0.1839373065052352]","[73578226.49367622, 8360774.773555485, 828632.1418658525, 52563.237759867494, 13203.721581181615, 1101.1798324640733, 345.7813965516862]",203258.9
2024-01-15_2024-01-21,60327.16667476842,"[38955.0, 4433.0, 470.0, 51.0, 10.0, 0.0, 0.0]","[38939.69754657519, 4451.779201855754, 443.3737399169615, 28.892841176021747, 7.386025139608327, 0.517157930038066, 0.15646307925640734]","[69266229.3289621, 7911242.98968649, 787245.6087577228, 51182.49124460751, 13062.88792835467, 904.5653612549212, 291.3844102043421]",196564.7
2024-01-22_2024-01-28,60334.16680081016,"[38507.0, 4556.0, 488.0, 37.0, 6.0, 2.0, 0.0]","[38552.822212740866, 4379.23300109621, 438.4599011791706, 27.511550864356607, 6.4218114778606825, 0.5500741112803526, 0.1775454777526522]","[67964097.98769444, 7718905.951977501, 771569.8192131856, 48316.871700685544, 11304.630403557849, 928.7244709890674, 328.96722446771037]",193881.2
2024-01-29_2024-02-04,60341.166692014405,"[32967.0, 3942.0, 431.0, 29.0, 12.0, 0.0, 0.0]","[33044.255160349596, 3776.3418081389623, 380.06680190107556, 24.533255192403963, 5.792861278957536, 0.5054249243139916, 0.15085351564487903]","[57582158.61225722, 6575527.003639819, 661629.6247637697, 42681.736142610185, 10066.698269329649, 914.0362387002468, 270.4691259551924]",172779.6
2024-02-05_2024-02-11,60348.16673680519,"[41570.0, 4754.0, 495.0, 45.0, 9.0, 0.0, 1.0]","[41413.92368333158, 4701.910918196071, 468.41475568712696, 29.59831217108678, 6.692780934458129, 0.5338085102072283, 0.20085655355802898]","[74602709.53570929, 8461792.080472656, 842100.1999892909, 53295.072064085856, 12020.830420810833, 920.6056925544916, 329.1406510544035]",202808.8
2024-02-12_2024-02-18,60355.16688726813,"[40696.0, 4728.0, 470.0, 45.0, 9.0, 0.0, 0.0]","[40622.297474802916, 4639.964606836366, 466.47997126310804, 29.412858038668745, 7.056359091762466, 0.5967278795929581, 0.2075482260653772]","[73305337.39909591, 8366326.743176749, 841196.4556520118, 52964.77259789652, 12772.951215478459, 1056.9873426124532, 339.4569469185531]",202941.4
2024-02-19_2024-02-25,60362.16673182886,"[41669.0, 4935.0, 540.0, 33.0, 14.0, 1.0, 0.0]","[41471.25661325245, 4736.544584667836, 470.8788416756117, 30.288915742662986, 7.512335522229461, 0.529631497257991, 0.1643649919109146]","[73866467.55446799, 8431541.109022425, 838085.9076057755, 53908.55452528506, 13380.468481876327, 915.4221917124056, 277.0661416987339]",200120.5
2024-02-26_2024-03-03,60369.166689467645,"[40929.0, 4666.0, 465.0, 34.0, 14.0, 1.0, 0.0]","[41030.00547557416, 4660.729116190741, 460.6391122079262, 29.640162917676147, 7.547007494647638, 0.5432568511725223, 0.18273760709909037]","[72395847.1897702, 8226694.0973669095, 812490.4721672091, 52143.37241857296, 13250.846627024592, 957.4030174680088, 352.2750845744372]",196789.0
2024-03-04_2024-03-10,60376.16660543954,"[41333.0, 4670.0, 513.0, 47.0, 8.0, 0.0, 0.0]","[41278.50170868952, 4676.296664150613, 463.9959362955025, 28.34860936075138, 7.1569685805732615, 0.5658550952206975, 0.18226650021260282]","[73044114.93947627, 8274348.74285267, 820032.8586258108, 50134.77517696152, 12609.446299214533, 1033.5750150747006, 345.8465827352557]",199527.5
2024-03-11_2024-03-17,60383.1668672454,"[41015.0, 4684.0, 477.0, 30.0, 6.0, 0.0, 0.0]","[40788.95542318216, 4562.857286533092, 440.43397692104077, 26.69841930028777, 6.631093411717197, 0.4876038743331691, 0.1669198090375093]","[73188674.2918527, 8187551.752495549, 789629.6764471541, 47917.1635753268, 11906.304500558806, 861.6903548681894, 300.0904702376676]",203044.5
2024-03-18_2024-03-24,60390.1669740744,"[38331.0, 4418.0, 433.0, 22.0, 8.0, 1.0, 0.0]","[38067.12106841323, 4286.287862575608, 423.0744883461618, 26.368021451721923, 6.221386548453123, 0.503056281386817, 0.18054856979803313]","[64530217.51151527, 7266424.061671808, 716856.006093063, 44444.26430544476, 10613.588938710986, 813.3084493569996, 296.01525016563517]",189421.2
2024-03-25_2024-03-31,60397.16699016142,"[40110.0, 4579.0, 485.0, 32.0, 7.0, 2.0, 1.0]","[40063.52709420546, 4544.671154330142, 448.90151091283025, 27.849648560020757, 6.876176033444085, 0.5588631605034365, 0.18768080908659723]","[71234993.7599048, 8074325.364418612, 796961.8787619185, 49553.526245564244, 12240.31151719604, 998.1908137916255, 323.0233941222863]",202935.6
2024-04-01_2024-04-07,60404.16686817145,"[41239.0, 4691.0, 483.0, 51.0, 8.0, 1.0, 1.0]","[41041.46678238478, 4651.316440979905, 455.14417277285037, 27.62087923037124, 6.760970209599441, 0.49027346445940956, 0.16032100149453116]","[73603122.84226768, 8344196.209766356, 816642.5836388293, 49548.77332604841, 12107.346026243853, 869.9372455978806, 291.7745315015957]",203255.4
2024-04-08_2024-04-14,60411.1671318287,"[39470.0, 4515.0, 459.0, 33.0, 6.0, 3.0, 1.0]","[39426.32747773305, 4500.591644020488, 447.25770365525324, 28.2644744844043, 6.94455392399806, 0.6192928361746255, 0.1784907310447504]","[69704036.55189532, 7952134.242591056, 790524.5589475632, 50115.804511249065, 12268.855650494854, 1106.7423790970702, 291.246134348651]",202012.5
2024-04-15_2024-04-21,60418.1670802084,"[40860.0, 4793.0, 522.0, 40.0, 14.0, 2.0, 0.0]","[40521.57009396588, 4621.723897843778, 456.08321268912204, 28.039207281462573, 6.9622864341149855, 0.5412980891860386, 0.22025506567421474]","[72624704.772307, 8282971.772658785, 817223.4843909869, 50182.4320965428, 12490.426749242008, 1014.3762334701161, 383.76141540704305]",203095.0
2024-04-22_2024-04-28,60425.1668747687,"[41009.0, 4799.0, 537.0, 40.0, 17.0, 0.0, 0.0]","[40617.64070518339, 4550.781577822451, 438.0309991286784, 26.651139267555035, 6.256744941661584, 0.40383536991928976, 0.19754051861023733]","[64559441.37956438, 7238277.395306229, 698138.9229905974, 42471.714668951165, 9918.7908411755, 658.6548050220919, 295.6403732592601]",202681.0
2024-04-29_2024-05-05,60432.1666519675,"[41444.0, 4952.0, 518.0, 46.0, 22.0, 1.0, 0.0]","[41216.974232683155, 4686.002719420877, 464.8824597498054, 29.20444172323893, 7.139760500511235, 0.5192741232156155, 0.171194800684018]","[73514010.50641587, 8360153.481112452, 829182.8891772407, 52181.49441346131, 12728.284906890434, 899.6725688896613, 297.4601154884072]",204749.9
2024-05-06_2024-05-12,60439.16700694412,"[38031.0, 4530.0, 500.0, 37.0, 14.0, 5.0, 1.0]","[37998.90785463158, 4348.26168252316, 432.8406077644779, 26.94716984984604, 6.757018000125738, 0.5281749875578038, 0.1536368046377507]","[66827310.01312204, 7639739.502733302, 759442.770292888, 47270.30881947207, 11947.352386340097, 934.7643892434575, 287.8919877395838]",199320.9
2024-05-13_2024-05-19,60446.16677731487,"[40279.0, 4774.0, 601.0, 67.0, 24.0, 8.0, 2.0]","[39737.65693930224, 4567.492757926399, 451.9731348764553, 28.38984711193397, 6.672791732793015, 0.48569245427769037, 0.19245079895975822]","[71469749.37533166, 8212776.147662138, 811847.2620235514, 51055.257263068954, 11990.400800874322, 879.8791743422025, 330.60391891199066]",204842.7
2024-05-20_2024-05-26,60453.16672048609,"[39961.0, 4868.0, 567.0, 58.0, 23.0, 1.0, 0.0]","[39494.36914475466, 4548.151162664009, 450.43089045367805, 27.887022598728244, 7.056344503201274, 0.5590079075919056, 0.20859901780836987]","[70904555.19875658, 8158273.206985233, 807219.953195229, 49810.92625194098, 12663.34701352591, 1010.2397055472234, 346.1651089696974]",204752.1
2024-05-27_2024-06-02,60460.16671284756,"[34700.0, 4076.0, 439.0, 34.0, 11.0, 1.0, 1.0]","[34601.77729178803, 3954.20728535877, 390.863943876872, 23.646488674324832, 5.421989183070352, 0.36300541775129025, 0.15468153903618811]","[59234124.49970786, 6771675.765625417, 669334.292170783, 40532.05870198809, 9320.648994230258, 637.4219928316676, 241.14349693242417]",171094.8
2024-06-03_2024-06-09,60467.166773263896,"[40591.0, 4789.0, 490.0, 31.0, 13.0, 1.0, 0.0]","[40154.33242739577, 4652.623461321433, 458.3285667223964, 29.146130783199347, 6.829071397395273, 0.5223973468835136, 0.24905050831057549]","[72338949.99118, 8379949.546366757, 825301.8662796988, 52350.692997330014, 12260.777679967787, 903.5009474821993, 443.71613211458964]",204722.2
2024-06-10_2024-06-16,60474.16671030116,"[40476.0, 4740.0, 509.0, 30.0, 8.0, 1.0, 0.0]","[40187.4181111725, 4657.266727050997, 462.91212096153873, 28.20611564324792, 6.87777685553161, 0.4643222330208675, 0.21126262286766576]","[71569873.84203988, 8281267.56108703, 821586.5274881399, 49950.79287257621, 12034.907867233824, 841.4735576556119, 360.9318249038893]",204726.4
2024-06-17_2024-06-23,60481.16693645853,"[40599.0, 4807.0, 538.0, 33.0, 13.0, 0.0, 1.0]","[40456.5037651182, 4666.948369156485, 457.1368168624468, 28.80234388271821, 7.011128022249148, 0.5110471367476228, 0.16904795939758854]","[72228846.22287185, 8326584.304470006, 815251.1829827126, 51346.597282312534, 12600.16320972603, 953.3240349475443, 300.1694320545679]",204698.3
2024-06-24_2024-06-30,60488.16673865738,"[40142.0, 4556.0, 469.0, 37.0, 11.0, 0.0, 0.0]","[40228.12548856547, 4594.586566609995, 453.66223304724093, 26.82165757908104, 6.65182130286635, 0.35822520382552037, 0.19766497188405466]","[71865354.44653882, 8204351.873653664, 809210.6437124645, 47839.17392390602, 11933.227201418647, 628.4777206437788, 354.03958168385725]",203771.0
2024-07-01_2024-07-07,60495.16677083331,"[40137.0, 4600.0, 467.0, 47.0, 14.0, 0.0, 0.0]","[40013.34351736126, 4588.381531376987, 449.75050925438535, 27.074200527906655, 6.194451033089124, 0.5591803864008305, 0.19332714373818075]","[71713692.29197243, 8224937.050336224, 806161.4215298985, 48695.81137166245, 11142.096807678958, 999.3201174561823, 375.4995571732121]",202467.9
2024-07-08_2024-07-14,60502.166909143525,"[38489.0, 4407.0, 443.0, 31.0, 13.0, 0.0, 0.0]","[38332.35548899808, 4337.3457852488345, 416.0099712435881, 24.47095502049692, 5.8894532805786985, 0.4277707648795431, 0.17453137601395532]","[63339178.18568452, 7196121.802375077, 693538.8992769143, 41074.37249272951, 10002.705644968868, 713.2350645175201, 298.34294004124604]",192120.7
2024-07-15_2024-07-21,60509.16687048609,"[40197.0, 4703.0, 454.0, 35.0, 10.0, 1.0, 0.0]","[39823.92117662203, 4537.82938918832, 438.1754524298189, 27.78382986047687, 6.319807922634108, 0.42306682741513596, 0.2065593471792839]","[69240559.05030586, 7880678.133658023, 760921.6843509089, 47828.996435754154, 10979.99849297896, 747.4658146856916, 323.6007835063858]",204604.1
2024-07-22_2024-07-28,60516.166657060414,"[39493.0, 4641.0, 480.0, 38.0, 5.0, 3.0, 0.0]","[39399.16315108596, 4536.834322669903, 445.30239946316567, 26.990991055028605, 6.38243674904956, 0.4948339842667303, 0.21177892090562983]","[69414570.31268299, 7987027.958078932, 782867.6357776063, 47394.20726752222, 11222.408947328357, 874.4321374260935, 362.8890981852504]",202950.1
2024-07-29_2024-08-04,60523.16692777791,"[19334.0, 2273.0, 248.0, 19.0, 3.0, 1.0, 0.0]","[19417.268761172534, 2229.538573111445, 221.94483934875035, 13.287620494690772, 3.3315673472245564, 0.25127804069025245, 0.09238555459121843]","[33051497.22346158, 3794775.4521446335, 377215.4302198264, 22502.064832661483, 5674.295927539793, 435.7294089122114, 148.23988342407895]",104255.9
2024-08-05_2024-08-11,60530.166704513686,"[40027.0, 4659.0, 486.0, 34.0, 15.0, 1.0, 0.0]","[39791.53672862749, 4532.829722444344, 442.3603676881447, 27.121968908231473, 6.510849410811401, 0.5132863400526426, 0.1907877441176209]","[71425798.71971083, 8136652.146997042, 794303.336102805, 48831.06028878711, 11772.481589435809, 917.8847609838633, 313.10345210782293]",204656.4
2024-08-12_2024-08-18,60537.16669236152,"[32380.0, 3761.0, 363.0, 22.0, 8.0, 0.0, 0.0]","[32253.068644937455, 3701.1476384743337, 363.7484875046588, 22.56172879395907, 5.2165531631956235, 0.3945908570335472, 0.1499462382260398]","[54162472.62632328, 6221027.171729613, 611664.1646143569, 37944.974564092925, 8796.377574253991, 622.8238427975034, 244.22592930598512]",169116.6
2024-08-19_2024-08-25,60544.1667016205,"[37731.0, 4548.0, 448.0, 42.0, 12.0, 1.0, 0.0]","[37997.45411608312, 4333.982644016965, 415.20485283460044, 25.863923555427583, 6.094274755193621, 0.41401212990621855, 0.18270538453134846]","[64777469.668188736, 7402262.305359386, 711710.9279344447, 44449.56022186894, 10454.632649223338, 768.127455780689, 349.78123500127504]",196040.7
2024-08-26_2024-09-01,60551.16681585691,"[38797.0, 4468.0, 421.0, 29.0, 6.0, 2.0, 0.0]","[38846.361451706456, 4426.6309965821965, 422.5240444649628, 24.464702868198, 5.870648068627374, 0.48256843388931775, 0.1746088875134979]","[69562136.48554555, 7927644.880945461, 758866.7741009055, 44047.26314048222, 10509.769670281814, 851.287108848981, 295.65768097332045]",203114.3
2024-09-02_2024-09-08,60558.16690115773,"[39490.0, 4539.0, 480.0, 42.0, 9.0, 0.0, 0.0]","[39491.10716392606, 4511.717997653469, 438.31374208947807, 25.459994357313306, 6.029439409775114, 0.4452494532314698, 0.19455491838491318]","[70650085.46838304, 8073507.705495562, 785321.5661928117, 45748.66756999434, 10862.056226422692, 867.55245418951, 343.3524502980582]",203191.2
2024-09-09_2024-09-15,60565.1667167827,"[39779.0, 4504.0, 439.0, 30.0, 8.0, 2.0, 0.0]","[39636.25195691018, 4553.662377914401, 441.14231016545824, 26.101612187265317, 6.443992194843714, 0.40749931807353706, 0.14574630990870233]","[71014840.34286681, 8157527.21592114, 792280.3215275608, 46890.49997258244, 11606.435840563732, 715.8207346364364, 285.99894222581065]",203093.4
2024-09-16_2024-09-22,60572.16689479163,"[39130.0, 4562.0, 461.0, 29.0, 5.0, 0.0, 0.0]","[38967.35161351486, 4487.936657362189, 440.324932169799, 26.147033683280153, 6.405522303303659, 0.5307859015248855, 0.1787401001681959]","[69768987.45443447, 8041356.1438296335, 790863.2242081541, 46984.048241010765, 11565.869924467175, 942.1221384753921, 316.5619947267909]",203074.6
2024-09-23_2024-09-29,60579.16671180551,"[39012.0, 4607.0, 491.0, 44.0, 12.0, 3.0, 0.0]","[38810.66694619869, 4497.141636508532, 441.14219907766915, 26.9252024333597, 6.608902676927362, 0.5128978584886311, 0.190862865954385]","[69147778.46033153, 8017026.361099407, 786968.1230923294, 48179.40683024565, 11891.099479891065, 904.4151213558389, 321.5183257377023]",201949.5
2024-09-30_2024-10-06,60586.16685000021,"[39755.0, 4770.0, 513.0, 39.0, 12.0, 0.0, 0.0]","[39754.37432663798, 4612.399370768987, 455.47494259579827, 28.89230974884975, 6.774684703038844, 0.6050317902569335, 0.20334776517381797]","[71062130.4156192, 8248954.429291318, 815796.0730023086, 51795.46085407821, 12124.185162487995, 1128.2330266439772, 382.9627732755184]",203194.5
2024-10-07_2024-10-13,60593.16674618062,"[39911.0, 4642.0, 482.0, 31.0, 12.0, 1.0, 0.0]","[39936.228495227006, 4627.232926530648, 464.4975473798668, 29.15098794941164, 6.785302853087577, 0.5376628558026756, 0.15001159264898173]","[70389549.42855133, 8158438.878543384, 820097.0463097794, 51582.09305353632, 12041.113156336854, 972.8816535793728, 275.1400032219384]",202936.8
2024-10-14_2024-10-20,60600.16673275487,"[40300.0, 4787.0, 499.0, 32.0, 12.0, 0.0, 1.0]","[39918.01673930915, 4630.011162555754, 465.09050283528234, 28.51638778085544, 7.103063591323429, 0.5969644954343196, 0.2401248576131379]","[70785892.26616035, 8216379.922549112, 827074.97270632, 50896.24247521647, 12634.72172545197, 1055.2903588137037, 416.738386204983]",202426.7
2024-10-21_2024-10-27,60607.16679201383,"[37763.0, 4443.0, 501.0, 33.0, 11.0, 1.0, 0.0]","[38091.78427968031, 4434.629717965531, 445.4611573521946, 28.539027711310254, 7.001632706995167, 0.5524801752621842, 0.17896803710473427]","[66817303.89034593, 7782919.70131843, 782714.8158695701, 50215.09493198597, 12366.043773873485, 946.915828791572, 319.86778063366324]",199065.6
2024-10-28_2024-11-03,60614.16704212961,"[37753.0, 4434.0, 436.0, 35.0, 10.0, 0.0, 1.0]","[37608.44742209208, 4418.498647264052, 439.95517926912646, 27.558371038297825, 7.301277803798985, 0.5561323900755613, 0.21569984564524908]","[66010306.3710404, 7756255.891588926, 773350.8132501281, 48616.18520507714, 12924.63510612634, 927.6317357726477, 397.2273481353411]",196485.1
2024-11-04_2024-11-10,60621.16672523145,"[39459.0, 4600.0, 505.0, 38.0, 6.0, 0.0, 1.0]","[39655.88621473605, 4625.977178633981, 466.4430355505565, 29.859801626457656, 7.420324291942208, 0.6047469127560215, 0.2297764380425405]","[70230349.43051094, 8197490.174853444, 827248.786000156, 52979.936821691204, 13168.746399079455, 1075.8540756564846, 395.51131832221176]",202397.0
2024-11-11_2024-11-17,60628.16672465281,"[40608.0, 4824.0, 471.0, 29.0, 12.0, 1.0, 0.0]","[40627.477986672224, 4732.425406995148, 475.4092087773104, 29.067692737815488, 7.542203001680966, 0.6166266862544706, 0.15894980875929554]","[72700049.22350569, 8475174.162544109, 852914.9774572337, 52095.48643098558, 13638.163410039077, 1120.6286543702452, 293.6751220406476]",203151.0
2024-11-18_2024-11-24,60635.16687314769,"[40809.0, 4823.0, 520.0, 41.0, 10.0, 1.0, 0.0]","[40795.220049154515, 4779.769713942495, 487.36606645878334, 30.1126439294212, 7.8063224536569, 0.6423704445418429, 0.19696749715798711]","[73005974.43177634, 8565013.50984682, 874014.9845978516, 54034.54938730121, 14102.886792845236, 1193.8840888803727, 345.25341874171136]",202803.0
2024-11-25_2024-12-01,60642.16681516197,"[41207.0, 4960.0, 533.0, 34.0, 12.0, 0.0, 1.0]","[41050.70098224232, 4798.446831726435, 485.3082000819291, 31.31325240798662, 7.724466518058971, 0.7368344375937173, 0.2379913001197816]","[73643156.11892362, 8620090.411494112, 872873.3984031238, 56441.31970151168, 13893.99335679028, 1339.0830566381082, 418.5008819336642]",203210.4
2024-12-02_2024-12-08,60649.00021851856,"[41841.0, 4853.0, 509.0, 30.0, 15.0, 2.0, 0.0]","[41801.48221801586, 4832.932772721369, 479.04719747972, 29.2309967876633, 7.249318107618355, 0.6300165438750707, 0.1977372047573981]","[74303319.66250972, 8601025.456451772, 853274.2576424476, 51993.2005794037, 12953.428057957582, 1098.7992232047327, 354.02455573396094]",199371.6
2024-12-09_2024-12-15,60657.58327025511,"[23530.0, 2792.0, 299.0, 17.0, 3.0, 0.0, 1.0]","[23240.427426673603, 2721.0689602533807, 273.6075573715015, 17.799263076798766, 4.188249188993835, 0.25093796243701916, 0.15861515558378111]","[41352320.89953108, 4840326.858137789, 486636.5060016664, 31725.960690375254, 7499.297398902734, 450.1303732367564, 274.3909288115915]",114151.7
2024-12-16_2024-12-22,60663.166699189256,"[40816.0, 4793.0, 511.0, 42.0, 11.0, 2.0, 0.0]","[40858.06850611634, 4769.1126840735915, 484.7183570025609, 30.89354187592179, 7.320458819392038, 0.6758870190420081, 0.19324286133757695]","[72390054.60056782, 8448600.990646252, 858956.5783360171, 54617.30706620187, 12973.473991257155, 1188.0029024869198, 343.53879312948686]",197262.0
2024-12-23_2024-12-29,60670.16658391208,"[40663.0, 4810.0, 494.0, 37.0, 12.0, 0.0, 1.0]","[40697.872149640454, 4767.840911208416, 479.48081575563765, 30.616709715266193, 8.094129282105625, 0.6620206364404833, 0.19900408804786837]","[73221542.14291695, 8577153.069921624, 862549.3099674057, 55005.37581026219, 14490.990105799234, 1165.6533064687092, 379.0577247444521]",201109.5
2024-12-30_2025-01-05,60677.16673958332,"[39517.0, 4523.0, 493.0, 34.0, 12.0, 1.0, 1.0]","[39425.03603386265, 4610.97123416065, 466.8823809098852, 29.718518076122304, 7.466102550549129, 0.5714163534973554, 0.17735868923760514]","[69085770.38066442, 8085260.170297855, 818647.3529623318, 51922.42536188907, 13068.39836721486, 980.1753085282648, 299.9638403507581]",193888.7
2025-01-06_2025-01-12,60684.16672789375,"[40673.0, 4805.0, 512.0, 38.0, 9.0, 1.0, 1.0]","[40311.29237544095, 4740.618852623772, 483.12301781425026, 30.679565428780037, 7.765278986984373, 0.6540202250022806, 0.19828421702692078]","[73026491.43118882, 8577454.260561667, 873598.6428217317, 55386.75031031688, 14009.911404618051, 1201.9679045330693, 332.63596574913976]",203194.2
2025-01-13_2025-01-19,60691.16678321745,"[34208.0, 4042.0, 422.0, 30.0, 12.0, 1.0, 0.0]","[34113.797321252634, 4026.7333652152934, 410.76815516878514, 25.945421271920917, 6.725554494057927, 0.5400186448436545, 0.1493542983512633]","[57706114.568505734, 6801087.258761904, 692866.5174321487, 43951.77776874436, 11363.958861608326, 951.0990237009541, 265.04263498018616]",175864.8
2025-01-20_2025-01-26,60698.16688043982,"[41437.0, 4885.0, 544.0, 35.0, 8.0, 0.0, 2.0]","[40847.51680087969, 4774.35199778694, 481.13697774177535, 29.67441915248147, 7.196506242712392, 0.6663037788729421, 0.2782647424696275]","[72578249.2309439, 8483156.32299318, 855287.2106557023, 52740.97524671725, 12791.294848192132, 1150.6596201624118, 453.09688490077997]",198291.7
2025-01-27_2025-02-02,60705.16677754637,"[41885.0, 4959.0, 517.0, 34.0, 13.0, 1.0, 0.0]","[41800.62295039122, 4903.147741282496, 495.289356432331, 30.91905268438356, 8.124762283547856, 0.5505706401527819, 0.29454534328427157]","[75241312.49330604, 8823702.763493266, 890148.4344053576, 55429.37290517936, 14645.85340812608, 958.1306477947454, 517.3347882379009]",202815.1
2025-02-03_2025-02-09,60712.16677465245,"[41779.0, 4981.0, 513.0, 42.0, 12.0, 1.0, 0.0]","[41375.59826775212, 4846.567509708138, 486.6299693146756, 30.433697707289703, 7.5535179990426835, 0.5335786981457759, 0.23593104452949423]","[74436944.96670109, 8716400.040403565, 873614.7564869325, 54637.583981167205, 13478.37628450305, 976.668628638049, 422.02155597348036]",202076.5
2025-02-10_2025-02-16,60719.1668284722,"[42875.0, 5144.0, 537.0, 51.0, 22.0, 4.0, 0.0]","[42209.14293254526, 4963.8707582377, 503.39142914757906, 33.20306727920793, 8.120339308709363, 0.6685123033490212, 0.2331095832575266]","[75899639.65460949, 8923995.057405725, 904670.268151395, 59598.3708723838, 14512.028405030209, 1197.5275300161052, 376.5965476239177]",203058.8
2025-02-17_2025-02-23,60726.16690254595,"[41447.0, 4950.0, 541.0, 49.0, 11.0, 0.0, 0.0]","[41248.09597199659, 4848.378978674922, 496.2524545762835, 32.865431612721025, 8.090110671465837, 0.6673941865517368, 0.23005103092386148]","[74279392.77031125, 8726806.757940749, 893134.0779687102, 59013.50995175557, 14489.151343950354, 1211.8006028673005, 383.0422955204733]",203075.1
2025-02-24_2025-03-02,60733.16680416795,"[40674.0, 4836.0, 548.0, 42.0, 16.0, 3.0, 0.0]","[40873.72361020122, 4804.495085308129, 491.32890354370863, 31.745647234431615, 7.98187990671286, 0.5735760619146544, 0.19230539026271581]","[73532500.88556075, 8641521.14819813, 883226.5446495122, 57102.105309637824, 14381.902772137842, 1032.8759761638134, 347.89704919523916]",203126.8
2025-03-03_2025-03-09,60740.16678495379,"[41335.0, 4980.0, 499.0, 39.0, 15.0, 1.0, 0.0]","[41841.94117332619, 4922.557583848265, 504.58378202999626, 32.65624888374774, 8.51199246359372, 0.6249052147875804, 0.24351589146955063]","[75318726.12942018, 8856941.035033118, 907393.6562620443, 58624.281984383364, 15307.4546843012, 1188.15877485647, 435.6769037111776]",203136.6
2025-03-10_2025-03-16,60747.16538379627,"[41043.0, 4958.0, 527.0, 45.0, 14.0, 1.0, 0.0]","[40967.29837292344, 4813.718122472746, 489.0049283757297, 32.05121049689621, 8.013998882383461, 0.7250502114458662, 0.2444685801529302]","[73541395.01221429, 8640620.684145803, 877193.0082703179, 57616.47130726094, 14380.132164752365, 1291.6617225305818, 415.62112678062937]",203136.9
2025-03-17_2025-03-23,60754.1653758104,"[38890.0, 4539.0, 486.0, 32.0, 11.0, 2.0, 0.0]","[38667.97821515439, 4487.371094661702, 450.17543807841156, 28.454655835916434, 7.424393894231534, 0.5148010346746109, 0.1881620213648511]","[69392616.85161355, 8055494.328412397, 808560.1502313501, 51231.526409798855, 13390.792605413244, 943.7544879045266, 304.7842947648989]",203214.1
2025-03-24_2025-03-30,60761.16694155085,"[39621.0, 4829.0, 494.0, 41.0, 11.0, 2.0, 0.0]","[39582.498629288275, 4623.513830881606, 463.1137207648613, 30.071727250429877, 7.663014159451526, 0.5145098053563918, 0.21517780115859708]","[70930650.04204261, 8289217.456398763, 830423.032208061, 53763.41818708298, 13711.83235945632, 940.2860538332244, 378.55920585033545]",203235.7
2025-03-31_2025-04-06,60768.16668958319,"[40811.0, 4933.0, 531.0, 52.0, 19.0, 1.0, 1.0]","[40761.15391566842, 4820.959259536148, 491.17017436662604, 31.51149601108809, 7.655225990745492, 0.6602360431706706, 0.24275123176418292]","[72908544.65942752, 8627874.063145204, 878734.7340311845, 56513.98930294876, 13783.97971935731, 1180.9353407282806, 410.75933182362405]",202698.3
2025-04-07_2025-04-13,60775.16688576368,"[40933.0, 4917.0, 511.0, 42.0, 9.0, 1.0, 0.0]","[40415.20177306784, 4775.801935457307, 484.4322206977127, 31.40353984200441, 7.736636611187778, 0.6473533424345288, 0.21644884945917434]","[72458616.03323404, 8562098.090950882, 868256.0937936669, 56285.826540609014, 13945.708333399742, 1174.5780360863307, 389.8819776568688]",203083.9
2025-04-14_2025-04-20,60782.16670243074,"[40845.0, 4899.0, 531.0, 33.0, 11.0, 1.0, 0.0]","[40730.40040686071, 4817.82092658674, 486.0159263967577, 31.034922692015442, 7.3881351231018355, 0.5634460450513542, 0.25419609013323846]","[72834028.13245931, 8616579.22715276, 869283.0273832494, 55374.47539940081, 13209.316287000753, 1008.7248147558256, 449.26691642095915]",202532.0
2025-04-21_2025-04-27,60789.16674895826,"[40152.0, 4780.0, 499.0, 35.0, 8.0, 3.0, 0.0]","[40203.53523529751, 4729.43902291628, 477.51774995002864, 30.266578365225964, 7.566719903768922, 0.5935398377536061, 0.1774855231341613]","[71635577.7944794, 8425038.665866885, 850907.1366452837, 53884.97018825646, 13439.910751354477, 1065.7247004306241, 333.7516820638405]",201836.2
2025-04-28_2025-05-04,60796.16692835648,"[39618.0, 4687.0, 471.0, 37.0, 12.0, 0.0, 0.0]","[39633.246301631356, 4653.530577693234, 473.72295085231553, 29.318858887782344, 7.5224733505783865, 0.5197256031940485, 0.22006086946541586]","[71151889.39111294, 8356873.308586016, 850162.7016088718, 52639.19565792824, 13551.64688205316, 971.3897737487354, 382.4609389285178]",204763.7
2025-05-05_2025-05-11,60803.166794328245,"[39190.0, 4658.0, 469.0, 30.0, 6.0, 1.0, 1.0]","[38685.30479429995, 4571.833639451323, 458.9010548737043, 28.64306205438736, 7.34344537862016, 0.625040477740816, 0.21803249957423448]","[68634830.70053768, 8109966.493523396, 813760.4640130479, 50775.15421902487, 13003.446655214559, 1109.394026572962, 388.3239969408558]",199886.5
2025-05-12_2025-05-18,60810.1667353005,"[40407.0, 4836.0, 525.0, 44.0, 14.0, 2.0, 0.0]","[40380.72072340456, 4758.128770730256, 478.87309058352315, 30.457354770232026, 7.337761298748483, 0.6256177978775761, 0.20320429827572928]","[72567218.46350147, 8547416.388321858, 859797.4409776487, 54544.2548172823, 13188.917706279022, 1081.5970088064962, 345.70521207073153]",204655.1
2025-05-19_2025-05-25,60817.16703796223,"[39790.0, 4745.0, 524.0, 42.0, 10.0, 0.0, 0.0]","[39741.794511256165, 4666.246420736337, 471.83859226373886, 30.814533673467793, 7.238242757864026, 0.5668305981992365, 0.23890533310028034]","[70598144.4678332, 8269777.1584737, 835022.2134537847, 54399.863419186666, 12819.094584888468, 947.1241004485269, 404.5017180544164]",204690.7
2025-05-26_2025-06-01,60824.1669177088,"[38240.0, 4409.0, 510.0, 27.0, 11.0, 0.0, 1.0]","[37852.9108061783, 4380.3335022962865, 433.30019748216114, 26.1937071866707, 6.588599198194098, 0.400765874586892, 0.16542929196219086]","[64706509.01800593, 7465723.474534402, 736767.3488080644, 44323.90187415408, 11169.035864786196, 701.4963058399966, 307.0411161123162]",175399.2
2025-06-02_2025-06-08,60831.16679965261,"[41594.0, 4902.0, 486.0, 46.0, 21.0, 0.0, 0.0]","[41264.159910786395, 4835.334643699723, 478.1153832809236, 29.734867115442515, 7.261289593555985, 0.5312371890416274, 0.18426423631428557]","[74234983.30010289, 8699396.341281096, 859500.2863956798, 53478.78126757426, 13090.262418908187, 995.7934965363884, 335.7119061316793]",204758.8
2025-06-09_2025-06-15,60838.166817592544,"[40747.0, 4699.0, 561.0, 48.0, 13.0, 1.0, 0.0]","[40127.68239106269, 4681.871321980501, 468.8579750912856, 29.492890066058397, 7.495678882406492, 0.5251259048119593, 0.19534835543649104]","[71977724.01185514, 8391673.680859271, 838967.2483325313, 52677.48107816861, 13330.909473615719, 934.3526758469401, 337.0603862436933]",204674.3
2025-06-16_2025-06-22,60845.16692986109,"[40757.0, 4771.0, 545.0, 42.0, 8.0, 0.0, 0.0]","[40450.20531929298, 4682.17586288683, 459.15954110212067, 28.598083642249943, 6.753856918700142, 0.5508134161677382, 0.17064004234374885]","[72809172.4940396, 8418146.853388213, 823597.4301764619, 51192.209862330026, 12113.679212989773, 979.2253116424379, 312.09759640163463]",204503.6
2025-06-23_2025-06-29,60852.16665104171,"[36789.0, 4322.0, 447.0, 40.0, 4.0, 2.0, 0.0]","[36876.17646002205, 4226.80679079707, 414.3708832886359, 25.680254013054288, 5.940715654896129, 0.4884913339119651, 0.14382365535130517]","[65178948.783929646, 7453563.9158261, 728960.4009510826, 45143.45008782157, 10443.124880012541, 845.5196187631692, 223.25092058760518]",188516.2
2025-06-30_2025-07-06,60859.166566782456,"[40248.0, 4525.0, 468.0, 34.0, 8.0, 0.0, 1.0]","[40101.768842550446, 4522.4732344229205, 436.96932592071863, 26.938047090288045, 6.5878135145514225, 0.44857395770751407, 0.15895305382651245]","[72304186.58379179, 8144355.217432165, 786028.1945743733, 48332.897326834915, 11788.012007108859, 788.124724496321, 283.83169732257716]",204679.1
2025-07-07_2025-07-13,60866.166639236166,"[39123.0, 4515.0, 492.0, 34.0, 11.0, 3.0, 0.0]","[39075.739002113245, 4402.082897354024, 422.9391697682146, 26.03860871335031, 6.617171503927833, 0.45583855849604377, 0.21087242255690491]","[70519114.34145601, 7929626.373715627, 760978.5086048266, 46780.23984781052, 11898.885080138683, 866.1870866371443, 360.9809890525225]",204758.4
2025-07-14_2025-07-20,60873.16703865799,"[38787.0, 4191.0, 461.0, 25.0, 6.0, 1.0, 0.0]","[38474.953206321596, 4273.824816819876, 400.56702287170253, 23.9805149112271, 5.933767341458962, 0.5162518554791068, 0.20805362494543014]","[69406853.414406, 7706976.429371258, 723024.2231120457, 43302.1784233984, 10751.319171283501, 902.7634303953944, 371.70128354980596]",204789.1
2025-07-21_2025-07-27,60880.16672905084,"[33433.0, 3870.0, 394.0, 28.0, 9.0, 1.0, 0.0]","[33343.58812615979, 3743.5430935232735, 359.8724346853922, 22.41054203881245, 5.781435679004373, 0.34410658118877163, 0.16311796945563273]","[56335210.511111654, 6315136.304426964, 607114.5037063701, 37900.77724916401, 9808.201416625801, 564.4141519723055, 305.92168033902254]",172521.8
2025-07-28_2025-08-03,60887.16680451378,"[38773.0, 4421.0, 407.0, 23.0, 8.0, 3.0, 0.0]","[38541.42343461998, 4313.356000148102, 406.4654497404612, 24.700153679796728, 6.2631534947934755, 0.49579948761720727, 0.1537556880302291]","[68675661.69050619, 7672732.435118643, 721272.1299127378, 43954.67354522434, 11083.233315643798, 910.2164844627874, 290.85889772476526]",204746.6
2025-08-04_2025-08-10,60894.1670392364,"[37192.0, 4218.0, 427.0, 30.0, 14.0, 0.0, 2.0]","[37469.96127077989, 4146.09380025152, 389.4147687483365, 23.457829613350917, 5.751824905071145, 0.40966040066456105, 0.12586908584501225]","[63634206.89463826, 7028609.9138067635, 658681.6313351318, 39412.954258868114, 9718.327879901222, 696.315510528428, 215.32759789485323]",196762.7
2025-08-11_2025-08-17,60901.16687858797,"[36784.0, 4146.0, 419.0, 26.0, 10.0, 1.0, 0.0]","[36497.74833641195, 4009.0407341154155, 374.5284431905234, 23.600624503753835, 5.575839547538246, 0.4240141662261877, 0.17166412780057602]","[56291429.459515765, 6143556.0841349745, 575668.2139222189, 36636.97542256823, 8899.850902881224, 685.0085027358523, 270.6242125006699]",190750.6
2025-08-18_2025-08-24,60908.16661006922,"[37516.0, 4185.0, 446.0, 32.0, 2.0, 0.0, 0.0]","[37114.118981961474, 4124.574417010173, 394.52490404289176, 24.2083832982059, 6.050899346671574, 0.3865561597089982, 0.18212356201218285]","[56545935.09858474, 6278667.137577451, 599747.9907105986, 36689.52268469797, 9289.768231890668, 615.3974097393077, 291.5318627797657]",185261.3
2025-08-25_2025-08-31,60915.16695486112,"[35416.0, 4036.0, 396.0, 24.0, 8.0, 1.0, 0.0]","[35184.386802587345, 3959.5151963623757, 390.641902771787, 25.062075258692353, 6.6725799078528665, 0.4376181939077354, 0.1494597966294079]","[48908807.92025476, 5522827.390382527, 545635.1811541674, 35222.98555141446, 9239.572412577525, 657.1731390558775, 199.51327657634184]",167503.8
2025-09-01_2025-09-07,60922.16703807874,"[35885.0, 4134.0, 452.0, 31.0, 10.0, 0.0, 0.0]","[35853.70186076534, 4065.313130437522, 406.54815923468135, 24.951187929722895, 6.366731481220959, 0.39897769637891656, 0.20387575593997828]","[48451214.64421118, 5549987.420459898, 554530.1252938698, 34465.251314314846, 8802.046978896235, 539.0209283512727, 265.0882185664395]",166817.0
2025-09-08_2025-09-14,60927.25036713037,"[15799.0, 1801.0, 183.0, 15.0, 7.0, 1.0, 0.0]","[15623.928918656964, 1774.3306216603057, 173.11302469717316, 11.786267427239254, 2.7783293289667204, 0.2783330515543621, 0.09473296091554882]","[22855133.806933515, 2614610.168433141, 255431.88900741798, 17351.2631912436, 4191.701498373667, 399.9842973341356, 134.75012553423213]",73922.1
2025-09-15_2025-09-21,60936.34501064847,"[32275.0, 3761.0, 418.0, 21.0, 7.0, 0.0, 0.0]","[32451.42305683221, 3721.8704750605575, 372.2848161906054, 23.373633916846153, 5.811947066737307, 0.4718597046287556, 0.14959995733498632]","[55709027.663843885, 6412228.890024847, 643237.7080807812, 40778.502294477636, 10128.501553598064, 866.4377755156393, 238.61451956061472]",167018.2
2025-09-22_2025-09-28,60943.16681076383,"[38303.0, 4608.0, 524.0, 41.0, 12.0, 1.0, 0.0]","[38470.717541115955, 4497.671885753687, 456.47056749156116, 30.90429537068713, 7.994785019971275, 0.6525063755143642, 0.2333319307384011]","[68240903.37161352, 7967204.412741803, 809060.5339133402, 54586.839706496125, 14223.499421533901, 1157.3374260646813, 394.446943432809]",202995.3
2025-09-29_2025-10-05,60950.16695706014,"[37292.0, 4348.0, 493.0, 35.0, 18.0, 2.0, 0.0]","[37376.24943785169, 4380.610194729869, 447.1573746226036, 30.706824046472914, 7.446668814540005, 0.5294803585446589, 0.19592441395344265]","[64606156.97461576, 7578187.108321347, 773956.8066382415, 53130.98048277022, 12990.7358046532, 950.4701176955563, 327.8812610435109]",194922.9
2025-10-06_2025-10-12,60957.16664351853,"[37166.0, 4595.0, 475.0, 50.0, 9.0, 0.0, 0.0]","[37048.57287524136, 4457.643927554129, 474.54204746344305, 32.401014980433324, 7.8073551006937185, 0.6945613645840797, 0.20344987347815857]","[63200351.823097564, 7603696.506016341, 810072.7370416106, 55325.876998496475, 13453.08681246848, 1157.2800777370906, 328.53217344969863]",191598.2
2025-10-13_2025-10-19,60964.16670879656,"[38943.0, 4716.0, 502.0, 40.0, 14.0, 4.0, 0.0]","[38375.46990566103, 4685.545041501148, 508.2929285373274, 35.67487157592432, 9.206263798853499, 0.6919321810052016, 0.2295295860668684]","[65970800.31990975, 8050591.600246656, 874641.1761953572, 61421.13390247861, 15999.94187095785, 1169.6341536864124, 393.1097009729232]",195435.7
2025-10-20_2025-10-26,60971.16692222213,"[39690.0, 5007.0, 568.0, 37.0, 21.0, 2.0, 1.0]","[39765.31334478152, 4876.360523791276, 538.3637494124434, 37.66317184518573, 9.611482466606402, 0.8908479489846443, 0.22539091375377368]","[70934756.91387662, 8721999.643690092, 964381.9159049415, 67695.94802717266, 17235.03794884763, 1586.1221099870627, 382.712595506225]",203389.8
2025-10-27_2025-11-02,60978.166854051065,"[33414.0, 4235.0, 457.0, 55.0, 10.0, 2.0, 0.0]","[33706.454499019346, 4089.850249227139, 443.6133551377196, 30.62251889865556, 8.144407371137602, 0.5492832912438126, 0.19101863774812608]","[60115861.076773606, 7298670.816214137, 792807.0460370714, 54834.42894867816, 14591.702635004263, 945.9769269820957, 321.3114596897053]",174117.9
2025-11-03_2025-11-09,60985.16687268496,"[38529.0, 4654.0, 589.0, 40.0, 13.0, 2.0, 0.0]","[38706.73183036175, 4583.083428706648, 479.1757924146576, 31.562990544411285, 7.908189940483689, 0.6135242368389426, 0.21523460495583657]","[68479675.41093569, 8112109.061551827, 847834.8312047371, 55889.932640554725, 14008.861979472444, 1122.6629688265157, 369.5040094085412]",201459.7
2025-11-10_2025-11-16,60992.16688125008,"[40005.0, 4535.0, 486.0, 40.0, 9.0, 0.0, 0.0]","[39661.93685763113, 4437.861259812268, 436.64893001231167, 27.053556299392845, 6.428435312805949, 0.4999531169872232, 0.18599319436407422]","[69279354.52363236, 7772093.356634553, 766540.2242003249, 47649.053359772726, 11348.523849530662, 914.8044966824623, 345.0464663479475]",195941.5
2025-11-17_2025-11-23,60999.16677222219,"[37271.0, 4328.0, 478.0, 45.0, 8.0, 2.0, 0.0]","[37594.48228783017, 4295.560307986115, 433.3134299442162, 27.560548850871875, 6.957939441091126, 0.487526331684889, 0.15373296821880345]","[66388597.60473444, 7586575.623449832, 766113.3540742709, 48647.0185642058, 12324.149749706095, 890.0697707880811, 274.6652446214015]",198184.5
2025-11-24_2025-11-30,61006.16708518481,"[39488.0, 4680.0, 490.0, 33.0, 13.0, 1.0, 0.0]","[39374.93310305508, 4515.757750966708, 465.28654726936486, 30.125171428443487, 7.542963769910966, 0.652802912564219, 0.13986268834731824]","[70714513.30034782, 8113807.092523182, 836263.709721586, 54079.93285134684, 13569.122127593198, 1176.6993325239298, 280.5015631391804]",203216.5
2025-12-01_2025-12-07,61013.16692442136,"[40129.0, 4632.0, 475.0, 37.0, 14.0, 1.0, 0.0]","[40132.047284232234, 4618.132298575317, 464.86285900385724, 30.349676799400324, 7.610037581912353, 0.5661530434778369, 0.13142141225361872]","[72099434.25979201, 8298757.64191262, 836164.1075683215, 54599.2449388092, 13702.12570611513, 1002.5446818368146, 250.1166279750151]",203112.1
2025-12-08_2025-12-14,61020.16679918961,"[39417.0, 4669.0, 513.0, 40.0, 6.0, 3.0, 1.0]","[39716.945394993134, 4595.18178360657, 469.7504507179522, 30.463649049188174, 8.003433160532415, 0.6973504797944186, 0.19532620659467803]","[71218238.803027, 8240076.763910104, 842264.0407268597, 54459.95282712213, 14333.82819218393, 1231.1779884613622, 344.2458722126094]",202053.7
2025-12-15_2025-12-21,61027.16697870383,"[38737.0, 4433.0, 465.0, 31.0, 11.0, 0.0, 0.0]","[38322.178787723635, 4460.31886923944, 457.1273830720723, 31.010964593082132, 7.477181403459617, 0.5631438265783064, 0.2352665135243663]","[67865479.18676239, 7898011.67781683, 809792.1542704165, 54831.51044497141, 13248.839491039049, 982.6559424381128, 375.47930829606514]",197461.6
2025-12-22_2025-12-28,61034.16675069425,"[24963.0, 2811.0, 264.0, 22.0, 6.0, 0.0, 0.0]","[24782.07602005543, 2914.6880693327644, 300.0637664912557, 19.215866548331743, 4.57018786007722, 0.3741224880578786, 0.14041811730741938]","[43276491.582823545, 5067263.672415371, 519030.05671946966, 33415.737576377884, 7980.187150518659, 663.3957243094844, 251.99993238955673]",135558.7
2025-12-29_2026-01-04,61041.16678518496,"[40902.0, 4922.0, 539.0, 46.0, 7.0, 2.0, 0.0]","[40938.45058232548, 4912.525483198347, 525.0463403373611, 34.44174819726308, 9.416298148415041, 0.7415825857939973, 0.23032430407085333]","[73769052.92224582, 8845723.32151325, 944878.3605697125, 61932.60100522257, 16903.344615389346, 1321.599782976571, 413.5328725765877]",203028.7
2026-01-05_2026-01-11,61048.1668094906,"[40070.0, 4878.0, 573.0, 37.0, 9.0, 1.0, 0.0]","[39971.90635525543, 4832.496922301663, 518.8468382881249, 36.360148925460294, 9.001370791792603, 0.7978443331361831, 0.19922716606930452]","[68284297.52973747, 8259421.522132071, 886745.5164512233, 62049.19571918234, 15381.952792331567, 1376.4208273856366, 365.73952240275344]",195107.0
2026-01-12_2026-01-18,61055.16681574068,"[40383.0, 4844.0, 555.0, 41.0, 13.0, 1.0, 1.0]","[40153.39202678055, 4850.295468057476, 522.8940466341932, 35.62899427287564, 9.39948315778768, 0.7882434997068298, 0.23174649949121384]","[72434642.74798407, 8745498.430165637, 941759.7069092412, 64218.43027095283, 16913.15732875658, 1373.9239534156316, 398.00458300276927]",203124.5
2026-01-19_2026-01-25,61062.16678483808,"[40130.0, 4827.0, 526.0, 35.0, 13.0, 1.0, 0.0]","[40341.35894179441, 4843.0766818297, 512.3621154034827, 34.205025480071136, 8.904870518042546, 0.7138788414310252, 0.22389584225932027]","[72330826.51122306, 8682715.32013411, 917305.6246217027, 61194.69853190207, 15922.836705891626, 1307.559627205336, 390.97268617851444]",201276.3
2026-01-26_2026-02-01,61069.16677719957,"[39098.0, 4757.0, 519.0, 41.0, 13.0, 0.0, 0.0]","[38982.70136005939, 4680.34531469902, 501.56257184169635, 33.77223676977393, 8.485345510804555, 0.7648744282102367, 0.1527391369973421]","[69629267.68819396, 8359083.735233572, 895205.4360638973, 60213.8297915579, 15174.51560071012, 1338.1648679598477, 285.57307398782837]",200025.9
2026-02-02_2026-02-08,61076.16705497642,"[39578.0, 4898.0, 555.0, 44.0, 14.0, 2.0, 1.0]","[39508.82492766086, 4780.78289618964, 514.1534531620415, 36.44596193338938, 9.088116250954654, 0.7331207535984543, 0.20834975327332314]","[70597162.88522594, 8536353.817457564, 917719.653992385, 64945.71126074879, 16117.326620629972, 1306.1803565747805, 344.56340201429566]",201628.0
2026-02-09_2026-02-15,61083.16677974512,"[37939.0, 4518.0, 495.0, 33.0, 14.0, 1.0, 0.0]","[38092.030160889335, 4510.756046026363, 477.0018436472877, 31.27661187025942, 7.875744261664184, 0.5763637804070612, 0.1486501734789901]","[66877372.21337447, 7932753.572328964, 839931.0841192268, 55085.099022195725, 13843.105462527925, 1002.7387283479551, 259.6364947338309]",191292.6
2026-02-16_2026-02-22,61090.16656608831,"[37824.0, 4585.0, 508.0, 36.0, 11.0, 0.0, 0.0]","[37751.09978399379, 4493.599695708452, 474.6013405248552, 32.256310216963456, 7.977106965017372, 0.5073298984985798, 0.1572861410781982]","[66489367.399921514, 7909752.531446424, 834728.7223484905, 56826.38379088541, 13970.374397351348, 910.4752313349679, 258.5374037576356]",194110.6
2026-02-23_2026-03-01,61097.166678703776,"[40613.0, 4889.0, 514.0, 33.0, 12.0, 1.0, 0.0]","[40371.59862606604, 4805.507746848504, 508.3928061689811, 32.667056517235764, 8.735729199159799, 0.6134067025438017, 0.2732418922190817]","[71414080.74278672, 8501623.839401446, 897769.3596401478, 57717.515803542505, 15354.477880547296, 1078.3850790579174, 423.2378598150414]",197734.3
2026-03-02_2026-03-08,61104.16654675924,"[40284.0, 4867.0, 558.0, 47.0, 13.0, 0.0, 1.0]","[39679.0351497543, 4751.54014779321, 509.1308222077655, 34.135124521282734, 8.504331252438982, 0.5977305908777141, 0.1573789180009285]","[71194776.4964194, 8545519.97756164, 913087.8249013827, 61305.381291148646, 15238.924082541935, 1093.718876498229, 277.99485221240155]",202474.8
2026-03-09_2026-03-15,61111.1666612272,"[38629.0, 4754.0, 509.0, 26.0, 10.0, 0.0, 0.0]","[38722.44191397273, 4655.273989714621, 496.49691788108225, 33.86821478049592, 8.326304260642363, 0.6785006840550889, 0.18563022260652912]","[69395461.76235533, 8344902.93690566, 889167.1487244845, 60612.51746635999, 14936.688013517914, 1190.795035632007, 361.8729245164356]",202720.4
2026-03-16_2026-03-22,61118.16672777723,"[39366.0, 4744.0, 498.0, 38.0, 17.0, 1.0, 0.0]","[39084.5513191679, 4710.169168505131, 494.7044010433509, 32.951483580600524, 8.168479368718263, 0.5876291572077111, 0.1540957146181406]","[70017384.50234313, 8429536.328945685, 885340.1333081201, 58964.57478483816, 14661.21810129682, 1023.3837750397764, 284.513185402183]",203046.2
2026-03-23_2026-03-29,61125.16668842604,"[40274.0, 4865.0, 522.0, 43.0, 14.0, 1.0, 0.0]","[40070.986062929805, 4871.857413532889, 521.7550775241882, 33.977770602414736, 8.72887677677243, 0.7364877984345062, 0.18489619134762403]","[71800633.820146, 8740386.367663313, 935535.6158916573, 60959.247606264194, 15714.348758141803, 1335.0040348607104, 323.3514364720396]",203126.6
