# ra : 187.75, dec : 12.45
# nhits : [0, 1, 2, 3, 4, 5, 6]
# delta : [0.89, 0.662, 0.498, 0.398, 0.332, 0.263, 0.196]
# max_zen : 50.0
name,mjd,n_on,n_bkg,n_off,tobs
2021-03-08_2021-03-14,59284.33328206009,"[18473.0, 2417.0, 250.0, 29.0, 9.0, 0.0, 0.0]","[18413.930249274767, 2390.55865084813, 264.4633547602788, 17.1394437509544, 4.740570312247437, 0.39224488758615184, 0.16215620771708977]","[618615879.4353818, 80242255.72870316, 8861289.228759935, 575293.4427885503, 157467.49420557445, 12594.114291545939, 5319.733357240853]",117559.3
2021-03-15_2021-03-21,59291.16655543972,"[18990.0, 2572.0, 255.0, 22.0, 6.0, 0.0, 0.0]","[19073.47323504799, 2468.6253842183064, 265.70429246862045, 17.173468796396143, 5.021286438784353, 0.4477213516700267, 0.12100323919786289]","[584470196.9109185, 75530853.4524337, 8119838.0830232585, 525945.340562663, 151837.34578978372, 13168.1322086685, 4009.141015841606]",118120.8
2021-03-22_2021-03-28,59298.16639849528,"[25280.0, 3257.0, 343.0, 19.0, 7.0, 3.0, 0.0]","[25187.47822617231, 3247.0564344691784, 352.4575202242969, 23.048476725214446, 6.769776351269674, 0.5941903735093447, 0.15568917558790102]","[746316917.810735, 96277638.05730994, 10439955.653594159, 679542.4903731287, 199238.78561052773, 17204.100472109225, 4731.727602580107]",152671.8
2021-03-29_2021-04-04,59305.16613796316,"[19298.0, 2540.0, 260.0, 22.0, 6.0, 0.0, 0.0]","[19319.757562312156, 2493.6472074721923, 273.4020481978547, 18.687219759371388, 5.584037048989515, 0.40916078270112205, 0.12217347821224633]","[606415623.229266, 78086203.34830572, 8539879.510510743, 584570.0910824548, 174532.20238183063, 12829.209339518779, 4379.067390529861]",118672.0
2021-04-05_2021-04-11,59312.16602650478,"[26375.0, 3339.0, 348.0, 18.0, 4.0, 0.0, 1.0]","[26230.57864681463, 3290.3853310243744, 354.2999243059924, 23.92405957654314, 6.833174254128843, 0.5699845663859157, 0.18755949413979706]","[840316120.1054384, 105594912.4984927, 11388978.106962943, 773585.3455599153, 217765.8279104146, 18528.531108088155, 5566.058740810079]",155484.2
2021-04-12_2021-04-18,59318.83206319419,"[21790.0, 2569.0, 282.0, 12.0, 6.0, 2.0, 0.0]","[21574.0712201102, 2634.560861586775, 278.14293697851645, 18.219144815230656, 5.163295848901871, 0.49864599834305495, 0.14188445398183985]","[601328270.3292565, 73182297.62678754, 7722973.242622857, 501914.2790405285, 144350.87235802686, 13053.833233651974, 3586.210318703063]",129069.1
2021-04-19_2021-04-25,59326.32490347181,"[20542.0, 2521.0, 279.0, 20.0, 12.0, 0.0, 0.0]","[20344.302945464005, 2540.6089514859314, 274.15166543159086, 18.222460277729876, 5.494563953020254, 0.4043410778349894, 0.14859255311917346]","[627598824.0606525, 78283745.22011586, 8428266.528068922, 559562.6877073018, 169099.5209164561, 12211.59487240383, 4232.6029356019135]",128015.6
2021-04-26_2021-05-02,59333.15840833324,"[20849.0, 2672.0, 298.0, 19.0, 5.0, 0.0, 0.0]","[20763.90844457025, 2638.4765107759904, 282.5330900499354, 19.328970990232698, 5.709202560864425, 0.4386238527237008, 0.1483088993046255]","[646363831.9748614, 81927914.59631701, 8757006.339135764, 599060.2033226367, 175805.20088029304, 13718.325952576182, 4675.922389535045]",144873.5
2021-05-03_2021-05-09,59340.166622916775,"[21116.0, 2644.0, 319.0, 18.0, 10.0, 1.0, 0.0]","[20962.724697390324, 2663.932046836935, 282.50861855725907, 17.981633794596558, 5.216246071600807, 0.39500790634931315, 0.13341241412676205]","[670297784.0086232, 84897122.95979862, 8978792.090496786, 570590.8958591967, 166448.33023151988, 13228.19915912264, 4332.356489522118]",152162.7
2021-05-10_2021-05-16,59347.16690069436,"[24120.0, 3012.0, 319.0, 23.0, 2.0, 1.0, 0.0]","[24061.2799181071, 3027.5986057347636, 319.8052168767927, 20.365039119625063, 5.898541952274569, 0.3998680814060355, 0.13723062517656223]","[791333848.2515905, 99562705.11033233, 10499883.293942269, 666771.0395324454, 193088.37102432933, 13547.10273392604, 4790.938671890006]",154814.8
2021-05-17_2021-05-23,59354.16703310164,"[25201.0, 3204.0, 331.0, 23.0, 6.0, 0.0, 1.0]","[25365.07514510261, 3186.0778151997397, 331.3087374397508, 20.526244311105685, 5.8991644858436505, 0.5010455911573876, 0.16388962782587904]","[869356290.4776688, 109166810.987209, 11336159.905856976, 704888.0478068575, 201427.22688549792, 16550.76614050421, 5867.766734052151]",159241.6
2021-05-24_2021-05-30,59361.16682986069,"[24278.0, 2959.0, 309.0, 26.0, 5.0, 2.0, 0.0]","[23912.808466979408, 3000.671338616492, 311.354296087138, 19.35707643263304, 5.38985660321774, 0.4493736218213708, 0.12616035859262742]","[778845637.6757059, 97692765.2568322, 10126776.73096166, 628984.9150778864, 174823.74792205694, 13796.408682387597, 4078.4631995481514]",158929.4
2021-05-31_2021-06-06,59368.16688032413,"[22846.0, 2950.0, 302.0, 17.0, 6.0, 1.0, 0.0]","[22802.93008986646, 2893.741762340344, 301.61501406439146, 19.055029772023303, 5.406072219131135, 0.42048200724026624, 0.1295790693299976]","[747207053.2044716, 94856405.63658196, 9905300.356549826, 627673.1956339185, 176630.43689190628, 14517.885666703212, 4202.487925628822]",158002.1
2021-06-07_2021-06-13,59375.16701273163,"[26131.0, 3266.0, 352.0, 26.0, 7.0, 0.0, 0.0]","[26277.506180042863, 3314.501979874802, 346.0440508798793, 21.979525689028833, 6.356706476961648, 0.4623689748277871, 0.16491323175120104]","[904554814.9149305, 114168647.01881602, 11929133.160400186, 760596.3560978863, 216913.00727234638, 15566.747834288557, 5853.202600074608]",171158.5
2021-06-14_2021-06-20,59382.16671944457,"[26920.0, 3415.0, 326.0, 21.0, 3.0, 0.0, 0.0]","[26788.34441701828, 3351.674883965469, 343.2649558365735, 21.750691668574667, 5.950804453073021, 0.46533144575745256, 0.14431434667734624]","[916697305.0527084, 114678081.2493054, 11769773.365865262, 743614.2265845732, 205727.50948978672, 16310.356715015267, 5424.85225360051]",169735.4
2021-06-21_2021-06-27,59389.16656782394,"[21755.0, 2691.0, 233.0, 16.0, 5.0, 0.0, 0.0]","[21828.96835590663, 2700.4527732859533, 272.6150866086384, 16.21498960402253, 4.742952073060449, 0.30914933168928205, 0.16618829237436222]","[655254699.4215889, 81556018.58198531, 8283864.427783012, 499264.7719841905, 146291.13131972612, 9850.352393266721, 5046.260818457912]",143491.0
2021-06-28_2021-07-04,59396.16681620365,"[25156.0, 3126.0, 324.0, 21.0, 2.0, 1.0, 0.0]","[25144.839485899545, 3143.0222353664412, 319.74597151213754, 20.001944249176198, 5.636303695909396, 0.4144786244219708, 0.1291055708002333]","[834550527.4926642, 104713168.9449041, 10758583.285696816, 684187.7781407828, 194495.54307416294, 14774.50246659704, 4470.989882160179]",159329.3
2021-07-05_2021-07-11,59403.16680162038,"[25527.0, 3203.0, 312.0, 21.0, 4.0, 1.0, 0.0]","[25557.50968031329, 3215.6251085671615, 337.9514795734257, 21.023370615952263, 6.082634712912291, 0.460097566709239, 0.14392135285026283]","[845695263.152563, 106420697.37812138, 11216999.364814274, 703198.6752499118, 202755.1863552192, 15003.514676471525, 4923.103307097054]",161003.3
2021-07-12_2021-07-18,59410.16673958351,"[16005.0, 2051.0, 213.0, 9.0, 9.0, 0.0, 0.0]","[15830.984103536535, 2030.8450943127268, 212.11933514131792, 13.080845895150327, 3.8119618035503344, 0.28422936907334717, 0.09646404833349351]","[474490928.39079905, 60963499.309805535, 6395299.292416599, 396577.6262705533, 115377.32641957015, 9248.454487948904, 2796.1434362997197]",118028.2
2021-07-19_2021-07-25,59417.16679537053,"[21481.0, 2672.0, 286.0, 19.0, 6.0, 1.0, 0.0]","[21260.599682817545, 2635.018757206162, 274.1841694331394, 17.234648747300838, 5.078834953497724, 0.3920262372190748, 0.10337859736046118]","[637375913.8526837, 79252240.15265672, 8268477.687767646, 518123.3417717643, 152249.31724418598, 11837.678772574489, 3392.091833072266]",139728.7
2021-07-26_2021-08-01,59424.16695729188,"[13006.0, 1616.0, 178.0, 11.0, 3.0, 0.0, 1.0]","[13004.176920799799, 1607.1587000042723, 165.00052580267823, 10.613058013477712, 3.1111594434177996, 0.18958586305726327, 0.10203343161175624]","[374577319.8414198, 46535401.78769044, 4798722.951349741, 310256.9772879547, 91510.49113976993, 6049.52479662176, 3015.1283928628172]",81164.6
2021-08-02_2021-08-08,59431.16673773149,"[26520.0, 3420.0, 364.0, 26.0, 6.0, 0.0, 0.0]","[26793.17036701286, 3385.6208241795634, 352.8461487743733, 22.327400839015727, 6.522427376565769, 0.5265479770064665, 0.170578745828005]","[921703855.090859, 116548497.63572218, 12182817.986642616, 775503.5920487302, 227603.94250075181, 17666.089437065413, 6037.151216935512]",170560.8
2021-08-09_2021-08-15,59438.16700601812,"[25572.0, 3256.0, 344.0, 21.0, 11.0, 1.0, 0.0]","[25594.99483187388, 3196.5549768129044, 330.3865202931481, 20.883227349019432, 5.970951082566231, 0.4741798977590559, 0.15784324291317736]","[863171001.8113995, 108080759.6867585, 11218396.068178106, 711499.7692756321, 203514.34979830703, 16110.852214432878, 5441.12010368809]",164943.2
2021-08-16_2021-08-22,59445.16691111219,"[24939.0, 3192.0, 346.0, 21.0, 7.0, 0.0, 1.0]","[25024.173884783428, 3163.1765858129506, 329.95173535050003, 20.80187226024268, 5.947451458270884, 0.453001597431843, 0.13118696058815568]","[838635929.6963425, 106206456.74183856, 11128769.10888802, 705583.8526534068, 202958.82107309296, 16397.023453417478, 4138.090460842136]",163369.0
2021-08-23_2021-08-29,59452.16672245379,"[22924.0, 2869.0, 327.0, 26.0, 7.0, 1.0, 0.0]","[22894.923415756115, 2890.3327740712202, 301.17935502069906, 19.0867765966833, 5.6944577398977865, 0.39624650875308703, 0.1709358932093493]","[745399389.5523385, 93888097.97373644, 9787360.069715362, 625079.0250545215, 184924.8700240644, 12912.41511084697, 5492.515561921376]",148809.6
2021-08-30_2021-09-05,59459.16678854192,"[26407.0, 3273.0, 331.0, 29.0, 5.0, 1.0, 0.0]","[26553.819179050966, 3362.180209987634, 348.47710124021876, 22.36203779080251, 6.801754253424819, 0.5147209738975026, 0.19100358210960025]","[907271856.5738481, 114877019.10146001, 11913298.33417166, 767066.3662124795, 233537.5003376815, 17969.82356006486, 6798.475435762231]",170590.4
2021-09-06_2021-09-12,59466.167044907554,"[23883.0, 3010.0, 309.0, 21.0, 7.0, 1.0, 0.0]","[23870.9621635336, 3012.501240094964, 315.9967239210022, 19.84777320239642, 6.016028642328943, 0.4396286523022025, 0.14887132220282967]","[772935918.4282014, 97608569.46338913, 10243383.41566476, 641519.8890788938, 195714.06665689137, 13691.302289095867, 5049.725995965886]",156157.8
2021-09-13_2021-09-19,59473.16697187504,"[9915.0, 1228.0, 131.0, 6.0, 1.0, 1.0, 1.0]","[9889.38886078961, 1264.6745721188413, 133.0914046196421, 8.349947416031144, 2.5719539755651373, 0.2479226499846477, 0.06568248207587045]","[305379397.3405683, 38942189.58631669, 4102563.544418294, 258917.17617520178, 80159.11615606291, 6885.364530220689, 2215.131234531403]",73250.0
2021-09-20_2021-09-26,59480.166958217735,"[14831.0, 1956.0, 204.0, 11.0, 4.0, 0.0, 0.0]","[14731.207869833563, 1886.5938272232272, 202.28078011261348, 13.276552576548994, 3.76506986666245, 0.3103917048381606, 0.07568213036074883]","[432750445.27688366, 55478761.771820866, 5958078.938096808, 390966.9990856603, 111459.65334740772, 8863.465437313891, 2339.672047930279]",100270.5
2021-09-27_2021-10-03,59487.24986284722,"[22453.0, 2837.0, 313.0, 23.0, 9.0, 1.0, 2.0]","[22616.195935807937, 2868.5945348490573, 306.7808082416964, 19.761758571517035, 5.700140445221828, 0.4939633042711492, 0.15086620801177483]","[721643522.9934087, 91654096.89095028, 9794806.340453392, 630162.9277824663, 181214.88093548687, 16098.619132517317, 4956.915796466523]",146249.3
2021-10-04_2021-10-10,59494.25005740744,"[23817.0, 3045.0, 305.0, 17.0, 9.0, 0.0, 1.0]","[23713.735687215754, 3014.0769433532937, 318.2478059711142, 20.813908642573058, 5.857037337115504, 0.4554886154926119, 0.14909880232629943]","[758738752.2784771, 96630871.31363156, 10192281.756640913, 662381.3350226835, 187346.88440165477, 15435.776975448429, 4992.960932906706]",148680.5
2021-10-11_2021-10-17,59501.16663148133,"[21903.0, 2813.0, 297.0, 21.0, 9.0, 1.0, 0.0]","[21945.971280894573, 2790.1680794696026, 295.13194307479614, 18.82399596225631, 5.817608252587244, 0.4760362268047961, 0.14775008702216127]","[750692129.5875969, 95411949.53737643, 10094837.461149892, 645292.3697190647, 199328.292995643, 15496.775898080974, 4899.469136749798]",146060.3
2021-10-18_2021-10-24,59508.16666423631,"[23975.0, 3039.0, 349.0, 23.0, 9.0, 1.0, 0.0]","[23794.065555714074, 3025.888350248349, 320.4992768710842, 21.226408390110425, 6.033429458969066, 0.4564440106479396, 0.14882087666908697]","[777256062.7223594, 98800264.35520083, 10470190.797727808, 697840.3081391496, 198086.7479312821, 14565.773416300988, 5535.64115815672]",153811.5
2021-10-25_2021-10-31,59515.1669280092,"[26452.0, 3303.0, 373.0, 31.0, 8.0, 1.0, 1.0]","[26390.995127855378, 3355.565846609365, 356.9192314018514, 24.163237746282203, 7.033193674382767, 0.5482853798060874, 0.18605378254317967]","[915694179.0737469, 116466788.43632385, 12390302.214610822, 837874.0855975971, 244263.5769795654, 18692.715485512632, 6598.660173801857]",170503.0
2021-11-01_2021-11-07,59522.1668252314,"[25855.0, 3329.0, 376.0, 18.0, 8.0, 1.0, 0.0]","[25833.656670699558, 3294.41865533418, 352.005868936364, 23.590628333042908, 6.689105055940774, 0.6260434503865155, 0.15722637182998794]","[855254799.6229537, 109392947.34154046, 11685464.012405207, 781785.770078009, 222105.70957023147, 20812.287466210615, 5827.556144392712]",161245.4
2021-11-08_2021-11-14,59529.16671238424,"[23818.0, 2938.0, 312.0, 20.0, 4.0, 1.0, 0.0]","[23507.619435425127, 3021.975382010628, 325.24080962411165, 21.367876491701395, 6.18579585710933, 0.47200669844454973, 0.17387548663903696]","[814693648.0419161, 104723054.50538075, 11248112.799018364, 739773.8738751762, 213308.49204200238, 16174.811947208398, 5989.908457355069]",155610.4
2021-11-15_2021-11-21,59536.16684085637,"[27086.0, 3486.0, 374.0, 21.0, 6.0, 1.0, 0.0]","[27124.08744769059, 3467.3332348725594, 372.36490036255276, 24.094778805329945, 7.014535808803522, 0.5351345734457286, 0.17426572279533414]","[940815278.388853, 120264640.00433965, 12916848.296175158, 836048.4087977298, 243030.6349501472, 18724.00357776832, 5850.516042981747]",170514.5
2021-11-22_2021-11-28,59543.166822106185,"[26200.0, 3410.0, 390.0, 28.0, 4.0, 0.0, 1.0]","[26155.148650630126, 3341.752520937557, 359.5380439341024, 23.471253270326134, 7.046647458805805, 0.5535772125377443, 0.20471145661615583]","[907967472.2371283, 116048287.29372309, 12483243.94901474, 815939.4954782343, 245937.13237847874, 18337.448534975036, 7892.6612750047825]",170685.2
2021-11-29_2021-12-05,59550.16697291678,"[22682.0, 3024.0, 331.0, 29.0, 6.0, 0.0, 0.0]","[22921.047444464934, 2914.7604802155006, 311.66568296476567, 20.818866371192605, 5.90045366297876, 0.45032469951972287, 0.13786566680870088]","[750138759.3139545, 95651337.03524855, 10230342.502510972, 681908.7671128657, 194083.3796855052, 15628.582733098501, 4594.944165046415]",151563.7
2021-12-06_2021-12-12,59557.16690509248,"[25777.0, 3299.0, 354.0, 25.0, 10.0, 4.0, 0.0]","[25772.849264825945, 3294.342521997623, 356.51366773536193, 23.24344516016458, 7.06099563217492, 0.5660999400993115, 0.1873706671730327]","[864219666.5066227, 110603772.25990346, 11964953.001005776, 782719.0050453562, 237590.49594200382, 19368.723566527155, 6384.019388262241]",162675.1
2021-12-13_2021-12-19,59564.166788194445,"[27024.0, 3470.0, 411.0, 23.0, 11.0, 3.0, 0.0]","[26960.748065760603, 3438.7633145488385, 367.48485069726075, 24.53518251207148, 7.238385837004328, 0.47963343519105467, 0.1940141765220085]","[899785302.908387, 114811024.86657044, 12267849.036314767, 816609.7341879695, 242212.27367821647, 16295.379397352499, 6604.343590248075]",166711.2
2021-12-20_2021-12-26,59571.16683148157,"[27183.0, 3488.0, 385.0, 22.0, 10.0, 1.0, 1.0]","[27304.809378865975, 3494.5844643266996, 377.7769732025974, 25.50589251450057, 7.59447026891143, 0.7007625946693262, 0.18966638106744566]","[943270072.2147, 120664073.5132063, 13041532.430182157, 879360.1530388793, 263038.7870537439, 23895.71531480362, 5950.875622318134]",170493.0
2021-12-27_2022-01-02,59578.16677905083,"[26632.0, 3392.0, 407.0, 30.0, 10.0, 1.0, 1.0]","[26576.763550739044, 3389.0392379633136, 366.15763619234923, 24.12518049294952, 6.929111000407351, 0.5758687388218756, 0.17806559050933896]","[911698558.6235248, 116216356.21999429, 12568451.435806673, 827542.8699976798, 238694.3685806802, 20184.557258911907, 6094.153837761006]",170233.1
2022-01-03_2022-01-09,59585.16683425926,"[24945.0, 3132.0, 351.0, 24.0, 9.0, 1.0, 0.0]","[24792.41126195201, 3189.747945735509, 340.534265131655, 22.70090498937132, 6.8768974022382245, 0.6193229207103832, 0.15309856465086263]","[844300519.1972146, 108521915.68697697, 11578150.122547515, 770875.2964435833, 234196.90174557175, 20165.831077877698, 4737.467770369843]",163463.5
2022-01-10_2022-01-16,59592.16679201393,"[26999.0, 3456.0, 368.0, 42.0, 11.0, 2.0, 0.0]","[27203.119554348654, 3454.6695821968397, 370.32359425418485, 24.912310034116246, 7.312272954179839, 0.49846014151313583, 0.1466063440673369]","[937748171.6058586, 119130096.68985271, 12775572.226672169, 857476.2471705964, 251511.63876393886, 17607.336958981454, 5581.604463979922]",170638.1
2022-01-17_2022-01-23,59599.16700868019,"[27639.0, 3470.0, 380.0, 27.0, 10.0, 1.0, 0.0]","[27457.004843784423, 3486.291532116158, 376.78854362596536, 24.939745536986198, 7.187529806031012, 0.6245251125986403, 0.2048380710156137]","[922960433.7710365, 117137598.63058114, 12634709.256389258, 834840.346722245, 242905.82687051297, 21179.851037799333, 7004.540687809282]",170195.6
2022-01-24_2022-01-30,59606.16685833294,"[27872.0, 3561.0, 370.0, 27.0, 10.0, 2.0, 0.0]","[28012.523558023946, 3558.7341745070908, 375.0750865806231, 24.47518629544431, 7.576271459532786, 0.5904576285803471, 0.16136144453426615]","[964685540.8012842, 122549901.55556925, 12925073.941696143, 843684.2276042366, 260539.8084329216, 19939.57908403344, 5740.782249911377]",170544.0
2022-01-31_2022-02-06,59613.16693032354,"[27421.0, 3612.0, 434.0, 40.0, 12.0, 2.0, 1.0]","[27578.241412756823, 3525.075636445476, 376.19454077814936, 25.310564458458924, 7.3543311908854445, 0.6130875859075255, 0.1808761054677377]","[949766021.2449136, 121391738.79150464, 12960405.61832959, 871954.0512658444, 254452.44689007563, 21077.282386790957, 6612.110173576321]",170454.9
2022-02-07_2022-02-13,59620.16686990748,"[27422.0, 3478.0, 391.0, 34.0, 6.0, 0.0, 0.0]","[27492.031991705036, 3489.4502941106625, 373.43550676153984, 25.70260874515553, 7.353676271673052, 0.5298206099107913, 0.20114418747957305]","[927874080.8114164, 117828070.11166169, 12618708.367742164, 866719.803553257, 248721.9230867443, 18458.088225885593, 6856.705019386589]",169130.7
2022-02-14_2022-02-20,59627.16690486121,"[27761.0, 3403.0, 376.0, 30.0, 7.0, 0.0, 0.0]","[27770.155828855946, 3522.9609935510125, 375.06011246039674, 24.66287740352251, 7.450892342937993, 0.6687049189953869, 0.1665216626021211]","[919010191.2044, 116617340.45917806, 12432665.170353087, 816821.6143702384, 245568.29668240083, 22094.526501461372, 5471.336079659237]",170487.9
2022-02-21_2022-02-27,59634.16683993064,"[26921.0, 3431.0, 372.0, 23.0, 4.0, 0.0, 0.0]","[26930.483698402255, 3366.0363031282523, 355.90528487004565, 23.753727656339592, 7.386070218293085, 0.528707980418173, 0.17491435444818784]","[917574580.8328547, 114623171.02329358, 12117613.754650705, 808888.7396786644, 252096.57120549688, 18979.326288803102, 5609.550161070246]",170662.6
2022-02-28_2022-03-06,59641.166850115726,"[26935.0, 3260.0, 359.0, 23.0, 3.0, 2.0, 0.0]","[26740.00005304682, 3351.361261618457, 353.2015625964346, 23.280998253841474, 7.15139004151863, 0.6115656233691992, 0.1378547453702654]","[916685804.9288567, 114852671.0381883, 12109142.909650728, 798236.4923847021, 245142.5279534342, 21526.096081807467, 5335.077951699214]",172324.7
2022-03-07_2022-03-13,59648.16671736075,"[24799.0, 3088.0, 308.0, 27.0, 7.0, 1.0, 2.0]","[24777.60905237506, 3059.9464556077787, 315.0991618876765, 20.920472925970937, 6.31249625254701, 0.4573595877807838, 0.12518450255680244]","[839473853.2247452, 103705316.42622168, 10674302.04947022, 709154.1557973569, 214774.8054708454, 15204.824382879598, 4686.5696684936875]",167933.9
2022-03-14_2022-03-20,59655.16690104192,"[25740.0, 3249.0, 312.0, 18.0, 6.0, 1.0, 0.0]","[25657.50639032386, 3158.1192146553776, 318.5426218146444, 21.098173264089166, 6.177415027020599, 0.48934363846936824, 0.1571383317250426]","[885916080.3640549, 108971886.261759, 10985764.544378577, 726082.0325579387, 213085.51339324165, 16754.510547355345, 5542.579868455688]",172284.3
2022-03-21_2022-03-27,59662.16696226853,"[26300.0, 3215.0, 338.0, 24.0, 9.0, 0.0, 0.0]","[26176.161066442342, 3214.132524988313, 326.8792507865752, 20.68419175972574, 6.403383943896624, 0.4296519742308024, 0.1781942886343301]","[894598248.4159374, 109836284.98132549, 11170549.668341227, 706193.4548223112, 217301.2795986688, 15059.5836282765, 6251.898042642573]",170959.0
2022-03-28_2022-04-03,59669.166778935,"[24844.0, 3106.0, 307.0, 20.0, 5.0, 1.0, 0.0]","[24814.230155121208, 3032.433519240695, 310.7685475520457, 19.78160528142494, 6.017423478003122, 0.4218074378429245, 0.1599295991538607]","[854174615.3647667, 104338930.88479696, 10696079.664813414, 680187.1997454118, 205828.20659498096, 14413.369644228706, 5358.84731001498]",171046.0
2022-04-04_2022-04-10,59676.16661817132,"[22023.0, 2562.0, 273.0, 16.0, 5.0, 0.0, 0.0]","[21991.356530525776, 2632.9627510832775, 261.327744186653, 16.756917314206, 5.007200165804485, 0.411571891473567, 0.0977481875561073]","[754080159.5899765, 90250042.8958503, 8954002.388753735, 576702.0838935005, 171501.40470323755, 13595.923271392936, 3349.4777374706337]",172141.4
2022-04-11_2022-04-17,59683.16650127327,"[24624.0, 3016.0, 293.0, 13.0, 4.0, 1.0, 2.0]","[24580.787768675553, 2973.095788410699, 295.1008572795232, 18.625968550275932, 5.670398284080571, 0.4399933148031799, 0.1742610676734582]","[852676282.6848772, 103102471.6280399, 10239496.957954872, 646507.6823557606, 196437.02056485837, 15220.808660754974, 5607.1287385590385]",172164.3
2022-04-18_2022-04-24,59690.16679131911,"[25143.0, 3090.0, 306.0, 35.0, 8.0, 1.0, 0.0]","[25328.815886172153, 3083.6133324661755, 309.25525644837614, 20.000436895995097, 6.0393890154595935, 0.4944098979694084, 0.1558750968271463]","[867472286.8084662, 105501520.2999148, 10584596.470907405, 682198.0040350959, 205966.28944812503, 17278.709931789876, 5187.866880859511]",172178.7
2022-04-25_2022-05-01,59697.16674571783,"[26149.0, 3224.0, 321.0, 33.0, 4.0, 1.0, 0.0]","[26009.479949617467, 3251.3842087811167, 332.32064986533663, 21.61949099337271, 6.48910899874312, 0.5252579207306316, 0.18604569665497017]","[830564800.0634023, 104250890.22553325, 10685742.559366502, 698523.968862266, 209379.8240972144, 15574.445595534944, 6465.701847308868]",171753.6
2022-05-02_2022-05-08,59704.16650463019,"[25742.0, 3336.0, 358.0, 23.0, 8.0, 2.0, 1.0]","[25610.088830064247, 3316.257840384526, 353.05060357878324, 22.687325459833673, 6.535249897618084, 0.517817971068078, 0.14038242466003564]","[886524397.826349, 114715312.28623612, 12216333.16025435, 785106.3975117344, 226742.799735546, 18489.96942727483, 5099.728453303979]",172160.3
2022-05-09_2022-05-15,59711.16671157407,"[25928.0, 3399.0, 366.0, 24.0, 8.0, 1.0, 1.0]","[26173.00078320875, 3373.26527358597, 357.376870275244, 21.63101675896717, 6.441843727092618, 0.5394081280659437, 0.22289909110729741]","[905833067.5111845, 116660403.93133013, 12356010.40302385, 745967.9286232073, 222797.40795316652, 17699.020537610308, 7331.682565878598]",172264.8
2022-05-16_2022-05-22,59718.16637986089,"[26163.0, 3437.0, 361.0, 23.0, 7.0, 0.0, 0.0]","[26027.312225509002, 3400.0597741723395, 359.3916019908782, 23.475233184849714, 6.401676551139586, 0.6142473597374415, 0.17681131224395527]","[874051978.2255493, 114089846.64493223, 12064520.00253383, 790210.6080407079, 213224.32476383745, 20339.180776903795, 5807.596501194157]",170106.6
2022-05-23_2022-05-29,59725.16671539346,"[26924.0, 3374.0, 379.0, 27.0, 10.0, 0.0, 0.0]","[26450.31858469221, 3407.4601303595477, 353.07594833961474, 22.54165881776846, 6.360792209984581, 0.43643177170313857, 0.14386055923293609]","[907323944.89376, 116753647.40101747, 12091273.161789073, 768311.9824932194, 216715.20816169385, 14737.476895427917, 4936.194424425129]",172201.5
2022-05-30_2022-06-05,59732.16694317115,"[26319.0, 3450.0, 352.0, 20.0, 10.0, 0.0, 0.0]","[26223.299988095827, 3391.5843810670676, 353.7321426731986, 22.957908501909095, 6.226328778596432, 0.5518087013087353, 0.20440044587247372]","[877748130.7884636, 113547772.95223777, 11854704.193603199, 768932.5780631569, 209477.09245347948, 17674.153822084634, 6653.200888922801]",168944.1
2022-06-06_2022-06-12,59739.16687361122,"[25683.0, 3274.0, 313.0, 36.0, 10.0, 0.0, 0.0]","[25303.684778442348, 3283.4066233154695, 341.88313034927324, 22.12185764894205, 6.067121531763024, 0.43054601294208444, 0.17196870009268378]","[847313243.5501478, 110084663.60956699, 11494366.016374184, 742324.7910912698, 203986.14757458292, 14590.060063652929, 6271.705617474201]",164961.3
2022-06-13_2022-06-19,59746.1670091434,"[25502.0, 3303.0, 384.0, 28.0, 10.0, 0.0, 1.0]","[25342.439331984784, 3295.6351490141174, 349.5710128928572, 22.82088044835501, 6.429886634978516, 0.4376905573381193, 0.16544753691550756]","[840809812.2385267, 109550015.39219059, 11644345.397435255, 762761.1754824948, 213824.6768820106, 15200.551678250788, 5361.9273272752425]",160174.9
2022-06-20_2022-06-26,59753.167018634485,"[23327.0, 3060.0, 333.0, 22.0, 7.0, 0.0, 0.0]","[23339.92278649053, 2995.421874989453, 310.155374971537, 19.08321397362404, 5.459892641475312, 0.4164058933600303, 0.153157888215291]","[674799558.9884058, 87027365.46554783, 9075482.817000479, 561146.3948857296, 160633.47411708947, 12766.938345829029, 4490.245117352247]",140322.3
2022-06-27_2022-07-03,59760.16680532409,"[24256.0, 3055.0, 321.0, 21.0, 5.0, 1.0, 0.0]","[24237.403130973413, 3068.599487217155, 317.97000240782876, 19.873206042962007, 5.503492470724266, 0.3806575046533308, 0.11159802335151116]","[667397573.7029729, 85282781.60538936, 8898554.29254609, 557604.08383606, 154091.6226505347, 10516.590523596311, 3637.5540539228223]",148629.8
2022-07-04_2022-07-10,59767.16666122664,"[24323.0, 3165.0, 344.0, 21.0, 5.0, 0.0, 1.0]","[24125.012311657298, 3136.384832902766, 332.84997226244235, 21.419160325923418, 5.9298541597448935, 0.4785485434968526, 0.18204021602950962]","[783368005.0663955, 101977039.36779341, 10854397.095358176, 700138.5225189214, 194848.82395650845, 16301.378570847122, 6027.981658346553]",154142.6
2022-07-11_2022-07-17,59774.16690879582,"[26487.0, 3469.0, 362.0, 25.0, 2.0, 0.0, 0.0]","[26468.944291483578, 3446.8823844953204, 366.65751001739665, 23.148108189523576, 6.530138097226774, 0.5836762737074558, 0.1559518934008808]","[909709537.5498499, 118546995.11979875, 12641575.915069759, 802665.5660905967, 226380.1561459059, 19673.9843687914, 5515.279688128623]",170513.8
2022-07-18_2022-07-24,59781.1668662036,"[25797.0, 3442.0, 368.0, 22.0, 6.0, 0.0, 1.0]","[25893.525143540028, 3354.1469724325957, 352.60935284006433, 22.13105551033867, 6.14717868575311, 0.5112111258215211, 0.19110442119466667]","[886507388.883901, 114963075.5676384, 12119583.890790874, 759314.4506035015, 213284.34247569408, 18147.716443763136, 6157.355206979439]",169937.7
2022-07-25_2022-07-31,59788.16675636565,"[25904.0, 3340.0, 341.0, 27.0, 6.0, 0.0, 0.0]","[25895.53777532413, 3353.1987704539306, 352.3400460250878, 22.210045930575127, 6.275298838958661, 0.43842908819242804, 0.17411187119361204]","[889162849.2699239, 115242646.65240818, 12131689.375477606, 769126.0575877249, 218013.36394210687, 15229.943671075793, 5963.409587368662]",170496.4
2022-08-01_2022-08-07,59795.16681076432,"[26281.0, 3371.0, 346.0, 18.0, 6.0, 0.0, 0.0]","[26320.03485754495, 3401.354979600694, 359.34016837276505, 22.331614641919483, 6.448313636560285, 0.5090598294160126, 0.17802999154359248]","[903722954.8651884, 116944919.11707936, 12390023.165699294, 774331.6784277614, 224664.95800155532, 17684.02932763766, 6289.870999254119]",170716.1
2022-08-08_2022-08-14,59802.166529745205,"[25835.0, 3396.0, 359.0, 21.0, 9.0, 2.0, 1.0]","[26000.655271903226, 3356.15861797847, 352.03620051976276, 22.102058075346687, 6.296045307333001, 0.4996232573873491, 0.2360935997013616]","[870459726.1041929, 112441730.50279926, 11830288.539492652, 746651.0366100686, 212882.2856604685, 16860.962763003357, 7450.64722622883]",167415.3
2022-08-15_2022-08-21,59809.16680590272,"[24760.0, 3293.0, 360.0, 27.0, 8.0, 2.0, 0.0]","[24856.283203029114, 3208.2535035074843, 337.5630460246504, 20.983174262245804, 5.72011282677991, 0.41056431721893466, 0.1891904058187842]","[824065701.4977901, 106524955.7702092, 11247094.268920364, 700988.4914229112, 191559.0604608209, 13560.960357119597, 5876.50434729646]",162350.0
2022-08-22_2022-08-28,59816.16690625,"[23688.0, 3140.0, 331.0, 24.0, 7.0, 3.0, 0.0]","[23662.74299127525, 3040.6716255209453, 316.808190757452, 20.353896745348976, 5.677660936307481, 0.4029048278604781, 0.17169334036355544]","[758385849.8532046, 97827991.32247749, 10225948.134511322, 659028.086466607, 187002.07532277802, 13473.201740162613, 5359.392743827737]",153713.6
2022-08-29_2022-09-04,59823.14737326394,"[24737.0, 3262.0, 341.0, 16.0, 8.0, 0.0, 0.0]","[24706.717470272604, 3200.675745094485, 335.7772519959906, 21.075371698518786, 6.213336156758056, 0.4244796026109132, 0.1703492419230914]","[797509232.9423587, 103328973.98695077, 10830238.055745207, 680067.3660687888, 200286.40402427362, 13589.373535627454, 5329.856750365332]",162507.3
2022-09-05_2022-09-11,59830.14744907413,"[25329.0, 3276.0, 359.0, 17.0, 7.0, 1.0, 0.0]","[25426.677335797925, 3321.948995900436, 357.940894727896, 23.36045116419195, 6.16855365827076, 0.5352487538057923, 0.16301199156406432]","[855232878.1409608, 111863241.16979285, 12063927.267958308, 785575.1979017155, 208253.8961707652, 18287.06947723542, 5304.68773193437]",169067.9
2022-09-12_2022-09-18,59837.1668284719,"[23300.0, 3080.0, 281.0, 22.0, 8.0, 0.0, 0.0]","[23379.861171683417, 3045.903247755696, 325.06531974149766, 21.299868525546643, 5.7351218468104355, 0.4314277874287005, 0.13402134156811685]","[756539814.1800213, 98502387.80810879, 10521707.295786535, 687416.2586115195, 186066.59043703458, 13590.012361266845, 4526.799219640056]",151194.0
2022-09-19_2022-09-25,59844.16651377377,"[22992.0, 2937.0, 315.0, 17.0, 5.0, 0.0, 0.0]","[22869.806617346592, 2978.5269751722935, 319.0748799762184, 20.313098466828908, 5.624806172315286, 0.4388926012044311, 0.14325781081489]","[725209041.3271284, 94490119.61268236, 10139061.167395832, 648181.145655928, 180627.17646490913, 14027.34209068494, 4567.144941107347]",151590.2
2022-09-26_2022-10-02,59851.1669710641,"[17657.0, 2373.0, 259.0, 20.0, 6.0, 2.0, 0.0]","[17610.534063974177, 2277.470606580482, 244.10156671222123, 15.6082828270785, 4.080715909566425, 0.3003728238530673, 0.0994241763875659]","[585569373.084938, 75855336.3380293, 8132428.600898641, 519489.8921100333, 134933.20083016853, 10232.22567826491, 3134.2741881769393]",114572.3
2022-10-03_2022-10-09,59858.16684722263,"[25792.0, 3320.0, 345.0, 26.0, 4.0, 0.0, 0.0]","[25614.998229897006, 3338.2007667030957, 356.81464714253786, 23.3981885508021, 6.480307415816409, 0.5143261381861252, 0.2008164911540066]","[887220487.6955961, 115565061.0684286, 12354198.329602737, 810001.2812325617, 224094.67956381498, 17743.86134080144, 6526.999269366314]",170629.3
2022-10-10_2022-10-16,59865.16683425795,"[24454.0, 3322.0, 350.0, 24.0, 5.0, 1.0, 0.0]","[24564.15378109523, 3227.7951243406756, 348.09851625747774, 21.950640025909166, 6.584741075484293, 0.5295432421832194, 0.18452531201575173]","[835062023.1136936, 109684038.36939737, 11827979.725541772, 745602.8666715962, 223499.72673675057, 17633.671515564547, 6156.24501848704]",163765.3
2022-10-17_2022-10-23,59871.978755787066,"[22090.0, 2958.0, 316.0, 18.0, 6.0, 0.0, 0.0]","[22360.3439505631, 2938.8906331609173, 322.80727537724016, 21.472820701378247, 5.965779562035563, 0.41528454813348703, 0.1835924631809419]","[709563504.9643009, 93239579.86827572, 10243095.930217417, 678967.0082895127, 189428.6936484106, 13208.101346381914, 5622.711113855504]",149110.7
2022-10-24_2022-10-30,59879.2502747682,"[25608.0, 3336.0, 406.0, 29.0, 6.0, 2.0, 0.0]","[25596.701637600636, 3357.7730253896016, 365.9437660075044, 23.901777608542126, 6.847234597521527, 0.5594698354900741, 0.19346092089982705]","[883518918.7103893, 115928146.9537188, 12623985.116640642, 826956.8812948482, 235863.9316489413, 19346.167954532866, 7075.526663456075]",170488.5
2022-10-31_2022-11-06,59886.16695219893,"[24181.0, 3172.0, 351.0, 30.0, 3.0, 2.0, 0.0]","[24444.06734319223, 3207.8422752338893, 350.4286667012945, 23.244547961434705, 6.554265285581835, 0.48948974367480524, 0.13733659422775796]","[835868023.2781533, 109686105.08678551, 11972607.280922297, 794379.5920951699, 223468.78738890332, 17054.22576689858, 5003.908676131509]",165959.4
2022-11-07_2022-11-13,59893.16699583343,"[25751.0, 3451.0, 354.0, 33.0, 10.0, 1.0, 3.0]","[25772.71688732045, 3384.5565248005273, 364.3226492829838, 23.9947621310106, 6.994854661190208, 0.5035239565284124, 0.1661364725086571]","[895157126.901556, 117531454.367481, 12637376.218772117, 832458.474631048, 242602.91394870216, 18354.747648006178, 6087.11219648624]",170701.0
2022-11-14_2022-11-20,59900.16687060168,"[24185.0, 3259.0, 338.0, 26.0, 8.0, 0.0, 0.0]","[24308.341175695925, 3193.6574904122517, 348.788646269101, 22.80384524543334, 6.52293612722398, 0.4829330438454443, 0.14975495600158856]","[831118783.3796933, 109183435.27228315, 11905914.42018522, 776773.9699507541, 222811.77334080962, 17244.027534741886, 5064.552689534727]",163864.3
2022-11-21_2022-11-27,59907.16699351847,"[24551.0, 3200.0, 365.0, 26.0, 4.0, 0.0, 0.0]","[24704.546348467804, 3221.4446501577077, 350.98180867423554, 23.073275421492784, 6.313574237712477, 0.5196743841881659, 0.1980978757179124]","[839861111.671611, 109538207.94922511, 11933443.774479214, 784237.9748328043, 214823.63878220733, 18092.484901564985, 6495.257895452686]",163435.6
2022-11-28_2022-12-04,59914.166677777845,"[24913.0, 3238.0, 351.0, 21.0, 9.0, 2.0, 0.0]","[24956.595897246214, 3249.6719518948003, 349.07931966481397, 22.882360322010715, 6.503500099446694, 0.5501327535472538, 0.18445323873087155]","[843430383.4839634, 109876206.0404866, 11794445.35355804, 771512.9551396064, 221260.36320156057, 18417.267167163074, 6044.917897770727]",161951.2
2022-12-05_2022-12-11,59921.166612731264,"[26170.0, 3554.0, 358.0, 16.0, 7.0, 2.0, 0.0]","[26471.111913622048, 3465.4124002163076, 375.00718265972773, 24.60101923362415, 6.9102969681133155, 0.5572691677266521, 0.15087662130771878]","[913236280.9136326, 119531485.37667629, 12917182.992473323, 849120.1844972997, 237163.03356101, 18958.95851598927, 4922.2472954032255]",170383.7
2022-12-12_2022-12-18,59928.16688993055,"[26196.0, 3321.0, 348.0, 19.0, 13.0, 1.0, 2.0]","[26133.778566451547, 3411.6570503461335, 368.3571666484184, 23.881832978942683, 6.808806541989289, 0.5808558951031079, 0.18145639643820127]","[889678035.353609, 116102360.83802545, 12530024.572387235, 813460.8287086844, 232782.6145921006, 19802.745382589354, 5999.92388625001]",165609.3
2022-12-19_2022-12-25,59935.16690578736,"[27047.0, 3569.0, 360.0, 23.0, 4.0, 2.0, 0.0]","[27054.051567854163, 3543.9231033236647, 382.75817250270006, 24.8961271193519, 7.1462169087506595, 0.6578428962980696, 0.17281997033467741]","[935478054.0355752, 122559931.93913624, 13240897.006100213, 860538.7696060188, 247024.67960669575, 21673.342976850046, 5677.750082786633]",170597.4
2022-12-26_2023-01-01,59942.16682083384,"[22656.0, 2980.0, 347.0, 18.0, 8.0, 0.0, 1.0]","[22685.94323661346, 2984.0429326638105, 327.681624290793, 21.471503502531913, 6.3080176982886424, 0.4829836502059865, 0.1610383174408972]","[735851898.359077, 96757966.42667505, 10620806.032997375, 697628.9345556755, 204876.8790715505, 15894.49483672356, 5081.987599414173]",138988.1
2023-01-02_2023-01-08,59949.16686342559,"[25993.0, 3461.0, 361.0, 30.0, 7.0, 0.0, 0.0]","[26014.056317269766, 3436.6590431944524, 375.2936257182524, 25.346472251969296, 7.615422317982163, 0.5450003599067378, 0.17265803109782007]","[865584015.6899309, 114147397.84772387, 12472021.487527115, 842345.810828957, 252339.55015439785, 19319.972729078298, 5566.2264129739]",168582.6
2023-01-09_2023-01-15,59956.16683078704,"[27158.0, 3573.0, 385.0, 26.0, 13.0, 1.0, 0.0]","[27317.760365834492, 3597.6598346486867, 392.53700203939724, 26.335210648210218, 7.568169187604441, 0.596704759984884, 0.2035484197251743]","[941408967.2063175, 124024739.47667657, 13539846.818695541, 908660.9845320429, 259516.68268294504, 19770.86224131544, 7068.627149473607]",170636.0
2023-01-16_2023-01-22,59963.16676030106,"[28008.0, 3617.0, 382.0, 24.0, 9.0, 0.0, 0.0]","[28026.188200978886, 3677.2948221418997, 401.5772679913497, 25.87405719028936, 7.653432071861168, 0.6319983921862573, 0.1971428568320256]","[963615418.8524506, 126479618.19120552, 13828543.63933085, 890998.790873297, 263162.4837677826, 21390.728622365077, 6980.949692472475]",170717.0
2023-01-23_2023-01-29,59970.16675717596,"[27488.0, 3548.0, 396.0, 28.0, 9.0, 3.0, 0.0]","[27388.910251133555, 3572.608030271037, 379.72039725925515, 24.71434504241467, 7.093807122117492, 0.6141433325831616, 0.1891744550151571]","[942370418.5679585, 122967658.62895782, 13081760.952084275, 851812.8189314699, 245370.41850910825, 21048.210794680956, 6553.474547993694]",170656.7
2023-01-30_2023-02-05,59977.16682650465,"[27040.0, 3668.0, 426.0, 27.0, 7.0, 1.0, 2.0]","[26984.461825608883, 3522.302186345262, 379.4425544232733, 24.246347876966382, 7.031532624923744, 0.5343891418332011, 0.16427019702760023]","[924077158.6412635, 120668100.2128587, 12992072.809541753, 830139.3680511648, 241925.34798170754, 18455.9679047606, 6039.165166486237]",170496.5
2023-02-06_2023-02-12,59984.16681087963,"[27857.0, 3661.0, 371.0, 25.0, 9.0, 2.0, 1.0]","[27910.525910997898, 3649.8958142243428, 395.25189867247565, 25.941553906070467, 7.016397954694821, 0.5617049586603239, 0.18536090656547752]","[960831023.3588508, 125666250.94288708, 13607970.027176354, 891975.145788253, 243229.909562739, 19454.202475464794, 6268.1314751453965]",170481.4
2023-02-13_2023-02-19,59991.166785648245,"[27107.0, 3472.0, 369.0, 35.0, 9.0, 2.0, 0.0]","[26711.654489979705, 3491.1454516308368, 377.88095549956205, 24.754002684387082, 7.312475622576598, 0.6065902122453395, 0.17255257525087536]","[919045066.6880153, 120056402.88050231, 12992226.66656008, 852428.0460153214, 251867.28180259158, 19993.989210580512, 5660.633008806184]",170516.6
2023-02-20_2023-02-26,59998.16684629615,"[26684.0, 3559.0, 381.0, 25.0, 9.0, 1.0, 0.0]","[26679.71675550089, 3506.2631343788803, 380.9590586668601, 24.174365768908835, 7.1813068338551975, 0.5823765943849727, 0.1810014908569039]","[915644675.7339323, 120283501.95182383, 13072154.391019212, 829656.1331026022, 246385.76959200404, 19414.153815913378, 5898.684566410494]",170485.0
2023-02-27_2023-03-05,60005.16687835648,"[26017.0, 3417.0, 369.0, 20.0, 4.0, 1.0, 0.0]","[26054.76807695243, 3393.7700214309284, 369.20090372350353, 23.9404802408497, 7.118380043506682, 0.5463504197952495, 0.21891521993729376]","[883367267.3074274, 114884890.52105363, 12494451.288699364, 808098.9683976984, 241804.7881195059, 19725.24495278803, 7039.139975114847]",172054.0
2023-03-06_2023-03-12,60012.16669861128,"[22478.0, 2992.0, 347.0, 20.0, 7.0, 0.0, 2.0]","[22810.984559053388, 3001.455112750559, 330.2739404073033, 22.083049238914306, 6.222913912197532, 0.5132600453473947, 0.19094808272145358]","[767745756.5697107, 100916367.11531936, 11087374.640915649, 741380.6334016643, 208131.5089701976, 17197.93807845122, 6119.044228251663]",153321.3
2023-03-13_2023-03-19,60019.16670821783,"[26443.0, 3481.0, 430.0, 25.0, 10.0, 1.0, 2.0]","[26814.374587495604, 3533.9790904704855, 390.5487130008658, 25.43144599920774, 7.34910575099525, 0.5458233405910169, 0.1992429472988113]","[921979962.3612114, 121570744.53681375, 13427600.533400154, 874144.3362143419, 251911.30024120986, 19112.378765109843, 6864.487451776371]",171850.3
2023-03-20_2023-03-26,60026.16679004633,"[27991.0, 3710.0, 419.0, 25.0, 9.0, 0.0, 1.0]","[27868.989718476263, 3682.0631060246233, 399.9370914698122, 26.56524975479044, 7.600937428404501, 0.5693761764294966, 0.1797305449102852]","[961836675.4317657, 127051975.45572427, 13806845.106958898, 915528.6711847839, 262670.0393463681, 19102.923903270854, 6152.627770873749]",172196.1
2023-03-27_2023-04-02,60033.166902199344,"[27688.0, 3538.0, 405.0, 30.0, 8.0, 1.0, 0.0]","[27596.4516707972, 3629.507184449927, 399.55188443335356, 26.565937816976977, 7.857768972644659, 0.5762040861093585, 0.20534160731897885]","[954360834.0181998, 125445477.26875615, 13795708.179994818, 916239.2662232657, 270655.4430311199, 20128.784878345174, 6863.950084577128]",172202.2
2023-04-03_2023-04-09,60040.16684895881,"[27444.0, 3586.0, 415.0, 27.0, 5.0, 0.0, 0.0]","[27459.221104067397, 3630.125764811909, 395.0397867875812, 25.134998650753026, 7.5075571655844255, 0.6563593996786314, 0.1802625964900561]","[951604614.4400567, 125792899.37532023, 13695450.536581028, 871507.4481572311, 260611.22905416632, 22365.767035382163, 5950.8749808494795]",172119.0
2023-04-10_2023-04-16,60047.16669548633,"[26917.0, 3577.0, 382.0, 21.0, 6.0, 0.0, 0.0]","[26750.647398556557, 3522.19413900955, 384.36394665627256, 25.21540565601043, 7.094594633465785, 0.5994867750450991, 0.18385119622278503]","[923926515.8072153, 121652548.4646905, 13256959.041798765, 867339.8471222317, 243838.03101555968, 20544.821380880578, 6357.32836938461]",172168.7
2023-04-17_2023-04-23,60054.16680555557,"[27564.0, 3705.0, 390.0, 30.0, 11.0, 0.0, 1.0]","[27707.873860638414, 3583.0863043148697, 387.7885953023576, 25.04418599080589, 7.092931039698682, 0.564548453528355, 0.2019596049585743]","[932263549.111214, 120538183.20728987, 13014038.819470873, 840401.1551914894, 238544.09683251876, 18984.45843190016, 6754.378900841924]",172143.5
2023-04-24_2023-04-30,60061.166785763984,"[26698.0, 3430.0, 385.0, 23.0, 8.0, 1.0, 1.0]","[26490.674365059047, 3455.2020496841355, 375.8843555637912, 25.312489845812873, 6.942430968846061, 0.5733949744283083, 0.18155094497863344]","[888439849.2779918, 115895623.43079303, 12583072.27987436, 846413.3974124276, 233442.4384113786, 18916.256837577017, 6390.972892431979]",162175.2
2023-05-01_2023-05-07,60068.16675104176,"[27726.0, 3688.0, 408.0, 34.0, 6.0, 0.0, 0.0]","[27708.535995178387, 3645.555673070279, 399.1402006697954, 25.651037380512605, 7.616080237042805, 0.587810858772503, 0.1816738332913085]","[960351738.3708622, 126312469.65958273, 13816955.21172474, 886404.3712089587, 262360.3398075347, 19902.02658348594, 6736.510738089813]",172175.4
2023-05-08_2023-05-14,60075.16686215272,"[26883.0, 3570.0, 413.0, 25.0, 14.0, 1.0, 0.0]","[26967.55137538159, 3540.6296263528293, 387.95508369293606, 24.99043776017006, 7.1806814210382495, 0.5910766292157138, 0.1745721192043228]","[932559213.9501685, 122293708.00721258, 13386519.54204468, 861388.3527883787, 248434.80242048515, 20547.82731680354, 6803.547368092287]",172188.5
2023-05-15_2023-05-21,60082.16686030101,"[26955.0, 3534.0, 364.0, 29.0, 7.0, 0.0, 0.0]","[26781.21022547048, 3494.328054870614, 376.07692777271535, 24.44176368096309, 6.877359144952032, 0.4453868041967508, 0.1910378728647676]","[911786205.5451721, 119035722.12639046, 12806240.137084205, 831791.699469126, 233000.1648510978, 15652.37728387262, 6042.330202431766]",169014.5
2023-05-22_2023-05-28,60089.16687615765,"[26886.0, 3550.0, 337.0, 21.0, 10.0, 1.0, 0.0]","[26762.50238028506, 3491.480162777801, 373.0904175284507, 24.5265010087836, 7.019662938962761, 0.4538589126339066, 0.15385047272861926]","[920952649.0550166, 120007377.24240316, 12819913.73600641, 841810.3497337757, 239136.5372104093, 16012.094583783151, 5507.182270243284]",172304.6
2023-05-29_2023-06-04,60096.1668083332,"[26938.0, 3418.0, 340.0, 17.0, 8.0, 0.0, 0.0]","[26666.46890607702, 3439.027880499156, 362.6316040223553, 22.812574073564637, 6.53532291837997, 0.5195483980595729, 0.20616813889942773]","[898839723.6147679, 115944937.7034751, 12238197.747722184, 768269.1191930148, 222126.47467770142, 17929.108458102943, 7048.692778270907]",170799.7
2023-06-05_2023-06-11,60103.167110069255,"[26550.0, 3358.0, 359.0, 23.0, 5.0, 1.0, 0.0]","[26446.324777089543, 3408.919771371394, 361.60044126643834, 22.355944235019766, 6.334028900121356, 0.5073153502461089, 0.20751677932920612]","[913240045.8705863, 117723669.38061826, 12506026.700084893, 774231.6907143154, 220225.5846409669, 17402.210614101277, 6780.524000928657]",171935.9
2023-06-12_2023-06-18,60110.16689143563,"[26784.0, 3408.0, 377.0, 20.0, 7.0, 3.0, 0.0]","[26751.266907315017, 3443.4847144659416, 366.2462326344046, 24.05513771532617, 6.428056573904364, 0.5108194906577067, 0.18224183149510068]","[923157253.8739516, 118897633.17357272, 12656912.211832838, 832863.6282993839, 223922.8744027341, 18139.73420122867, 6483.037997815661]",170555.5
2023-06-19_2023-06-25,60117.16688773152,"[26298.0, 3309.0, 341.0, 29.0, 11.0, 0.0, 0.0]","[26182.491842290307, 3352.72037451717, 355.9060099465481, 22.82282196939136, 6.375919974734202, 0.5345080592369368, 0.14030303255837218]","[898729243.541266, 115032748.1010369, 12208452.497303829, 783136.434520812, 218574.2261178131, 17798.649054412635, 5032.059214398095]",169532.4
2023-06-26_2023-07-02,60124.166909374864,"[26678.0, 3314.0, 373.0, 18.0, 6.0, 0.0, 0.0]","[26664.13338124952, 3374.1794316136147, 349.0238815424764, 21.87842728093978, 6.132077868315406, 0.4380387422287225, 0.16198125773377542]","[914366034.523368, 115724962.41077337, 11985081.76372304, 754771.6769169449, 211773.27065590088, 15724.467624747818, 5544.876969698409]",170547.6
2023-07-03_2023-07-09,60131.166912731336,"[25871.0, 3194.0, 356.0, 26.0, 5.0, 0.0, 0.0]","[25921.219934852485, 3265.2292830765973, 335.34553075177513, 20.35336632096276, 5.899096803101779, 0.5077320887550819, 0.1488257182741667]","[894770512.1705662, 112995986.86054654, 11655805.147595514, 712505.139129048, 209209.20644091166, 17325.876233955165, 5142.261823569002]",170582.8
2023-07-10_2023-07-16,60138.16683148146,"[25455.0, 3135.0, 300.0, 26.0, 9.0, 1.0, 0.0]","[25345.716775165674, 3155.6770605028782, 323.5101500834528, 20.309025553377236, 5.882387070400566, 0.4173232648173586, 0.1843212523186082]","[853150990.7499017, 106348060.49722746, 10931545.343057197, 686888.7521944861, 201414.98356024743, 13917.492486373565, 5695.4911331424955]",164923.3
2023-07-17_2023-07-23,60145.16698715271,"[25208.0, 3207.0, 304.0, 21.0, 7.0, 0.0, 0.0]","[25508.77642871013, 3180.6405577090677, 327.2458355803752, 20.38019132529919, 5.798585609642619, 0.5591201180417795, 0.14789813397045568]","[875351417.0815485, 109242473.53332905, 11260039.020916807, 702905.0515828043, 201325.14491168727, 19412.889277034956, 4559.388993367274]",170578.3
2023-07-24_2023-07-30,60152.16686215278,"[22288.0, 2771.0, 314.0, 22.0, 4.0, 0.0, 0.0]","[22293.460577914928, 2799.6852639217786, 288.57009465966667, 18.565094020610356, 5.001110630039292, 0.4011001880063107, 0.12326419631428595]","[759952748.695209, 95339740.40980335, 9817936.842899123, 630088.6629181394, 172034.2862306183, 14318.806169715754, 4345.024930859954]",145681.7
2023-07-31_2023-08-06,60159.16689525477,"[26115.0, 3237.0, 331.0, 16.0, 3.0, 0.0, 0.0]","[25936.205180580528, 3254.075224646779, 333.88948825026597, 20.56727936483668, 6.255287843874797, 0.49320065973430244, 0.17328767280645443]","[893832813.7819346, 112415742.43582647, 11577798.246730529, 718234.3015762839, 219614.82018904525, 17094.2146532312, 6214.775829405104]",170632.5
2023-08-07_2023-08-13,60166.16702233809,"[24537.0, 3026.0, 299.0, 18.0, 7.0, 0.0, 0.0]","[24379.732173378303, 3065.2222263355484, 314.97012320706295, 20.10950075336413, 5.682825128583393, 0.44171920922456015, 0.14128505622395388]","[801906517.1127354, 101021847.0053012, 10421159.87110855, 670039.1939063837, 188204.9895607265, 15157.17619214054, 4867.286250375441]",159476.1
2023-08-14_2023-08-20,60173.16709594929,"[9877.0, 1204.0, 146.0, 9.0, 3.0, 0.0, 0.0]","[9713.890012266635, 1251.6936605466424, 130.5984870941936, 7.9539781113945125, 2.369855927269033, 0.1933000752302359, 0.05935011728648321]","[296142997.1235515, 37740412.84570562, 3932651.2726872084, 241265.8762967128, 71959.22024894648, 6460.199107705849, 1858.4293941734218]",81693.8
2023-08-21_2023-08-27,60180.16712303249,"[19253.0, 2452.0, 251.0, 17.0, 5.0, 0.0, 1.0]","[19205.87227283637, 2452.8532844733213, 256.1869293155945, 15.943809014320005, 4.588553752773577, 0.363833250405321, 0.14450892912850002]","[637857663.2463866, 81196668.18822691, 8460869.545890993, 527307.0230138367, 150674.20439722846, 12423.740976604398, 4835.808330874107]",133849.1
2023-08-28_2023-09-03,60187.16670706021,"[23042.0, 2903.0, 328.0, 24.0, 7.0, 0.0, 0.0]","[22856.187909877164, 2908.231890869939, 304.82242743928316, 19.76625693339587, 5.4486970383789854, 0.46686238510962386, 0.19145000978874682]","[741223046.1963938, 94307127.09679334, 9879184.871804453, 641056.1062968936, 175644.13314582178, 14578.269338700984, 5527.5871920713535]",153661.2
2023-09-04_2023-09-10,60194.166676041845,"[24509.0, 3132.0, 307.0, 17.0, 6.0, 1.0, 0.0]","[24486.255149397133, 3105.480408076512, 322.59989873635294, 20.752436609896478, 5.631997014516395, 0.43445571006383765, 0.1449640825713804]","[817499340.2148852, 103697486.0261464, 10775848.89808145, 693629.3661333058, 189545.49116984775, 14131.26609447367, 5004.572691691523]",166408.2
2023-09-11_2023-09-17,60201.16667962952,"[25182.0, 3163.0, 336.0, 20.0, 5.0, 1.0, 1.0]","[25083.291207256283, 3178.0603855195814, 331.5876888803812, 21.343325376756948, 5.9528820363845885, 0.4296053469961713, 0.1418549406883701]","[845289279.930795, 107255925.32515179, 11219056.6196506, 721710.3797186674, 203548.49067801083, 15131.20140264198, 4431.963997629421]",167731.1
2023-09-18_2023-09-24,60208.16700092539,"[25258.0, 3237.0, 312.0, 29.0, 4.0, 1.0, 0.0]","[25247.30613222364, 3184.8747825126316, 331.7418373023352, 21.38286771126114, 5.896441170442014, 0.4348017365275586, 0.1624867726337858]","[863254357.9935927, 108958408.02268459, 11363126.668344881, 732776.597147898, 200801.62016010605, 14995.62163906795, 5067.14684514707]",169181.4
2023-09-25_2023-10-01,60215.16700601883,"[21863.0, 2772.0, 285.0, 31.0, 6.0, 1.0, 0.0]","[21860.890725665144, 2760.7229148280926, 287.0151967896016, 18.38309551978347, 5.24105604348767, 0.410789471156303, 0.11889732518786866]","[746380319.4641101, 94295620.07337314, 9789182.303493103, 630437.279762559, 179439.82938438453, 14260.424812198322, 4127.983753899785]",149866.3
2023-10-02_2023-10-08,60222.16709571736,"[25361.0, 3266.0, 331.0, 21.0, 8.0, 0.0, 0.0]","[25204.36339944694, 3195.5743840829186, 332.7774262231762, 21.671324269218644, 6.1479493643178165, 0.5530766422900799, 0.1664025063194827]","[870537398.3418019, 110362890.77989098, 11488943.211454902, 748588.467565196, 212678.03333505572, 18514.018536991625, 5509.080495175648]",170672.8
2023-10-09_2023-10-15,60229.16655520767,"[24031.0, 3032.0, 283.0, 18.0, 9.0, 1.0, 0.0]","[23992.360056919835, 3051.857774952868, 323.93796545676906, 20.769736614587273, 5.687476379835951, 0.4618264053436123, 0.11267742232033008]","[814483351.8009232, 103637853.18774536, 11000213.444731627, 704604.464609434, 194029.79576014038, 16205.514745696708, 4042.3293507204653]",164475.0
2023-10-16_2023-10-22,60236.16671643536,"[21527.0, 2880.0, 289.0, 20.0, 4.0, 1.0, 2.0]","[21717.953815067827, 2756.68939039026, 292.1209253184042, 18.61514418759984, 5.149515538637232, 0.3869313141535533, 0.13558114588711906]","[737484565.0776064, 93539282.41105482, 9920955.413996108, 631164.6192974554, 174262.9477393133, 13459.37809542892, 4240.033081365484]",149704.9
2023-10-23_2023-10-29,60243.166953356485,"[24381.0, 3056.0, 350.0, 24.0, 5.0, 0.0, 1.0]","[24558.11663204299, 3102.7472287082014, 325.5529819664845, 20.710416236020315, 6.258129345581475, 0.45237322628443194, 0.17240574466416303]","[825331955.6116585, 104368154.43718879, 10950478.913848896, 694772.0081251963, 209040.28242472082, 15227.155590803983, 5298.431637247812]",162830.3
2023-10-30_2023-11-05,60250.16689942109,"[2240.0, 321.0, 37.0, 4.0, 1.0, 0.0, 0.0]","[2320.5832502310136, 327.7922716497796, 37.49000595112688, 2.5589865046295928, 0.6541301724236944, 0.021822461932534173, 0.004192357262212078]","[8610566.258748204, 1182613.041675471, 142220.4653892384, 9898.168712340961, 2396.1649600758033, 94.66442276209284, 4.863430276031659]",38046.7
2023-11-06_2023-11-12,60257.16688657396,"[24741.0, 3159.0, 322.0, 30.0, 11.0, 0.0, 0.0]","[24580.94805442885, 3157.513794600213, 342.5472222241424, 22.829462688585924, 6.7716560175318765, 0.42718728487043306, 0.1896589855995473]","[43683946.40469828, 5628674.471215461, 610443.7260409223, 40689.217665429635, 12048.951534444504, 783.7921772121117, 330.1615697047539]",165337.7
2023-11-13_2023-11-19,60264.16712557869,"[23574.0, 3099.0, 322.0, 12.0, 6.0, 1.0, 0.0]","[23698.97494881367, 3048.9571923860503, 328.62656908972514, 22.15128696090611, 6.221660778712106, 0.48322606624360104, 0.18299149403252485]","[42136234.22591725, 5434047.253453103, 585673.9252537349, 39411.48025749659, 11083.184462485924, 830.8234368382487, 292.56100772013144]",164896.0
2023-11-20_2023-11-26,60271.16686388888,"[23748.0, 3028.0, 346.0, 18.0, 7.0, 0.0, 0.0]","[23525.296040233898, 3040.7269028450723, 332.893437310245, 21.67886102032362, 6.403415051486621, 0.5534594156794098, 0.14058851039625503]","[42050999.45559734, 5429080.527686625, 594701.7457350154, 38727.68635451474, 11415.338160119549, 985.8769766714433, 262.3107042160429]",165249.0
2023-11-27_2023-12-03,60278.16692754628,"[21871.0, 2786.0, 314.0, 19.0, 6.0, 0.0, 0.0]","[21599.97708154336, 2799.256600887081, 303.25855408618924, 19.609774108942194, 5.634553428771511, 0.37777826227120764, 0.13447878284980533]","[37127596.270901196, 4807184.188536029, 520549.77544893115, 33585.93567905892, 9626.854775776377, 649.5160128262152, 230.81097995660747]",146337.8
2023-12-04_2023-12-10,60285.16668923611,"[25638.0, 3222.0, 343.0, 23.0, 3.0, 0.0, 0.0]","[25581.42100343997, 3292.135670639082, 355.7993428971981, 23.451450517235894, 6.581927828778553, 0.604063410658298, 0.20919087193741626]","[45831373.226272516, 5894159.789742243, 636979.4099337186, 41902.766142806344, 11751.07331383836, 1078.9454959986338, 351.8801609684218]",167966.3
2023-12-11_2023-12-17,60292.16705150461,"[26550.0, 3386.0, 354.0, 28.0, 9.0, 0.0, 0.0]","[26540.09732930138, 3403.073665128549, 362.71450460678295, 23.147124296225762, 6.432778891024086, 0.5101964724643879, 0.12717268690140343]","[47550963.823941804, 6096304.099104668, 649741.0652529113, 41473.49832567316, 11522.161327685708, 938.3802996973467, 227.72633352428562]",170559.7
2023-12-18_2023-12-24,60299.16706886605,"[24648.0, 3312.0, 357.0, 22.0, 7.0, 2.0, 1.0]","[24735.785403718746, 3162.7637566620206, 337.5565153221378, 22.57831287323987, 5.96990362424162, 0.5293674866124188, 0.1485475868354135]","[42470462.06971236, 5436885.638904315, 580411.3218430791, 38830.67966140479, 10273.180749903919, 919.425745959391, 263.43180444981283]",156786.4
2023-12-25_2023-12-31,60306.16691192113,"[25920.0, 3440.0, 348.0, 25.0, 4.0, 1.0, 1.0]","[26088.05040813762, 3375.5615095951616, 364.96810474766204, 23.394685831750305, 6.650764460956382, 0.5756725365429496, 0.14890982497504138]","[46945123.24321329, 6070149.431566783, 655842.308216264, 42125.777101781896, 12015.867437998333, 1053.9740364929687, 287.77089942579596]",170522.1
2024-01-01_2024-01-07,60313.16689004636,"[26691.0, 3380.0, 374.0, 24.0, 8.0, 1.0, 0.0]","[26712.768659929017, 3439.93089048606, 369.07098957803976, 24.044691835111813, 7.183423717121609, 0.5625924122543083, 0.16315607056806533]","[47975564.90857645, 6178259.676956564, 662505.203813442, 43180.573440568915, 12950.824862591531, 965.2483209091278, 324.45864450408214]",170581.1
2024-01-08_2024-01-14,60320.16693425913,"[26717.0, 3431.0, 336.0, 28.0, 9.0, 0.0, 0.0]","[26546.233687088137, 3396.378817850102, 361.1467161248563, 23.746244827742583, 6.685367926399593, 0.4949074419162682, 0.14839378490065658]","[47656742.112123124, 6100353.378509421, 648587.5537832655, 42490.398179452655, 11982.784151471558, 862.3095579425756, 287.4513261278827]",170703.4
2024-01-15_2024-01-21,60327.16667476842,"[26821.0, 3462.0, 355.0, 26.0, 8.0, 0.0, 0.0]","[27036.41431677255, 3449.998727377197, 370.74886386785926, 24.452629891543374, 6.75544242341962, 0.5447782233119585, 0.17364998077992716]","[47696471.80865251, 6086987.804272805, 654013.9853321118, 43159.24406283759, 12027.698425454264, 932.4062187125119, 290.7810159797394]",170121.6
2024-01-22_2024-01-28,60334.16680081016,"[27028.0, 3519.0, 369.0, 32.0, 10.0, 1.0, 0.0]","[26982.686527225585, 3433.482566082698, 367.2943637635715, 23.7905046714229, 6.722120869921791, 0.5790233400771939, 0.15583714392600082]","[47424501.85392154, 6034979.15535241, 645990.7680952828, 41820.30042858494, 11788.046103171355, 1000.8669604247617, 280.21773762837825]",170053.1
2024-01-29_2024-02-04,60341.166692014405,"[24712.0, 3038.0, 335.0, 25.0, 4.0, 0.0, 1.0]","[24523.755628650197, 3145.637105335929, 335.63399549545545, 21.664881929723727, 5.941360056220008, 0.44610385004047487, 0.1622203475334677]","[42044992.858318545, 5395491.552377551, 576336.9221797892, 37298.018297524046, 10189.289124541581, 755.6768235388278, 255.52164592817056]",156080.4
2024-02-05_2024-02-11,60348.16673680519,"[27050.0, 3455.0, 395.0, 34.0, 11.0, 1.0, 1.0]","[27123.78725181147, 3459.1292956509237, 371.41176491469287, 23.696760021786815, 7.138150997894772, 0.5528118972501225, 0.1792324224973818]","[48593653.92764628, 6199485.69941798, 665626.2884614146, 42405.19529073677, 12819.926428530462, 954.5750998688521, 281.90446231055057]",170578.0
2024-02-12_2024-02-18,60355.16688726813,"[26606.0, 3436.0, 362.0, 21.0, 12.0, 0.0, 0.0]","[26580.076199852876, 3419.014006357663, 367.23735519549473, 23.828489794214125, 6.864552435789208, 0.5222290502490364, 0.17249950953527726]","[47632898.65053204, 6126034.258272908, 657615.8864601097, 42655.737712464936, 12270.476653747468, 914.1053264953272, 311.99883928979125]",170494.5
2024-02-19_2024-02-25,60362.16673182886,"[27260.0, 3729.0, 368.0, 25.0, 7.0, 1.0, 1.0]","[27466.764462732255, 3539.8395930644488, 378.9621094811623, 24.611915643475253, 6.87686882610876, 0.5184185530336248, 0.15336218740762153]","[49087448.094725735, 6323165.682382246, 676901.8380504455, 44114.683081961615, 12364.441622241544, 934.6528903861571, 282.46638640555847]",170515.1
2024-02-26_2024-03-03,60369.166689467645,"[26920.0, 3486.0, 404.0, 26.0, 7.0, 1.0, 0.0]","[26911.56448577178, 3453.587110427112, 370.94274685448283, 23.99749063246859, 6.71985603752316, 0.5576471272812877, 0.20665137553932822]","[48151932.47174589, 6176927.169602771, 663274.7426755138, 42962.603036530636, 12042.800037981677, 989.387032752901, 360.7482120063447]",171561.3
2024-03-04_2024-03-10,60376.16660543954,"[27073.0, 3376.0, 365.0, 25.0, 7.0, 2.0, 0.0]","[27166.732034327943, 3483.8569202053814, 369.0830858700033, 24.115358314004528, 6.693171077273073, 0.5391609339874646, 0.1892735976482206]","[48733963.30351998, 6243991.473612343, 661647.6670211797, 43216.164981503425, 12020.668969830207, 947.0902632513464, 329.5993210255465]",172267.8
2024-03-11_2024-03-17,60383.1668672454,"[26588.0, 3312.0, 369.0, 19.0, 13.0, 2.0, 0.0]","[26582.895919600778, 3354.0836667151257, 351.21753622600517, 21.614275526887127, 6.182725737335282, 0.4413723796743707, 0.16459531755781062]","[47814962.623434775, 6037975.716156147, 631963.0016960953, 38944.44241530943, 11173.856703154992, 748.1555550036073, 280.61145618787737]",172199.6
2024-03-18_2024-03-24,60390.1669740744,"[25034.0, 3208.0, 359.0, 20.0, 8.0, 0.0, 0.0]","[25282.978089503267, 3214.803668674954, 339.03406745144133, 21.581612001133962, 5.99818514927955, 0.5271417263877303, 0.12334942750051382]","[43469728.88786572, 5524357.907255956, 581380.4374717526, 37135.91426539974, 10267.931832520262, 882.9568747121252, 207.73874281538346]",163840.3
2024-03-25_2024-03-31,60397.16699016142,"[26379.0, 3376.0, 365.0, 23.0, 4.0, 1.0, 0.0]","[26322.339385344927, 3359.282249612632, 356.5015728819729, 22.575437049754335, 6.667649764165589, 0.469964832155029, 0.14912108400610463]","[47406637.3495001, 6051230.751370205, 642186.7736280008, 40722.06379658569, 12045.69958192055, 830.3711441880446, 256.72981122720677]",172238.2
2024-04-01_2024-04-07,60404.16686817145,"[27024.0, 3445.0, 366.0, 28.0, 7.0, 0.0, 0.0]","[26942.433048129587, 3437.9502175727393, 361.43379954538204, 22.743997601775245, 6.565322064400156, 0.448743539741208, 0.1328715418977136]","[48669051.35779539, 6210438.441914566, 652360.6539916127, 41042.42907586069, 11793.3408860108, 803.3846929187778, 235.27315685899154]",172399.5
2024-04-08_2024-04-14,60411.1671318287,"[26285.0, 3318.0, 349.0, 23.0, 7.0, 1.0, 0.0]","[26184.248080811165, 3357.3765727095115, 359.428408775829, 23.095599900964867, 6.495318586390192, 0.5717175507157838, 0.17400575667386944]","[47179480.12723005, 6048469.346750792, 647193.5039761466, 41481.981926931236, 11690.493578191215, 1021.2238048634267, 296.96826704578706]",171576.9
2024-04-15_2024-04-21,60418.1670802084,"[26829.0, 3460.0, 379.0, 33.0, 4.0, 1.0, 1.0]","[26891.357649747988, 3448.5053688926673, 366.6429678785309, 22.96107783357913, 6.612264637042235, 0.538606668807198, 0.188192475503626]","[48661774.7222919, 6233840.248608631, 661549.3457698205, 41422.39621182209, 11898.486616175916, 948.4627330669855, 311.8588556547952]",172212.6
2024-04-22_2024-04-28,60425.1668747687,"[25002.0, 3124.0, 337.0, 13.0, 5.0, 0.0, 0.0]","[25152.864105220448, 3172.0534911393956, 329.1281610842509, 20.428081823409542, 5.7289709997840434, 0.5082420905303703, 0.12863730840959245]","[42363114.37377566, 5354890.05859595, 555882.7202222189, 34436.378696501175, 9721.128761983407, 813.3871922085077, 243.47088736411996]",160479.6
2024-04-29_2024-05-05,60432.1666519675,"[27026.0, 3402.0, 357.0, 21.0, 6.0, 0.0, 0.0]","[27097.044936882336, 3470.9393578239833, 367.24216733641543, 24.106210630865586, 6.623499270605861, 0.5338137501281497, 0.16111838436591389]","[48882086.51985762, 6256398.094280936, 660533.6721325443, 43235.53986887275, 11845.586315373546, 966.2751031669194, 328.68494019267683]",172259.4
2024-05-06_2024-05-12,60439.16700694412,"[26003.0, 3360.0, 369.0, 27.0, 6.0, 0.0, 1.0]","[26134.670009904337, 3359.838823462794, 358.79794299994853, 22.82782908945681, 6.211918039335936, 0.4785585089655965, 0.14778064785389605]","[45305777.072862886, 5822702.717068718, 621971.2100900125, 39399.5414489066, 10844.195410907223, 885.5298287931328, 272.34773743855305]",172199.8
2024-05-13_2024-05-19,60446.16677731487,"[25867.0, 3310.0, 348.0, 25.0, 4.0, 0.0, 1.0]","[26111.714874206256, 3347.012904200515, 352.61484706791936, 22.496675771552074, 6.24388829325871, 0.48109089003111216, 0.20353208103898002]","[47134793.42498616, 6045745.78961049, 637829.6203010718, 40696.361528619556, 11211.27614397559, 867.5795804462747, 336.88155096725814]",172318.6
2024-05-20_2024-05-26,60453.16672048609,"[25707.0, 3314.0, 343.0, 30.0, 3.0, 0.0, 0.0]","[25965.523751671815, 3324.031326393256, 354.73039770772647, 22.593425594204245, 6.443287022421667, 0.42214121573768953, 0.14770265691760273]","[46577727.0012569, 5952559.726647578, 632615.6355784686, 40055.47890794462, 11458.67095281691, 784.3609675101593, 270.9463743321512]",172241.6
2024-05-27_2024-06-02,60460.16671284756,"[23092.0, 2983.0, 327.0, 15.0, 5.0, 0.0, 0.0]","[22821.14725575375, 2940.742381478919, 312.84488205038105, 19.92288200097896, 5.493086403759049, 0.38086432326591596, 0.11560411006738798]","[39313224.437995404, 5069137.677260637, 539190.2600418266, 34392.34914066956, 9483.258311173531, 670.6360538813851, 207.34333792074946]",147711.7
2024-06-03_2024-06-09,60467.166773263896,"[26493.0, 3474.0, 399.0, 15.0, 4.0, 2.0, 0.0]","[26386.337127681996, 3416.7364926408914, 365.2899688481186, 22.76987690598435, 6.324979574219981, 0.5309374378379461, 0.21027298132507818]","[47302181.078696325, 6129639.230208886, 656175.7722805165, 41051.77820840783, 11329.19070796404, 934.8671197350322, 365.758265714358]",172207.3
2024-06-10_2024-06-16,60474.16671030116,"[26131.0, 3466.0, 375.0, 19.0, 9.0, 4.0, 0.0]","[26183.234986917836, 3399.6189364522666, 362.56675300971494, 23.44853651598783, 6.563948372343603, 0.5264953645575262, 0.18127962289661764]","[45593366.47284462, 5921244.371084529, 631943.9436664245, 40996.607397030595, 11505.669553645039, 913.1807590251875, 301.10181663408696]",170195.2
2024-06-17_2024-06-23,60481.16693645853,"[25411.0, 3254.0, 347.0, 26.0, 8.0, 0.0, 0.0]","[25175.835001741514, 3268.115068344375, 347.1816074968619, 22.3909463625391, 6.493410430971882, 0.49140599922479733, 0.15500363357346508]","[44294553.31506154, 5751132.003468379, 612164.5628140265, 39556.524354390116, 11536.436904386732, 876.7969347151886, 273.2856571457707]",162281.7
2024-06-24_2024-06-30,60488.16673865738,"[24936.0, 3232.0, 307.0, 20.0, 3.0, 0.0, 0.0]","[24843.221137315864, 3200.8682116907858, 336.5793406168575, 21.332532297421128, 5.925079820034674, 0.4229108762301005, 0.13998913177507746]","[43223048.400477156, 5578318.062188274, 589153.2440964398, 37510.60765855559, 10503.086419648227, 728.71783552839, 239.6961879406186]",165953.9
2024-07-01_2024-07-07,60495.16677083331,"[26163.0, 3443.0, 375.0, 23.0, 10.0, 1.0, 0.0]","[26307.809703696472, 3387.6350097352624, 357.83806999567577, 22.206387621334024, 6.40149582719081, 0.5308890546690134, 0.13718155319497105]","[46611778.349888854, 6004221.717356666, 635824.6027254292, 39470.309785364334, 11413.462147641192, 910.4097455387672, 252.63248480612225]",168292.4
2024-07-08_2024-07-14,60502.166909143525,"[17606.0, 2288.0, 246.0, 18.0, 6.0, 0.0, 0.0]","[17576.942269561525, 2225.4370613780384, 228.04447120392464, 14.430537601678123, 4.219480029865994, 0.32734576338260307, 0.12213034427965548]","[24257281.957792968, 3106932.472537734, 321848.4555038956, 20695.074975007978, 5839.786052933985, 473.5437517053135, 176.42729130928225]",106264.8
2024-07-15_2024-07-21,60509.16687048609,"[21473.0, 2698.0, 273.0, 16.0, 9.0, 0.0, 0.0]","[21464.967330663112, 2723.3602898070744, 282.4029756082435, 17.421205353190146, 5.156861268492142, 0.39580347815504235, 0.13889048702684606]","[30336688.893369336, 3871144.915244884, 403000.6586671714, 25022.229221624573, 7286.211776842616, 563.06753619494, 166.699321191899]",130235.4
2024-07-22_2024-07-28,60516.166657060414,"[24550.0, 3184.0, 344.0, 22.0, 6.0, 1.0, 0.0]","[24711.89972208245, 3179.8357280903097, 333.6125353636631, 21.350058022048422, 5.808484119011519, 0.4933852909295646, 0.17298866103535596]","[42283015.862110995, 5447176.857673145, 573050.076869498, 36707.86606837217, 10027.828919153535, 830.198170728863, 271.32401626256996]",158930.9
2024-07-29_2024-08-04,60523.16692777791,"[12068.0, 1634.0, 154.0, 16.0, 3.0, 0.0, 0.0]","[12129.529038296425, 1539.531050964253, 161.97124727207978, 9.879679680042551, 2.7155851136736584, 0.19374365124670634, 0.06490860631776832]","[20361160.78264575, 2596293.3869115147, 273515.72849329066, 16527.049307307858, 4660.099816497193, 325.79871318254146, 107.6514051192058]",78209.6
2024-08-05_2024-08-11,60530.166704513686,"[26081.0, 3283.0, 345.0, 19.0, 6.0, 1.0, 0.0]","[26059.69999613603, 3335.3209229301456, 352.30604384580147, 22.03250832397566, 5.964015867940973, 0.41140006122651646, 0.13456800013430711]","[46508980.833586976, 5955789.970080725, 629977.2826972135, 39453.951383381594, 10724.46528740706, 785.3320243897078, 258.8971551691145]",170164.7
2024-08-12_2024-08-18,60537.16669236152,"[25509.0, 3287.0, 324.0, 22.0, 5.0, 0.0, 0.0]","[25525.17253982289, 3270.013662800363, 345.9820828836644, 21.483795871268555, 5.854501352069142, 0.4637856512956994, 0.15290628850495658]","[42280145.1578511, 5422617.722999622, 575115.3941908254, 35788.38770552284, 9772.727309380663, 823.9668252486623, 274.79070916936905]",165045.3
2024-08-19_2024-08-25,60544.1667016205,"[20632.0, 2588.0, 294.0, 15.0, 9.0, 0.0, 0.0]","[20611.75284303777, 2648.5144083997798, 276.97074850439367, 17.62128761916037, 4.6421392429633626, 0.36566663350568046, 0.14657426950743496]","[35852636.793113515, 4610818.677382127, 482569.566549824, 30754.299449196864, 8102.296381009356, 648.8553192978866, 244.712796935913]",139464.4
2024-08-26_2024-09-01,60551.16681585691,"[25234.0, 3250.0, 328.0, 32.0, 7.0, 1.0, 0.0]","[25235.35012200549, 3202.2393268067017, 330.5571084365843, 20.60245013738677, 5.588367006049596, 0.4152934372130339, 0.1662547418419757]","[45325700.10384066, 5767294.813200101, 598223.4202353642, 37520.235040047395, 10217.421474046007, 796.4337228490318, 316.7084889036481]",170564.8
2024-09-02_2024-09-08,60558.16690115773,"[25799.0, 3215.0, 324.0, 18.0, 5.0, 0.0, 0.0]","[25662.157408864154, 3285.348225264951, 344.76092951607444, 20.98034454365679, 6.057965038722813, 0.4568415222321756, 0.17139223418056485]","[45241295.67504377, 5804795.9626012705, 609766.6249060793, 37125.805656092925, 10768.594602458044, 808.1046706727583, 286.4059151212648]",170641.4
2024-09-09_2024-09-15,60565.1667167827,"[26072.0, 3255.0, 359.0, 29.0, 10.0, 0.0, 0.0]","[25834.50389588442, 3324.7053510396413, 347.4850356068058, 22.187453347764176, 6.172179348996088, 0.46406597339919364, 0.14945992534458905]","[46319023.646941304, 5966759.9190248465, 624049.9621715096, 39893.40065000061, 11161.1892884948, 855.8847561467257, 272.23598595527636]",170640.8
2024-09-16_2024-09-22,60572.16689479163,"[25422.0, 3230.0, 353.0, 25.0, 10.0, 0.0, 0.0]","[25388.160646390115, 3270.9757081399443, 343.91414426213095, 21.68980805612196, 6.195730177179814, 0.4409184604488171, 0.18856721688696415]","[45480093.324700326, 5866564.7973647015, 617927.5107715956, 38958.46547794965, 11148.505244778251, 763.4277539265665, 317.934454952746]",170647.3
2024-09-23_2024-09-29,60579.16671180551,"[25588.0, 3315.0, 382.0, 22.0, 1.0, 1.0, 0.0]","[25497.523963310003, 3301.746617606587, 352.09440587231603, 22.251444654590905, 6.231261190951761, 0.5264386344296608, 0.18582082998529276]","[45656342.94622337, 5911897.178881663, 630520.3148387378, 39947.503397427376, 11121.399444479674, 935.6359496646018, 334.66512735294714]",170551.8
2024-09-30_2024-10-06,60586.16685000021,"[25635.0, 3482.0, 347.0, 22.0, 8.0, 1.0, 0.0]","[25712.691887831694, 3350.8192890988357, 358.04442466731894, 22.890662738655838, 6.440498261486952, 0.45454880498718675, 0.15503515417554944]","[46309715.604610704, 6037619.398954191, 645226.706609969, 41262.661822097674, 11690.955508069084, 843.9113797280546, 302.0782379988975]",170707.8
2024-10-07_2024-10-13,60593.16674618062,"[25424.0, 3295.0, 347.0, 24.0, 12.0, 0.0, 0.0]","[25605.027424672277, 3339.9737951008624, 355.24046821026405, 23.062458084642167, 6.790572829618144, 0.497323695411898, 0.17267763960479826]","[45144075.71570386, 5889648.289831031, 625938.2294695929, 40793.211053712344, 11995.01639014643, 874.3252707347954, 287.17467344835]",165600.5
2024-10-14_2024-10-20,60600.16673275487,"[24033.0, 3067.0, 354.0, 20.0, 7.0, 1.0, 2.0]","[24373.63920469358, 3187.9405895169734, 339.4246487328658, 22.275639527362532, 6.187180878622279, 0.5465728639575853, 0.1498016812204088]","[43361783.585122295, 5669932.8451352455, 603074.5448152793, 39568.15054783155, 11004.784110895018, 979.7431856203075, 263.938373109797]",166136.5
2024-10-21_2024-10-27,60607.16679201383,"[24520.0, 3275.0, 347.0, 26.0, 7.0, 1.0, 1.0]","[24486.667161676818, 3200.912366821467, 345.83424798791566, 22.6872729952208, 6.505300150693058, 0.43682537836475177, 0.19983484582774763]","[43261530.908248335, 5657280.8004599335, 610993.9433360533, 40049.82198010789, 11607.128264220502, 794.2664200366237, 329.01561278183965]",165724.3
2024-10-28_2024-11-03,60614.16704212961,"[25762.0, 3399.0, 363.0, 21.0, 4.0, 0.0, 0.0]","[25847.88622128455, 3373.254651716588, 363.3642440889392, 24.044009963576553, 6.919660963970384, 0.5046560577912593, 0.13974241262574466]","[46197304.244534634, 6027684.359678627, 648570.0038003939, 42918.93738746792, 12322.42393195029, 917.5798442359841, 250.47681756284737]",170555.2
2024-11-04_2024-11-10,60621.16672523145,"[24678.0, 3270.0, 338.0, 11.0, 13.0, 0.0, 0.0]","[25097.99197365755, 3272.929265045468, 356.9679264836625, 22.911146116855182, 6.652898214887858, 0.45549802489844227, 0.1813168198038607]","[45041014.28396201, 5875597.070125836, 640448.744073329, 41141.29243087628, 11944.283947755343, 824.8234720156426, 339.8858289989769]",168632.3
2024-11-11_2024-11-17,60628.16672465281,"[26224.0, 3381.0, 356.0, 22.0, 5.0, 1.0, 0.0]","[26128.867187953692, 3412.2333745385104, 363.4215978046581, 23.463572437486903, 6.737852884995681, 0.5274292262738152, 0.16869603641193745]","[47241628.346916996, 6168348.320568659, 656545.3583952207, 42311.04560536304, 12151.482962285203, 947.4557717206786, 306.3072191715719]",170597.3
2024-11-18_2024-11-24,60635.16687314769,"[26159.0, 3571.0, 371.0, 23.0, 15.0, 2.0, 0.0]","[26219.01348259212, 3439.7863943227662, 372.0141428649032, 24.878298666670702, 6.825900129311972, 0.5002760792980008, 0.13845148492218873]","[47344341.43270254, 6208151.404152744, 671637.0250642623, 44792.59327420951, 12331.829738740525, 956.1204197252061, 251.36181210152264]",170270.0
2024-11-25_2024-12-01,60642.16681516197,"[26351.0, 3323.0, 388.0, 20.0, 8.0, 0.0, 2.0]","[26354.590494888333, 3452.2511479010286, 375.6967811464957, 25.069297098159463, 6.951603051696702, 0.6075715339342137, 0.16336498616986903]","[47656907.19103865, 6237392.170949053, 678300.3256612474, 45053.963130389464, 12539.14386574432, 1061.1106636098575, 300.7711224370839]",170758.6
2024-12-02_2024-12-08,60649.00021851856,"[26916.0, 3460.0, 410.0, 23.0, 13.0, 1.0, 0.0]","[27106.153799163047, 3513.2813434989384, 380.7834600421394, 24.20471143807004, 6.88797138403135, 0.5709860613973027, 0.17373685451466586]","[48978636.78738093, 6344331.373270197, 687643.1841474634, 43770.01612258371, 12311.57079967572, 999.873025297166, 348.8237268079353]",170819.3
2024-12-09_2024-12-15,60657.58327025511,"[15496.0, 1994.0, 233.0, 17.0, 2.0, 1.0, 0.0]","[15342.84876870624, 2013.5309258000786, 220.9809287055614, 14.284998886441274, 4.0031367174473464, 0.2984507753666179, 0.06222037634463402]","[27533806.585234564, 3612777.689744925, 396097.33251834405, 25561.55214243684, 7150.5947288290845, 570.9395338535552, 111.92239126640611]",96511.1
2024-12-16_2024-12-22,60663.166699189256,"[25330.0, 3344.0, 381.0, 29.0, 7.0, 1.0, 1.0]","[25319.21865341709, 3316.5130293329808, 361.2021402411142, 23.857504067453615, 6.768718818314315, 0.460648738473947, 0.16848380048155698]","[44895138.34283529, 5876986.534119625, 639546.3890031312, 42392.941416262845, 11928.963336993109, 796.9429255691473, 315.87931590989444]",164787.4
2024-12-23_2024-12-29,60670.16658391208,"[26261.0, 3528.0, 375.0, 23.0, 10.0, 0.0, 0.0]","[26072.116072145556, 3428.1091480509917, 372.08600841557575, 24.207257964163635, 6.891906329391738, 0.5258769014991934, 0.1502489566292223]","[46608741.627994865, 6127995.3306093775, 664755.1660704339, 43343.67106306391, 12254.5717378811, 935.3586146029434, 259.45148891873254]",168560.6
2024-12-30_2025-01-05,60677.16673958332,"[26186.0, 3405.0, 370.0, 21.0, 5.0, 0.0, 0.0]","[26443.703454678194, 3465.3180445286753, 378.5977895638545, 24.719876285146253, 7.005985272704114, 0.48777945005253726, 0.18793148675768884]","[47179777.8971897, 6180098.129856743, 675265.994215633, 44167.032564542016, 12600.026755278283, 896.0792563282789, 370.07816106300163]",170655.5
2025-01-06_2025-01-12,60684.16672789375,"[26239.0, 3438.0, 368.0, 21.0, 7.0, 0.0, 1.0]","[26464.93552285371, 3490.6029483889693, 377.15774042572195, 25.079655476059333, 7.103522387124443, 0.5310386080912002, 0.18236381219767048]","[47500589.86865509, 6268175.055632994, 676841.5757143637, 45065.84882778341, 12749.838485696599, 980.7120619498149, 309.5568210045221]",170682.8
2025-01-13_2025-01-19,60691.16678321745,"[25879.0, 3457.0, 393.0, 26.0, 10.0, 0.0, 0.0]","[26153.106873405282, 3434.9296901874513, 374.3764584797458, 24.595061893194895, 6.873041082197161, 0.494912896425824, 0.17148210432001487]","[44081631.0875729, 5793415.264631525, 632044.9040044771, 41431.21301549875, 11666.485711350058, 876.0311741389105, 284.14219733113947]",163555.7
2025-01-20_2025-01-26,60698.16688043982,"[27223.0, 3483.0, 393.0, 24.0, 12.0, 0.0, 0.0]","[26940.2555403441, 3520.6842818707883, 377.0385524248785, 24.979603154779902, 7.019869505175263, 0.6011879328657033, 0.18803161367929522]","[47798240.02742204, 6253842.095256766, 669429.1961360462, 44402.08809472175, 12452.82456742119, 1053.325853105102, 335.0671384932883]",168143.7
2025-01-27_2025-02-02,60705.16677754637,"[27421.0, 3574.0, 398.0, 30.0, 10.0, 0.0, 0.0]","[27570.19114418363, 3620.048052926319, 391.11180580149374, 25.339678095014847, 7.451122979337136, 0.5401171191053769, 0.12854739640079263]","[49366554.272314966, 6482303.617178437, 701142.480353557, 45418.98015246826, 13331.22436565593, 1007.6234580932058, 243.34319133434227]",170328.8
2025-02-03_2025-02-09,60712.16677465245,"[26823.0, 3600.0, 371.0, 20.0, 9.0, 2.0, 0.0]","[27392.591914237015, 3602.6292166864314, 385.58344410721634, 24.74100486250796, 7.389425982592546, 0.5146657097141503, 0.19714254506969892]","[48978770.70039636, 6442832.733209282, 690189.9896570463, 44228.55422986089, 13357.772365681023, 925.1578689154164, 370.6067658062587]",170499.3
2025-02-10_2025-02-16,60719.1668284722,"[27542.0, 3669.0, 392.0, 22.0, 7.0, 1.0, 0.0]","[27469.54043917671, 3618.2513723604084, 395.67488798851355, 26.02291125217077, 7.5249481380323795, 0.6358756692177978, 0.1865790963900537]","[49210698.89330829, 6483484.661841714, 709226.5777502841, 46607.742861387705, 13547.813885993999, 1147.3575715692468, 314.87929093965147]",169946.6
2025-02-17_2025-02-23,60726.16690254595,"[26933.0, 3615.0, 412.0, 31.0, 10.0, 1.0, 0.0]","[26967.838248329805, 3556.1676581777256, 389.2508484396147, 26.424253744065894, 7.702229294174409, 0.6478158632963926, 0.24471077391816706]","[48354884.62964424, 6375772.604330329, 697410.4432187452, 47357.01493096074, 13775.137352695274, 1148.1398207533655, 399.8557829385767]",170497.8
2025-02-24_2025-03-02,60733.16680416795,"[26879.0, 3560.0, 394.0, 25.0, 9.0, 0.0, 0.0]","[26688.00118746123, 3512.297364056353, 386.4069928986569, 24.924698448771586, 7.685832814182784, 0.5850727375111726, 0.20223898262451862]","[47908125.390598066, 6303386.5660901405, 694098.517370653, 44816.40498797971, 13861.976925665369, 1084.2539294410508, 377.74424140441187]",171536.8
2025-03-03_2025-03-09,60740.16678495379,"[27164.0, 3466.0, 399.0, 28.0, 4.0, 0.0, 0.0]","[27265.743631680263, 3605.6689337059283, 392.18768960583793, 26.02632517386573, 7.278289026812863, 0.5476925594326321, 0.16609057072309172]","[49029278.91984457, 6481299.274380841, 705031.6854129772, 46894.123305947636, 13161.699265531524, 1013.5931837772914, 327.5139728787011]",172305.0
2025-03-10_2025-03-16,60747.16538379627,"[26668.0, 3468.0, 403.0, 27.0, 9.0, 1.0, 0.0]","[26770.440043486295, 3527.3850061169956, 386.7035362386982, 25.384893035950906, 7.2556499929294835, 0.5082013149589674, 0.17849592569594055]","[48093769.77260845, 6337282.993704198, 694844.4210932846, 45544.1539764009, 13031.852832385968, 899.2747209861209, 307.5249099198296]",171955.3
2025-03-17_2025-03-23,60754.1653758104,"[25159.0, 3241.0, 366.0, 14.0, 7.0, 0.0, 1.0]","[25233.212974062757, 3287.833100730921, 355.10840900300764, 22.625007591100943, 6.4842774497549325, 0.5909111935633025, 0.1830082558142517]","[45415077.98391052, 5917268.741861263, 638916.0518371073, 40742.44653443783, 11725.084892155988, 1041.3172846141458, 340.88687345866134]",172672.6
2025-03-24_2025-03-30,60761.16694155085,"[26246.0, 3375.0, 352.0, 24.0, 5.0, 1.0, 0.0]","[26064.055096854492, 3419.02005559637, 365.24859366670927, 23.79149257468536, 7.116956283184654, 0.5050796071115887, 0.17533375115962693]","[46990120.80765278, 6164613.364665556, 658487.9389400199, 42992.54982679528, 12778.037085702845, 934.8243013729782, 326.25758706086003]",172422.5
2025-03-31_2025-04-06,60768.16668958319,"[27069.0, 3569.0, 387.0, 32.0, 7.0, 1.0, 0.0]","[26948.45455925329, 3563.9616307805845, 387.35994492690605, 25.27858813689079, 7.285250365090726, 0.5152774804229492, 0.1926310129056755]","[48524375.14804753, 6416010.306102681, 697720.3728615514, 45451.15250734043, 13114.266960709276, 981.3672576318073, 370.832138192323]",172194.1
2025-04-07_2025-04-13,60775.16688576368,"[26853.0, 3484.0, 361.0, 19.0, 9.0, 1.0, 0.0]","[26792.290837986442, 3535.6930476585812, 383.1555981815932, 25.910876813452536, 7.238606471280203, 0.5540596228652489, 0.21867010372132067]","[48317118.76788283, 6377344.336549616, 691013.3073579923, 46671.83482236137, 13051.987391951285, 1020.5027821549245, 403.4382587282273]",172215.5
2025-04-14_2025-04-20,60782.16670243074,"[26747.0, 3579.0, 382.0, 19.0, 1.0, 1.0, 1.0]","[27136.797826603386, 3568.1360914559077, 389.13383927657344, 25.3151947201, 7.097741010099756, 0.5955101260943924, 0.21297924649366773]","[48458142.70143863, 6370374.47522966, 693818.212961656, 45150.56521702163, 12695.576048189774, 1085.2366096267963, 369.69031613760495]",171909.8
2025-04-21_2025-04-27,60789.16674895826,"[27458.0, 3512.0, 399.0, 14.0, 9.0, 1.0, 0.0]","[27299.03351104597, 3585.464286181244, 387.65837572200206, 25.06742182970067, 7.202923203401776, 0.5113392055403938, 0.19476707236358723]","[49133803.070084214, 6448761.394037713, 696614.7735067621, 44907.152431926486, 12921.737657380216, 939.2011042370981, 364.2571966782877]",172227.7
2025-04-28_2025-05-04,60796.16692835648,"[26216.0, 3399.0, 382.0, 26.0, 5.0, 0.0, 0.0]","[26285.33476375327, 3460.7979219773256, 372.6874542478486, 24.550501834683804, 7.0391729131044105, 0.5437945225694318, 0.19128841483955136]","[47451780.261307664, 6242609.514209891, 672396.11585993, 44220.52227248941, 12661.525171559419, 976.7184528885723, 334.7755561576331]",172110.8
2025-05-05_2025-05-11,60803.166794328245,"[27031.0, 3711.0, 380.0, 22.0, 12.0, 2.0, 0.0]","[26744.4953523329, 3527.167001920573, 380.8364128545991, 24.322685613340358, 7.081610125573864, 0.5645535785798718, 0.17567871697101292]","[48063235.86964021, 6335400.556338595, 683799.8027753617, 43663.1125587339, 12724.39767529938, 1028.0518053868993, 337.738778755212]",172301.0
2025-05-12_2025-05-18,60810.1667353005,"[26784.0, 3404.0, 429.0, 23.0, 7.0, 2.0, 1.0]","[26622.723378808743, 3500.9042383455403, 378.9878002236729, 24.311198664180264, 6.803472530004938, 0.5252804924962355, 0.1581024940176029]","[47983420.45694536, 6310410.074676428, 682569.0493158645, 43885.12217849456, 12182.936007311791, 937.2442363221556, 278.1222791032926]",172161.1
2025-05-19_2025-05-25,60817.16703796223,"[25872.0, 3361.0, 377.0, 27.0, 8.0, 2.0, 0.0]","[25965.21691765019, 3411.4437903198814, 367.1058827514719, 23.750529642287994, 6.61423139710312, 0.5893982107369392, 0.1586859163004131]","[44474486.766975835, 5836305.293045431, 629051.8523656252, 40785.291239734746, 11383.919131299379, 1006.8715682703181, 307.09425726779]",170893.2
2025-05-26_2025-06-01,60824.1669177088,"[24499.0, 3195.0, 350.0, 27.0, 11.0, 0.0, 0.0]","[24579.23528067016, 3187.6569629530777, 340.68958354880124, 21.545824636771023, 6.104124417407413, 0.45321787398610724, 0.18168273959285922]","[39174920.08538917, 5084056.5474333, 544140.1289870922, 34600.25603849801, 9804.28993760246, 717.7906576480633, 325.06472447553307]",153479.6
2025-06-02_2025-06-08,60831.16679965261,"[26843.0, 3596.0, 383.0, 24.0, 6.0, 0.0, 2.0]","[27080.961821762503, 3543.7197785678904, 375.82952959125566, 24.314344468119486, 6.622958462491322, 0.48110704412370797, 0.17896590516166]","[48733881.664685056, 6383769.488866426, 679019.0923529975, 43999.85844527421, 11969.316858271875, 926.7114113569862, 340.20643750531036]",172228.7
2025-06-09_2025-06-15,60838.166817592544,"[25706.0, 3443.0, 363.0, 31.0, 14.0, 1.0, 0.0]","[26071.21619889039, 3391.933183635082, 362.8278944072955, 23.473556369092023, 6.7452273082053225, 0.5617330749216347, 0.15832246527321966]","[45924542.76215537, 5974255.64459962, 640120.653381342, 41475.075388081576, 11973.336909676726, 1010.5289446349362, 284.359749350166]",167865.9
2025-06-16_2025-06-22,60845.16692986109,"[26357.0, 3396.0, 361.0, 24.0, 6.0, 1.0, 0.0]","[26340.2454976199, 3390.7133184368663, 358.0798764298247, 22.52194833477016, 6.393623696211023, 0.43698060111175296, 0.17581493594706168]","[47252231.6574704, 6084068.037700838, 643088.0119194345, 40547.11178989903, 11564.59003457259, 843.4804303833802, 326.4013703839378]",170352.4
2025-06-23_2025-06-29,60852.16665104171,"[26104.0, 3333.0, 340.0, 18.0, 5.0, 1.0, 0.0]","[26328.27665882093, 3356.3140632861373, 352.7182489245347, 21.88217047717133, 6.63592147435467, 0.4568279303923626, 0.15102980280358128]","[45874854.73184934, 5852025.58642948, 616141.3248401037, 38249.643282710036, 11621.537845148448, 837.8943060607857, 270.5845829809726]",170485.2
2025-06-30_2025-07-06,60859.166566782456,"[26103.0, 3268.0, 331.0, 22.0, 5.0, 0.0, 0.0]","[26165.6401807426, 3310.9090286855267, 340.4543674779623, 21.49647617872311, 6.2159714054858455, 0.41675879730785725, 0.1382138495471469]","[46869590.41252405, 5936300.453599094, 611567.5807856339, 38927.90168618458, 11246.695262046762, 777.3158117858031, 258.25411590983464]",170511.3
2025-07-07_2025-07-13,60866.166639236166,"[25652.0, 3353.0, 329.0, 23.0, 9.0, 0.0, 0.0]","[25632.55044947731, 3222.6233494362077, 331.78857290276426, 21.322701580320008, 6.171592879008255, 0.45774920520168993, 0.17252323660468707]","[45880194.13327271, 5770542.943089736, 595530.0838943464, 38344.32112487888, 11051.303918492249, 869.1404287381124, 316.9022283283489]",170508.8
2025-07-14_2025-07-20,60873.16703865799,"[25455.0, 3101.0, 311.0, 21.0, 9.0, 1.0, 0.0]","[25420.783667349642, 3153.6724055603395, 317.20986818978076, 20.16077705507746, 5.7976956395333445, 0.4088127066109685, 0.1579432569595556]","[45334496.84807109, 5627366.122918604, 566358.6327112467, 36050.78442919225, 10397.99234853218, 713.3774497631211, 263.64669962379594]",170315.6
2025-07-21_2025-07-27,60880.16672905084,"[16750.0, 2178.0, 208.0, 16.0, 6.0, 1.0, 0.0]","[16714.875726776394, 2113.3745075434554, 217.67402542473707, 13.415192109820376, 3.9245893804283494, 0.27601638495802466, 0.09879717505835875]","[25929247.330909003, 3268955.3397956653, 336869.95695974235, 21004.844896792893, 6107.826491935797, 435.9673361330956, 146.59372921249337]",115784.1
2025-07-28_2025-08-03,60887.16680451378,"[25305.0, 3130.0, 317.0, 11.0, 12.0, 0.0, 0.0]","[25321.560011102192, 3135.174684722002, 317.1737486002041, 20.348172098482305, 5.5468950989781405, 0.3787141928033684, 0.15329250448421583]","[41683326.93381125, 5165859.172620657, 524627.9856980827, 33654.58328340064, 9157.44281972975, 643.0208789016774, 234.51739633644013]",160988.2
2025-08-04_2025-08-10,60894.1670392364,"[18539.0, 2269.0, 249.0, 22.0, 7.0, 0.0, 0.0]","[18790.37911131807, 2346.509470386552, 237.85072807291795, 14.808107798260409, 4.498107939918973, 0.2635248212765629, 0.1101531236061767]","[32204834.637282453, 4009890.276863178, 406488.9661304584, 25103.033490356414, 7809.412388644586, 476.722106061747, 196.70809144162712]",135729.2
2025-08-11_2025-08-17,60901.16687858797,"[6988.0, 903.0, 88.0, 4.0, 2.0, 0.0, 0.0]","[6977.615223043754, 904.1920654151975, 94.7700840843386, 5.909447472548141, 1.7633217683512497, 0.0839125556592124, 0.05767205864887935]","[7544238.63686066, 975699.4150864643, 102138.50609680236, 6299.416340113434, 1880.15193298998, 100.20652044077491, 65.86213244087892]",64934.0
2025-08-18_2025-08-24,60908.16661006922,"[8628.0, 1122.0, 105.0, 7.0, 3.0, 0.0, 0.0]","[8649.284882410358, 1109.6032088379845, 115.5296450635579, 7.375656780726914, 2.000291867713829, 0.176922900919134, 0.06965456661500803]","[11562283.817326665, 1484783.7274897816, 155318.58812749764, 9916.60096496248, 2724.9897867935465, 236.62725956819423, 97.6196244315653]",73746.5
2025-08-25_2025-08-31,60915.16695486112,"[3094.0, 457.0, 51.0, 4.0, 2.0, 0.0, 0.0]","[3110.8029994391413, 445.30488451860197, 48.11669025187201, 3.169596429970696, 0.8332192439893483, 0.07853976225499204, 0.019270526111336988]","[3271856.5647790423, 470094.3506133313, 51044.23795215136, 3420.3398908071495, 910.7775190920975, 88.59493799574173, 24.33841279770607]",44153.3
2025-09-01_2025-09-07,60922.16703807874,"[3108.0, 432.0, 55.0, 4.0, 0.0, 0.0, 0.0]","[3140.3647624986766, 436.4746238030116, 48.783361968990604, 3.2607538969220147, 0.6878873348040526, 0.052937506809107096, 0.012726895769437897]","[3605384.8745405874, 504500.23263179214, 56348.642392846945, 3779.9864905612835, 808.4682976398099, 64.31598935045359, 13.415422482738961]",40920.6
2025-09-08_2025-09-14,60927.25036713037,"[4036.0, 535.0, 64.0, 4.0, 0.0, 0.0, 0.0]","[4016.155413087757, 521.2818478692154, 56.08634217965136, 3.5370871874257226, 1.0024896902523868, 0.09304137615443947, 0.01773614728272025]","[6950665.004057169, 898140.6082224321, 96549.82122079968, 6132.355230797122, 1766.7791448440007, 158.17461787248294, 32.08533571101283]",33118.7
2025-09-15_2025-09-21,60936.34501064847,"[19056.0, 2519.0, 287.0, 21.0, 3.0, 0.0, 0.0]","[18806.45085146707, 2440.3682831219858, 263.5393838228364, 17.449109827680005, 4.7619974603494075, 0.34128673292484274, 0.1118915946991699]","[33118540.730197433, 4289186.543522747, 463006.5446642147, 30616.890451552063, 8342.337953153372, 614.9720098039891, 199.59879554493784]",134552.4
2025-09-22_2025-09-28,60943.16681076383,"[24382.0, 3132.0, 362.0, 21.0, 8.0, 0.0, 0.0]","[24370.53527966244, 3171.338273155344, 345.27486812774265, 23.65063550419571, 6.97049230879443, 0.5535729909393899, 0.16236732439481172]","[41837056.09019507, 5450457.184054844, 593990.1966342856, 40798.08821434728, 11954.294462940185, 1004.1877530434643, 304.68522749014227]",161466.6
2025-09-29_2025-10-05,60950.16695706014,"[23821.0, 3065.0, 332.0, 16.0, 7.0, 2.0, 0.0]","[23737.363769089905, 3096.811868827685, 341.752543718796, 22.574440215441598, 6.950860682444065, 0.5185109330671966, 0.16840039603413354]","[40305892.52174323, 5267174.388826483, 581979.040064104, 38449.060830963565, 11808.895310841142, 870.4631612788284, 284.934815984842]",156476.6
2025-10-06_2025-10-12,60957.16664351853,"[23656.0, 3240.0, 389.0, 34.0, 11.0, 1.0, 0.0]","[23567.3347216201, 3154.91646988083, 354.29403509941534, 24.244990561290223, 7.35874527211775, 0.587245108232391, 0.14565245793492748]","[39889286.317431554, 5346254.81908156, 601019.1406650206, 41091.152503762074, 12515.464527012482, 1003.2528446886084, 264.23915936012406]",154750.6
2025-10-13_2025-10-19,60964.16670879656,"[21986.0, 2948.0, 356.0, 26.0, 11.0, 2.0, 0.0]","[22059.566114636105, 3000.903070596173, 347.9380003242793, 24.65937242659134, 7.561219582352083, 0.6083263720930303, 0.14188496605720627]","[38540616.48074114, 5239528.008268127, 607380.2623465834, 42958.307729668646, 13230.397365719771, 1077.856491148699, 253.20676774603305]",151280.0
2025-10-20_2025-10-26,60971.16692222213,"[25518.0, 3487.0, 396.0, 33.0, 11.0, 0.0, 0.0]","[25434.473282370942, 3500.099463925107, 407.2892220344675, 29.077893708422476, 8.62536765919414, 0.7381341024194943, 0.1780290326377122]","[45967229.50421255, 6323660.51511281, 736225.2199357917, 52501.50908287107, 15645.020563865477, 1300.5764296852672, 331.16569364665247]",170633.9
2025-10-27_2025-11-02,60978.166854051065,"[22135.0, 2922.0, 340.0, 23.0, 6.0, 0.0, 1.0]","[22010.227755594824, 2990.579398211047, 348.3689265855165, 24.606276929967468, 7.201907038998993, 0.5451508316753068, 0.1459432901436029]","[39383306.50524591, 5347191.137193288, 621053.8487793191, 43711.050705814996, 12979.313163050694, 974.4932304393783, 269.5327970713754]",152670.8
2025-11-03_2025-11-09,60985.16687268496,"[24987.0, 3377.0, 371.0, 17.0, 8.0, 0.0, 0.0]","[24962.537052266296, 3310.119420487547, 373.2827307401647, 25.854973521774102, 7.368892331445235, 0.5601617703737563, 0.14904639658159727]","[44933135.06821493, 5957383.614593962, 671290.7828919329, 46488.902808112, 13224.79519850779, 1008.2053740018836, 257.36460016364924]",169255.4
2025-11-10_2025-11-16,60992.16688125008,"[24489.0, 3126.0, 334.0, 26.0, 7.0, 0.0, 0.0]","[24633.251023154655, 3118.5088231750824, 331.6554296795882, 21.72198961816164, 6.049522298193813, 0.46801392615033044, 0.12895507736614906]","[43852990.16486741, 5551626.700412151, 589754.0458929704, 38519.883999780606, 10754.43964712617, 838.8455568534526, 224.12356079921767]",165629.2
2025-11-17_2025-11-23,60999.16677222219,"[24963.0, 3221.0, 345.0, 11.0, 8.0, 0.0, 0.0]","[25157.859383876355, 3234.8308210958876, 347.6555001646508, 22.93982156124558, 6.757013947636957, 0.4734407256385581, 0.14833578021433402]","[44724626.28838363, 5749453.725559699, 616945.6018677378, 40679.8930553158, 11938.578480568569, 853.1163663470547, 276.52477865768077]",170673.6
2025-11-24_2025-11-30,61006.16708518481,"[24831.0, 3253.0, 342.0, 16.0, 5.0, 0.0, 0.0]","[25116.345318621577, 3251.0568777743492, 354.6285779480919, 23.89511699448279, 6.601825529199586, 0.6365143952157122, 0.1975651536372558]","[45418158.439889155, 5875595.676435288, 640622.133603889, 43053.80367173023, 11964.62600490171, 1106.4547791812843, 341.87938114610256]",170695.9
2025-12-01_2025-12-07,61013.16692442136,"[26041.0, 3303.0, 367.0, 20.0, 9.0, 0.0, 0.0]","[25715.05144721182, 3329.473031308376, 361.6318806503988, 23.93583199010364, 7.100961819793329, 0.5424183464019958, 0.14690675585047497]","[46441249.140976526, 6011961.088415618, 652882.5952125351, 43128.76981270106, 12757.26211824175, 967.2193833095661, 278.98631554780985]",170623.6
2025-12-08_2025-12-14,61020.16679918961,"[25287.0, 3270.0, 356.0, 26.0, 12.0, 2.0, 0.0]","[25464.36370358368, 3324.316137846036, 365.9161931925403, 23.993021712798853, 7.020721586576306, 0.5245059928656801, 0.1389557344727924]","[45809664.94747493, 5979114.1671769405, 657734.5102276104, 43231.67120601883, 12564.210231968176, 979.0276636119368, 236.335168876557]",169566.7
2025-12-15_2025-12-21,61027.16697870383,"[25574.0, 3314.0, 340.0, 24.0, 13.0, 2.0, 0.0]","[25492.7428452423, 3325.48559410135, 369.1311054348773, 24.72267408788503, 7.309271924586226, 0.5909375863890791, 0.1494780576158775]","[45325830.76673517, 5912093.958055113, 655252.4945584916, 43961.92077954884, 13026.468361333342, 1072.3773631629729, 273.6177630213011]",167257.9
2025-12-22_2025-12-28,61034.16675069425,"[25963.0, 3414.0, 347.0, 29.0, 8.0, 0.0, 0.0]","[25772.05737035089, 3360.819487304367, 371.07698651765537, 25.022463781025998, 7.239764834727776, 0.5868545558635754, 0.1595426685800178]","[41366081.0914283, 5380366.385943005, 592863.830700277, 39780.931769682655, 11456.912921607869, 994.4843585570766, 256.5489480806755]",157206.6
2025-12-29_2026-01-04,61041.16678518496,"[26867.0, 3533.0, 431.0, 35.0, 11.0, 0.0, 0.0]","[26613.229879580485, 3580.1946575718266, 408.81898376325887, 28.189802705330255, 8.573066759156038, 0.6661726872559386, 0.15458720389226285]","[47836617.28249554, 6437012.199779919, 734939.2178513833, 50698.4421543914, 15529.484952778714, 1217.4164451787583, 266.14067269743117]",170526.4
2026-01-05_2026-01-11,61048.1668094906,"[24273.0, 3423.0, 338.0, 35.0, 8.0, 3.0, 0.0]","[24244.85709449113, 3289.8518760900192, 379.9418799293497, 26.069983708380054, 7.4901835365529665, 0.656776886724462, 0.16430957699013804]","[39882880.99813362, 5424452.891956726, 627287.9957099597, 43054.238851521026, 12349.66843807045, 1107.4565528432884, 277.2010023179095]",153769.0
2026-01-12_2026-01-18,61055.16681574068,"[26063.0, 3474.0, 416.0, 39.0, 5.0, 0.0, 1.0]","[26287.84389865557, 3542.1813763203763, 410.6320266065768, 27.694323419632966, 8.16999808035445, 0.6704352616472022, 0.17004813830584237]","[47171665.99140792, 6355804.437550541, 737705.3677997444, 49711.85214602821, 14660.83489149818, 1223.0329758280668, 295.5818522152881]",170631.0
2026-01-19_2026-01-25,61062.16678483808,"[26567.0, 3614.0, 393.0, 27.0, 7.0, 0.0, 1.0]","[26794.503519214955, 3592.33033079297, 406.7522563526718, 28.20187526218085, 8.339792242159948, 0.7080232330264955, 0.14300925900958053]","[47820083.20795199, 6416245.703730359, 727171.5543073933, 50424.79180095224, 14987.680008579606, 1283.6471353394463, 251.34057621057565]",170499.1
2026-01-26_2026-02-01,61069.16677719957,"[25959.0, 3477.0, 382.0, 31.0, 7.0, 1.0, 0.0]","[26075.448030099076, 3501.9678394160455, 398.8892405756617, 27.51609629364993, 8.072291108269983, 0.6008021401864674, 0.1511746411809643]","[46253186.00724322, 6213166.89901802, 708084.539764625, 48924.241221123695, 14345.470924003928, 1108.137860696833, 299.1486719255848]",168963.1
2026-02-02_2026-02-08,61076.16705497642,"[25840.0, 3534.0, 447.0, 40.0, 8.0, 1.0, 1.0]","[25929.521741394245, 3540.3490555505946, 405.2160742018874, 28.676898855523692, 8.146248849297718, 0.5543542181823348, 0.16652196335655114]","[46305996.411820345, 6323830.2804209385, 724130.2922222712, 51168.373156429385, 14653.959129380248, 979.529451274083, 280.22307786222007]",170611.0
2026-02-09_2026-02-15,61083.16677974512,"[25701.0, 3669.0, 399.0, 28.0, 5.0, 0.0, 0.0]","[25830.290175635713, 3450.585608385757, 388.63275104300203, 26.355484656027684, 7.434880299125219, 0.5292437653921402, 0.12767919149323878]","[45782065.76985092, 6115514.269946984, 688374.5835187392, 46748.02905069791, 13170.724593693396, 952.4402533087368, 220.76651623854383]",170480.8
2026-02-16_2026-02-22,61090.16656608831,"[25224.0, 3226.0, 385.0, 35.0, 9.0, 2.0, 0.0]","[25129.508632979545, 3362.2060456443155, 377.8596748958285, 26.043172095870375, 7.542257912779481, 0.579967790025089, 0.17346363110235818]","[43696623.097965844, 5847307.003682662, 657718.3754299959, 45438.60520389556, 13187.82087827055, 967.8990365361515, 295.66872710479305]",169430.8
2026-02-23_2026-03-01,61097.166678703776,"[26373.0, 3574.0, 391.0, 33.0, 4.0, 1.0, 1.0]","[26426.017526704996, 3551.5349299029936, 402.6452433555216, 27.865435658968863, 7.7743254566693984, 0.6871545311073061, 0.15629147965725826]","[47296937.956590846, 6357540.0960082635, 721053.3765861767, 49892.919652604454, 13937.529213435557, 1241.792147558831, 263.6620317475654]",171070.2
2026-03-02_2026-03-08,61104.16654675924,"[25681.0, 3492.0, 417.0, 21.0, 11.0, 0.0, 1.0]","[25719.455959480132, 3481.437886457563, 398.8321844455848, 27.649498471992338, 7.432347081296828, 0.6510624718915943, 0.1784033119217589]","[46143543.49575732, 6245297.358231615, 716171.8827627582, 49736.98646778444, 13370.862765530663, 1187.3884149085688, 307.7194857363631]",172263.6
2026-03-09_2026-03-15,61111.1666612272,"[25153.0, 3434.0, 404.0, 30.0, 10.0, 1.0, 0.0]","[25367.19415353844, 3431.9838423846318, 390.3242405581098, 26.89909533924612, 8.135183564263572, 0.6250970947687048, 0.11698398794315137]","[45515637.760402106, 6157017.4815049665, 699925.4409673742, 48196.46165345916, 14538.753255234678, 1116.3767808973719, 222.54826136544744]",172303.7
2026-03-16_2026-03-22,61118.16672777723,"[25813.0, 3509.0, 403.0, 24.0, 9.0, 0.0, 0.0]","[25704.617309390087, 3470.7739145214186, 387.19873282648473, 26.761071804037403, 7.423049920710432, 0.6361750457867043, 0.12412656901176679]","[45932401.18485845, 6206796.409615929, 692106.4749296036, 47666.704225427966, 13206.481465685662, 1116.2077585917916, 240.25899749901214]",171475.3
2026-03-23_2026-03-29,61125.16668842604,"[26307.0, 3505.0, 395.0, 28.0, 12.0, 1.0, 0.0]","[26259.24203794225, 3571.1466734668993, 409.96783476723164, 27.808072767806962, 8.187961761975133, 0.7368199209854581, 0.19843807985601444]","[47023615.00640662, 6386800.206921408, 732507.3026103444, 49651.24171685285, 14606.065861105408, 1316.853226470794, 367.44822475650477]",172222.2
