# ra : 330.75, dec : 42.15
# nhits : [0, 1, 2, 3, 4, 5, 6]
# delta : [0.89, 0.662, 0.498, 0.398, 0.332, 0.263, 0.196]
# max_zen : 50.0
name,mjd,n_on,n_bkg,n_off,tobs
2021-03-08_2021-03-14,59284.33328206009,"[18179.0, 2284.0, 240.0, 13.0, 4.0, 0.0, 0.0]","[17959.81010049887, 2158.156348490536, 225.24825104651475, 14.327741789387474, 3.8906507028067505, 0.3640788648012934, 0.050710903630303374]","[546306369.6076652, 65451289.07641229, 6812959.188224998, 435145.1983514702, 116467.33092844293, 11042.236070605879, 1481.6141412316472]",116502.0
2021-03-15_2021-03-21,59291.16655543972,"[11692.0, 1381.0, 134.0, 11.0, 1.0, 1.0, 0.0]","[11880.269278314885, 1391.0711767686541, 141.78103498588635, 9.05684945598021, 2.1991633808447824, 0.17974114559942656, 0.05060055085305375]","[380132708.86090326, 44231840.666134536, 4476748.483659577, 287253.52478662675, 68135.10277007158, 6007.151641132084, 1616.6785497404837]",75033.2
2021-03-22_2021-03-28,59298.16639849528,"[16361.0, 2000.0, 222.0, 14.0, 5.0, 0.0, 0.0]","[15940.254195729563, 1885.7892537693879, 192.32406645508198, 11.997386996832674, 3.016228429179657, 0.26139973325439136, 0.06558775910393363]","[487288554.4956352, 57304120.68522025, 5828786.589511633, 364312.79178383766, 90705.043876762, 7750.9786024197465, 2213.2783501057797]",102248.0
2021-03-29_2021-04-04,59305.16613796316,"[23370.0, 2649.0, 311.0, 19.0, 3.0, 1.0, 0.0]","[23550.0756983061, 2694.9041391804094, 275.1029062153466, 17.943829077237204, 4.394634889636284, 0.3274967701507271, 0.1783451317854239]","[691982146.898829, 79281232.28036962, 8093275.883213287, 528796.3361211544, 128376.81069882264, 9643.390565642376, 4720.297440084135]",126560.8
2021-04-05_2021-04-11,59312.16602650478,"[31586.0, 3643.0, 381.0, 23.0, 6.0, 0.0, 0.0]","[31426.45505855149, 3574.535428997971, 362.37152808812954, 23.321998656587485, 5.895922660511268, 0.428621442929116, 0.15259591620756952]","[1014250933.4112474, 115404750.41672505, 11699047.85485146, 750388.5205866336, 188852.63549488588, 12746.337926010276, 4587.78268095204]",167805.5
2021-04-12_2021-04-18,59318.83206319419,"[13937.0, 1631.0, 173.0, 14.0, 2.0, 1.0, 0.0]","[13728.44650734218, 1568.8794354427184, 158.6630382617845, 10.072193222577692, 2.401547555132423, 0.2970160709285855, 0.07690588485036043]","[381493258.6870545, 43340498.93197235, 4361541.084839964, 278413.7262395379, 66945.77412158187, 7711.564038167418, 1733.0827491492087]",93321.2
2021-04-19_2021-04-25,59326.32490347181,"[30147.0, 3456.0, 346.0, 19.0, 7.0, 0.0, 0.0]","[29834.899284713112, 3339.952824918133, 334.1512329157087, 21.385739156989036, 4.929348785701759, 0.4619659840616783, 0.15990200072160307]","[906257566.8527702, 101776811.03261706, 10183053.833785849, 652659.3646292556, 152280.53975809345, 13748.95406962436, 5056.18496776215]",154120.1
2021-04-26_2021-05-02,59333.15840833324,"[36141.0, 4219.0, 438.0, 41.0, 8.0, 2.0, 1.0]","[35643.793172752834, 4008.182980076782, 406.2822153042325, 26.547100154303656, 6.636403694458317, 0.4872563363588777, 0.15168057938966759]","[1180977756.9114442, 132695164.1761931, 13443542.139874531, 872585.9559615727, 219926.6744724766, 16549.339134602644, 4880.827525721376]",194393.3
2021-05-03_2021-05-09,59340.166622916775,"[35867.0, 4055.0, 405.0, 24.0, 5.0, 0.0, 0.0]","[35527.41812709358, 3951.0215139167926, 388.66738308516454, 24.86585858198514, 6.474078906828424, 0.5828875772892708, 0.20560481333421582]","[1208416951.7696502, 134308718.30173343, 13191652.599277936, 843113.1929653619, 218225.33358448808, 19571.32130976392, 6889.130149967432]",198114.0
2021-05-10_2021-05-16,59347.16690069436,"[37343.0, 4229.0, 439.0, 36.0, 6.0, 2.0, 0.0]","[37050.15698373641, 4146.391578217025, 403.9113964063657, 25.976997011944555, 6.317607762987363, 0.4966314802890862, 0.14930837941695943]","[1280756577.2103822, 143274405.00475636, 13948787.285743395, 897083.1290892872, 217116.54221409836, 17208.29341618675, 5580.990335106128]",203205.4
2021-05-17_2021-05-23,59354.16703310164,"[27928.0, 3070.0, 338.0, 19.0, 7.0, 0.0, 0.0]","[27738.35757847841, 3075.5592738074515, 297.2521770273348, 18.070845716933267, 4.4500586516939675, 0.29316368281000316, 0.10932028539316181]","[894003520.2861074, 99094949.65309311, 9566229.124106528, 582948.7318913781, 144075.577532708, 9884.825153297534, 3597.215354896068]",158807.4
2021-05-24_2021-05-30,59361.16682986069,"[31632.0, 3578.0, 318.0, 20.0, 6.0, 2.0, 0.0]","[31594.45529614447, 3517.613036145134, 335.5816417910972, 21.222983235409227, 5.233191691686241, 0.38492593995906677, 0.13918379804104106]","[1006856191.6107433, 112211532.91847096, 10689506.389751678, 671628.125345481, 165627.10937446554, 12120.894369747124, 4583.201280555107]",181744.4
2021-05-31_2021-06-06,59368.16688032413,"[35074.0, 3978.0, 423.0, 26.0, 11.0, 1.0, 0.0]","[35069.009881249505, 3945.0877187574615, 383.6391555588437, 23.14727005222298, 5.787576949474189, 0.41233689256008754, 0.17856096213766237]","[1191795778.1030748, 134030388.99345988, 13024234.847424377, 785573.5390572518, 196396.37853494936, 13845.541877854881, 5598.100976434345]",201327.0
2021-06-07_2021-06-13,59375.16701273163,"[35443.0, 4108.0, 414.0, 26.0, 10.0, 0.0, 0.0]","[35672.55105139506, 4030.884730691563, 397.4474995453438, 24.463674964862935, 6.084007622939001, 0.36780823928129847, 0.15111202615872688]","[1230088460.1419566, 139008166.84834194, 13696825.013874596, 844172.6710060742, 209029.89411479945, 12597.706680856441, 5055.7966100740705]",204378.0
2021-06-14_2021-06-20,59382.16671944457,"[35121.0, 3949.0, 409.0, 18.0, 10.0, 0.0, 0.0]","[34854.07302536989, 3908.4080363031003, 378.3304949133549, 23.53499305742415, 5.53007965868442, 0.3632132817155483, 0.16605498249553796]","[1186416910.1995354, 133045981.46985212, 12877027.334797928, 798503.1920392711, 187776.6637101572, 12780.459325426053, 5569.910788123938]",194980.8
2021-06-21_2021-06-27,59389.16656782394,"[35840.0, 3959.0, 380.0, 17.0, 5.0, 0.0, 0.0]","[35710.21452495946, 3980.214900724289, 381.48656127887676, 23.091206040390055, 5.3734696782230635, 0.36940563119250874, 0.1514267778671971]","[1192550471.5011833, 132907494.96348384, 12709947.642354896, 766171.4050199834, 177874.48323329343, 13154.649550242695, 4965.646009402564]",198828.9
2021-06-28_2021-07-04,59396.16681620365,"[36063.0, 4044.0, 413.0, 29.0, 5.0, 0.0, 1.0]","[35922.589288212905, 4042.01800253702, 394.485939583305, 23.65609564550577, 5.883455778504864, 0.5049825498290729, 0.16739173959464979]","[1206971983.1437824, 135820213.87375587, 13246629.530313551, 794046.8441986638, 197219.0528126519, 17372.504597900144, 6119.448297374635]",199527.7
2021-07-05_2021-07-11,59403.16680162038,"[33905.0, 3995.0, 386.0, 22.0, 9.0, 2.0, 0.0]","[33892.743358712396, 3816.2231008952363, 370.76188602707816, 22.78189263627942, 5.668156792343776, 0.5147776058768649, 0.12725602496064467]","[1164177279.5793552, 131104727.74813654, 12739588.649507277, 781376.2300208654, 194813.49794875176, 17368.55796706199, 5358.940308467086]",191309.6
2021-07-12_2021-07-18,59410.16673958351,"[33207.0, 3803.0, 353.0, 25.0, 5.0, 0.0, 0.0]","[32890.72809356471, 3711.0278600033957, 360.3863118749916, 21.53756344551044, 5.3521815941626265, 0.4615392004487231, 0.1585683667369363]","[1128809128.451763, 127329500.21447954, 12360791.331830723, 739596.4984335573, 182522.23566421735, 15829.76799114934, 4578.299957016019]",190594.6
2021-07-19_2021-07-25,59417.16679537053,"[34563.0, 3797.0, 355.0, 22.0, 6.0, 0.0, 0.0]","[34159.73400428544, 3833.887606874246, 373.01355190945293, 22.695200952087742, 5.720551930714557, 0.377696909817271, 0.12593397781954319]","[1123577966.7570934, 125648694.30325124, 12210555.54400648, 743997.3558050791, 185403.63172705218, 12261.485273762006, 4187.780348838321]",199241.1
2021-07-26_2021-08-01,59424.16695729188,"[14212.0, 1515.0, 158.0, 14.0, 2.0, 0.0, 0.0]","[14158.053576811495, 1558.5283211817978, 151.28135272313526, 9.312508315449206, 2.194427693848569, 0.10027090931095976, 0.04203875011314394]","[461279183.3593597, 50765757.934660725, 4907461.812716749, 303014.67830340145, 72014.22477234992, 3281.324435858721, 1446.7616000605426]",83136.7
2021-08-02_2021-08-08,59431.16673773149,"[31345.0, 3638.0, 371.0, 31.0, 1.0, 0.0, 0.0]","[31146.03138564697, 3537.0040079053474, 347.6752393812919, 22.186637092817943, 5.217107740644889, 0.4054921585043186, 0.09941980077324203]","[1074439114.185122, 121943780.73500669, 11960749.441350441, 760659.8043969045, 180300.57220383882, 14552.774449769642, 3628.556198392952]",182749.7
2021-08-09_2021-08-15,59438.16700601812,"[36718.0, 4252.0, 425.0, 36.0, 9.0, 1.0, 0.0]","[36275.29801635675, 4081.3170494086135, 398.82772916368106, 25.36131433642905, 5.950183129333418, 0.4823694668472312, 0.1790116818326711]","[1248300492.6901422, 140225608.2862312, 13679526.10656322, 869784.205139737, 204090.8016351111, 16225.441420376068, 6020.410563956938]",205706.8
2021-08-16_2021-08-22,59445.16691111219,"[36286.0, 4194.0, 412.0, 31.0, 5.0, 1.0, 0.0]","[36165.47455374109, 4094.610449217371, 401.65057241513585, 25.060220156682334, 6.3469750221084675, 0.6126489683142307, 0.20451119398740658]","[1248856159.3111997, 141331492.27077404, 13851706.899203893, 863297.9839164474, 217899.4746059258, 21078.799325048883, 6778.63442922276]",205925.5
2021-08-23_2021-08-29,59452.16672245379,"[35512.0, 4141.0, 419.0, 29.0, 4.0, 1.0, 1.0]","[35295.25467225281, 3946.088829764959, 381.88361127020613, 23.916837442359014, 5.619836454061935, 0.5204186279526901, 0.11643831855323758]","[1199797292.9779532, 133786980.7605927, 12927082.890784146, 807827.4087172059, 190963.72016366522, 17802.528899867557, 4673.396499832954]",192252.6
2021-08-30_2021-09-05,59459.16678854192,"[36204.0, 4138.0, 387.0, 26.0, 5.0, 0.0, 0.0]","[36033.42123595946, 4053.1894409663655, 396.4845256464468, 23.653801998264758, 5.447700622161885, 0.3230692721029086, 0.16234086630175054]","[1232130056.4712605, 138603475.80374676, 13574321.28661996, 811734.4222417944, 188175.24261175937, 11052.18728701987, 5213.567350384702]",202535.3
2021-09-06_2021-09-12,59466.167044907554,"[34788.0, 3888.0, 392.0, 21.0, 10.0, 0.0, 0.0]","[34816.030189167024, 3918.1852379911497, 379.8886145119601, 24.121296850981285, 5.8928854473631365, 0.5300396819002163, 0.21851575909702683]","[1166588546.033174, 131110249.2369595, 12684035.127981136, 805771.7329836157, 196071.2261344133, 17090.490349133735, 7531.006228656667]",196576.7
2021-09-13_2021-09-19,59473.16697187504,"[33915.0, 3850.0, 380.0, 23.0, 5.0, 1.0, 1.0]","[33865.70976384608, 3787.3819151854514, 368.5771457170913, 22.24393491416011, 5.648403036800055, 0.46100766450757463, 0.1300835356047255]","[1101870284.4874847, 123233641.4503289, 11988167.130993221, 725054.063662583, 183091.33330099343, 14803.278968010312, 4172.559805674668]",190439.5
2021-09-20_2021-09-26,59480.166958217735,"[32165.0, 3632.0, 383.0, 21.0, 7.0, 0.0, 0.0]","[32159.5802752379, 3655.276578310981, 364.64284797052096, 23.82835945713898, 6.445543194123109, 0.45342475165442947, 0.15131861120891507]","[1040652729.820152, 118231824.9365974, 11785808.214269876, 764010.2746155302, 205561.3393589886, 14519.247255538767, 5087.8556951628325]",185475.0
2021-09-27_2021-10-03,59487.24986284722,"[30731.0, 3543.0, 390.0, 24.0, 7.0, 0.0, 1.0]","[31078.33964963983, 3552.7376239730547, 345.5555341289784, 22.45488113231549, 5.214847832671379, 0.5049383368598577, 0.17961556005941087]","[1029119342.8310456, 117595967.6701058, 11427710.294915302, 740236.9154369518, 171843.81812923375, 16461.625344477357, 5796.250204975851]",182357.7
2021-10-04_2021-10-10,59494.25005740744,"[29572.0, 3277.0, 347.0, 15.0, 2.0, 0.0, 0.0]","[29660.88204775215, 3389.5380863196647, 336.2691938394395, 21.198317135051028, 5.26411317722028, 0.3835900594104952, 0.15512136155502884]","[1013319671.374196, 115744333.0252282, 11473291.156902973, 721236.2865069266, 179401.97054519525, 13823.893952669423, 5843.3909207350835]",171989.6
2021-10-11_2021-10-17,59501.16663148133,"[34492.0, 3972.0, 413.0, 21.0, 3.0, 0.0, 0.0]","[34568.00243870011, 3957.07844148154, 392.8761510785188, 24.096625868481027, 6.298836375690124, 0.43374211494563786, 0.2078566398136995]","[1171786176.0067048, 134135623.52858134, 13309839.01038251, 819669.7835143702, 212665.7107453501, 15258.722906857673, 5964.437888454562]",201461.6
2021-10-18_2021-10-24,59508.16666423631,"[34708.0, 3981.0, 434.0, 29.0, 7.0, 1.0, 0.0]","[34737.706845922585, 3971.574613942722, 390.8647745952441, 24.60338984783974, 6.279896094373146, 0.3965895860557155, 0.22576025350307216]","[1157088860.9645388, 132154640.85738844, 12999029.11503031, 818128.9013055579, 208360.00436398352, 13108.202929857249, 7273.425741759589]",198705.9
2021-10-25_2021-10-31,59515.1669280092,"[36478.0, 4158.0, 419.0, 24.0, 10.0, 1.0, 0.0]","[36324.09879175061, 4155.518301984775, 411.68273121157915, 25.514120793539927, 6.467001434554873, 0.6321001444241495, 0.19154797994464584]","[1254697419.9345338, 143596053.40369335, 14224661.585900677, 881861.3006870846, 224295.0132094318, 21808.66619091549, 6568.866872486668]",205962.2
2021-11-01_2021-11-07,59522.1668252314,"[36664.0, 4164.0, 413.0, 30.0, 5.0, 0.0, 0.0]","[36929.51820400641, 4232.97371234968, 419.2589970291951, 27.14093774105857, 6.880785625033469, 0.5474609689876871, 0.16833024152524587]","[1276574403.843389, 146311186.9399548, 14481799.907305613, 940999.9517439649, 236987.36177860628, 18440.037904031597, 5742.85675838514]",203479.2
2021-11-08_2021-11-14,59529.16671238424,"[36820.0, 4256.0, 447.0, 39.0, 3.0, 0.0, 0.0]","[36956.17845796577, 4229.684159472258, 419.77435926614686, 27.592937658800217, 6.478882517324069, 0.5503275238013986, 0.14304297335965663]","[1274537992.9339244, 145828884.5001935, 14464244.055836426, 951973.6307639781, 222432.58445348113, 19076.02582443697, 5931.430526112465]",204865.9
2021-11-15_2021-11-21,59536.16684085637,"[34964.0, 4079.0, 389.0, 30.0, 3.0, 1.0, 0.0]","[34781.55490638505, 3981.626231501378, 395.0723866560558, 25.20172642848936, 6.514615635738375, 0.5062404312479284, 0.11812881379679555]","[1155866061.7214017, 132208612.6721934, 13131887.708483918, 836424.7704952384, 215275.4242370805, 17543.264891005176, 4700.862748973675]",192351.0
2021-11-22_2021-11-28,59543.166822106185,"[36065.0, 4147.0, 407.0, 38.0, 10.0, 1.0, 1.0]","[36384.445598517, 4149.616795225104, 417.8447661670931, 27.648412544990112, 6.91555778187386, 0.6471468314675964, 0.18513831986285006]","[1255141585.924086, 143066828.60953483, 14420681.076634709, 951981.6603054248, 239127.25416904796, 23280.76619860032, 7054.206851319803]",204443.1
2021-11-29_2021-12-05,59550.16697291678,"[31583.0, 3621.0, 379.0, 23.0, 9.0, 1.0, 0.0]","[31788.113519337378, 3636.0417869772946, 361.4365660635754, 22.93099716561649, 6.031383545404343, 0.4341997591804012, 0.1661157882122178]","[1090899512.4914815, 124706614.25631657, 12395789.408938896, 788313.2009963939, 207570.0939736404, 15482.769775868046, 6212.762750599381]",184484.9
2021-12-06_2021-12-12,59557.16690509248,"[36999.0, 4353.0, 435.0, 26.0, 5.0, 0.0, 0.0]","[36787.79522553003, 4203.155867972347, 424.2488286721695, 27.129244330327758, 7.451066724287408, 0.6187415824244412, 0.19556178600334972]","[1233873712.045555, 141078994.13966694, 14258759.400001926, 915566.9324130828, 249629.3212308707, 20822.57237445358, 6620.671278402796]",197930.9
2021-12-13_2021-12-19,59564.166788194445,"[32604.0, 3809.0, 328.0, 20.0, 9.0, 0.0, 0.0]","[32623.258684214154, 3711.6802441351992, 366.6158167629252, 22.920606074135055, 5.932282621510347, 0.5568421743684338, 0.17781575058156865]","[1120814632.3026655, 127565111.0368128, 12610148.193801943, 790163.8263632152, 204146.08124914896, 19566.337274539506, 5931.955233992236]",181211.8
2021-12-20_2021-12-26,59571.16683148157,"[37814.0, 4272.0, 441.0, 23.0, 9.0, 0.0, 0.0]","[38083.37547668016, 4336.21989936027, 436.0623313475253, 28.504324908641156, 7.484467506419729, 0.5584483143286775, 0.20302887738007858]","[1308096237.9195528, 149080618.78676695, 15008930.713597616, 984457.4382425094, 259372.82022492125, 19327.405933335747, 7747.873331694405]",204301.9
2021-12-27_2022-01-02,59578.16677905083,"[32737.0, 3737.0, 385.0, 29.0, 7.0, 1.0, 0.0]","[32653.181295762428, 3704.109428043888, 372.86169117900596, 23.753293028529374, 6.199400515144495, 0.5887220463232387, 0.1966646887107741]","[1027495988.5642854, 116799856.44495147, 11780146.276290173, 755410.3267186043, 198943.07180565502, 18212.84226313835, 5838.9555920976145]",182452.1
2022-01-03_2022-01-09,59585.16683425926,"[37503.0, 4218.0, 414.0, 27.0, 6.0, 1.0, 2.0]","[37550.69093410139, 4267.690663636612, 422.5350047225027, 27.17686128030344, 7.139158709361974, 0.6527032639368827, 0.20300076995146454]","[1288199357.522078, 146465193.67767218, 14511771.50388848, 935703.686770615, 246886.5891923196, 22092.43750259201, 6539.215240020065]",204331.5
2022-01-10_2022-01-16,59592.16679201393,"[37890.0, 4245.0, 452.0, 32.0, 8.0, 3.0, 0.0]","[37975.688732789524, 4300.672911305614, 430.0023846255059, 28.285822521057252, 7.10314550647502, 0.7073509826712573, 0.21698321412413357]","[1302648363.0100193, 147662855.6517873, 14792401.268771593, 972114.2943508626, 245435.90248156144, 23452.891461660765, 7632.49182632365]",204507.1
2022-01-17_2022-01-23,59599.16700868019,"[32697.0, 3605.0, 363.0, 16.0, 10.0, 0.0, 0.0]","[32529.36378587035, 3643.064952556874, 362.6462232858358, 23.16779782744647, 6.264651511210538, 0.4258577251736487, 0.16385455150120418]","[1098384783.9893465, 123092870.15422535, 12283632.431415768, 786030.7874354505, 212103.9086315712, 14511.477187288636, 6147.471663194345]",171101.2
2022-01-24_2022-01-30,59606.16685833294,"[38172.0, 4316.0, 431.0, 26.0, 4.0, 0.0, 0.0]","[37960.44688552556, 4296.699447205784, 424.62139586431266, 26.90824181946215, 6.698533718100845, 0.5412032986850622, 0.19588049006163719]","[1283640226.8521152, 145406756.3438592, 14397580.711880242, 913359.7251688059, 227372.41919659908, 18890.86900578148, 6528.9499456861]",200294.8
2022-01-31_2022-02-06,59613.16693032354,"[38248.0, 4427.0, 423.0, 39.0, 8.0, 0.0, 0.0]","[38105.85346997717, 4319.4782845327745, 430.9186715859609, 28.335340632088982, 7.28793160839953, 0.5874114868509707, 0.1856159517847469]","[1302310877.0718894, 147762650.4191585, 14765830.935890434, 971007.6778774932, 250796.63258401473, 21007.68689815759, 5330.476209460162]",202977.0
2022-02-07_2022-02-13,59620.16686990748,"[33198.0, 3950.0, 348.0, 36.0, 7.0, 0.0, 1.0]","[33553.09393077974, 3816.649726331141, 379.80762762856875, 25.028440880089928, 6.417375759874572, 0.44611855868110184, 0.24817882896075996]","[1154956828.055416, 131419982.25796849, 13079377.949387027, 862156.783481386, 221109.22826486608, 15735.394629538396, 8476.256017728607]",184258.6
2022-02-14_2022-02-20,59627.16690486121,"[12470.0, 1384.0, 128.0, 11.0, 1.0, 1.0, 0.0]","[12460.406178577274, 1415.7683989611378, 141.49898973508394, 9.01997866983073, 2.309945637042905, 0.17678700070008263, 0.04259164072376642]","[401388775.42444396, 45448334.77190331, 4510108.656890271, 287754.231886406, 74801.32666005644, 5589.501725348636, 1282.096673300613]",74349.8
2022-02-21_2022-02-27,59634.16683993064,"[23290.0, 2707.0, 272.0, 20.0, 4.0, 1.0, 0.0]","[23438.066561195214, 2657.487488988427, 263.63372746579995, 17.00072084358357, 4.384543086329611, 0.4059436219864685, 0.11121010685000458]","[761795686.6615164, 86226707.42085432, 8547697.242178867, 551493.5659762326, 140399.7454902498, 12756.739971283372, 3919.4034085421977]",144748.9
2022-02-28_2022-03-06,59641.166850115726,"[36280.0, 4026.0, 359.0, 28.0, 9.0, 1.0, 0.0]","[36101.79125131576, 4021.96871154386, 394.10775378568263, 26.503469228356675, 6.702292777215354, 0.5182928017401617, 0.18343060219918375]","[1223888783.767206, 136358995.68171826, 13366633.829562007, 898954.0037317045, 226273.80163006147, 17599.96366632109, 6013.861789392695]",198608.4
2022-03-07_2022-03-13,59648.16671736075,"[31939.0, 3606.0, 339.0, 23.0, 5.0, 0.0, 1.0]","[32100.284097632615, 3535.0137719056747, 337.150021675854, 21.921005336293454, 5.368277887839438, 0.37771733592942563, 0.1530859448314876]","[1049113074.7965256, 115448837.41541386, 10999359.924930409, 719331.5603650631, 176732.36958570077, 12231.863889906977, 4846.653540916281]",186728.9
2022-03-14_2022-03-20,59655.16690104192,"[33213.0, 3603.0, 332.0, 27.0, 3.0, 2.0, 0.0]","[32755.16321375567, 3601.390734678611, 339.22697963966476, 21.360210793930847, 5.4697930856454775, 0.4537867659124275, 0.13530405102899734]","[1118025379.2351387, 122773050.51591514, 11561994.81723941, 726052.6861550161, 186469.50629892753, 15737.029322999451, 5325.218232291076]",197422.5
2022-03-21_2022-03-27,59662.16696226853,"[33131.0, 3624.0, 369.0, 27.0, 5.0, 1.0, 0.0]","[33331.45148650917, 3668.032070773777, 343.57309427950605, 21.377974157265236, 5.780550451302645, 0.4506670469722239, 0.148372399682734]","[1127900891.2567143, 124136385.82341968, 11623304.269735355, 724421.9847480732, 195905.38142589014, 14977.90625782999, 4897.238327264378]",192592.3
2022-03-28_2022-04-03,59669.166778935,"[29661.0, 3350.0, 298.0, 29.0, 1.0, 2.0, 1.0]","[29171.623235462637, 3189.9729050264127, 304.9101351320643, 19.544772402798806, 4.653521946852666, 0.3398911382746609, 0.1041249040979702]","[1007337377.8682568, 110034066.93082207, 10498863.934791723, 672594.5874524434, 159793.63801192006, 12296.359869509854, 4461.812632237952]",183338.7
2022-04-04_2022-04-10,59676.16661817132,"[21328.0, 2207.0, 236.0, 21.0, 3.0, 0.0, 0.0]","[21099.780318100507, 2265.459888252365, 211.40009378669222, 13.850656163054689, 3.3621786603829213, 0.26912473799544395, 0.09138691015897835]","[710543972.1801175, 76240695.09164362, 7105554.950385479, 465031.05311037024, 113710.62143146168, 9284.31892280264, 3480.0117747723507]",155579.5
2022-04-11_2022-04-17,59683.16650127327,"[32207.0, 3488.0, 318.0, 18.0, 6.0, 0.0, 0.0]","[32412.239644683796, 3470.2601124520024, 319.5471088960672, 19.36414405434917, 4.728106601192609, 0.45536975559803955, 0.15217734842677186]","[1113311929.6583152, 119517073.39426586, 11015126.281541074, 667526.1160802239, 163305.43565360626, 14874.23650337078, 5660.415722005344]",202527.5
2022-04-18_2022-04-24,59690.16679131911,"[26889.0, 2972.0, 260.0, 19.0, 1.0, 0.0, 1.0]","[26585.309595526927, 2891.6603418476216, 273.24055579332503, 17.122197583798435, 4.310638623853718, 0.33149705023984183, 0.0949427879263881]","[900958201.6924237, 97953233.79171886, 9244088.678426288, 579084.8448812636, 145102.93671953538, 11090.718817063786, 3459.4447501703453]",166876.9
2022-04-25_2022-05-01,59697.16674571783,"[19270.0, 2219.0, 215.0, 14.0, 3.0, 1.0, 0.0]","[19388.865248016988, 2239.3736922314392, 218.8219863780695, 14.189632338239335, 3.6656503992954788, 0.3285722260278862, 0.07128970338167838]","[642399187.3513819, 73848019.22527072, 7189311.910703865, 464240.4050795632, 120360.09913454828, 10728.384952035394, 2688.300298091214]",131895.3
2022-05-02_2022-05-08,59704.16650463019,"[33282.0, 3829.0, 382.0, 18.0, 4.0, 0.0, 0.0]","[33354.93052633643, 3864.943561260377, 385.9489739317674, 24.315168426550187, 6.073541315669998, 0.5853480636246482, 0.10439695328983745]","[1128234872.8496466, 130758479.87361535, 13057332.435301013, 821152.0689070066, 205169.81719293867, 19036.691699960473, 3440.880623639682]",195919.2
2022-05-09_2022-05-15,59711.16671157407,"[31315.0, 3622.0, 382.0, 24.0, 7.0, 0.0, 0.0]","[31026.556539107183, 3572.796973139644, 353.8604537459772, 21.95391851120825, 5.377458508123167, 0.44662987007888705, 0.14759475496515062]","[1063217618.5780636, 122452468.31987017, 12122079.264465746, 752969.4548349396, 184605.87472807098, 15535.5557370291, 4507.1054633746035]",182858.4
2022-05-16_2022-05-22,59718.16637986089,"[28995.0, 3371.0, 329.0, 21.0, 3.0, 0.0, 1.0]","[28997.86322608534, 3367.509954870199, 335.8505482844799, 19.671076144979217, 5.198127044884638, 0.4563973084049427, 0.15834636593903917]","[974269209.6882517, 113137864.42585808, 11283355.75502577, 660998.8857754478, 175432.53684444877, 15221.124149415664, 5211.919077123566]",164412.7
2022-05-23_2022-05-29,59725.16671539346,"[33315.0, 3797.0, 377.0, 23.0, 5.0, 1.0, 0.0]","[33377.49002853309, 3837.040004366092, 373.9886898097521, 22.381986119526747, 5.268124078221214, 0.39227804707269426, 0.184004721333866]","[1103954920.0854766, 126930220.92876898, 12349836.14880431, 737938.2837876611, 174358.84995844858, 12716.628129726045, 5722.933731092929]",184598.6
2022-05-30_2022-06-05,59732.16694317115,"[35670.0, 4146.0, 414.0, 29.0, 5.0, 1.0, 0.0]","[35830.84351274012, 4164.303837404757, 406.55695196131677, 24.832390424698065, 6.029371401646635, 0.5367777047951439, 0.22660034976861082]","[1236697341.6330016, 143718344.2014257, 14018443.166227952, 855319.6343954549, 208775.44319987885, 17967.755807790545, 7678.95446919602]",204384.1
2022-06-06_2022-06-12,59739.16687361122,"[35377.0, 4207.0, 420.0, 24.0, 11.0, 0.0, 0.0]","[35500.681666740296, 4139.960333228358, 408.88835434022417, 25.01454797785401, 6.315666623784348, 0.5368856197499529, 0.1556029134044712]","[1223336720.8636281, 142648168.60023695, 14071790.18224865, 866261.8716319504, 216702.9850788265, 19325.881744516955, 5476.63138283633]",204391.8
2022-06-13_2022-06-19,59746.1670091434,"[35751.0, 4032.0, 400.0, 16.0, 5.0, 0.0, 1.0]","[35351.75175856223, 4152.081142975595, 413.4409305728041, 25.5221546578019, 6.134681843199313, 0.5042817690922449, 0.20032533333561583]","[1212914263.2414796, 142375622.6077477, 14167143.554508546, 873635.5930047423, 209861.5134275322, 17420.62284523615, 6652.21818690791]",203372.3
2022-06-20_2022-06-26,59753.167018634485,"[30818.0, 3579.0, 351.0, 18.0, 8.0, 0.0, 0.0]","[30717.234246708653, 3562.3376764688483, 347.9596364711909, 21.445303654722483, 4.8985717222699705, 0.3529798258851781, 0.10949314384979329]","[1001166223.9868064, 116345793.47897184, 11374280.77367939, 701416.7667774442, 159073.90599259234, 11331.814259492705, 3713.11356676745]",170187.9
2022-06-27_2022-07-03,59760.16680532409,"[30782.0, 3505.0, 325.0, 23.0, 5.0, 0.0, 0.0]","[30551.865525671255, 3513.0240680803468, 341.69885249223495, 21.19437856012754, 4.916192796103573, 0.4351732532528379, 0.1672471855479267]","[960451638.253148, 110648626.99538428, 10781582.604514692, 669902.0585650244, 154087.88897298346, 13619.558781189786, 5411.626405691463]",167853.7
2022-07-04_2022-07-10,59767.16666122664,"[34567.0, 4163.0, 405.0, 31.0, 5.0, 0.0, 0.0]","[34905.788947050125, 4106.250982363479, 413.8481312898452, 25.493940528295884, 6.2272468233953795, 0.4978095978100584, 0.2172497703132265]","[1173388757.9324176, 138031900.3282339, 13903399.275295695, 853923.7979423068, 208196.64184497297, 16580.4113221796, 7126.919676860647]",202817.5
2022-07-11_2022-07-17,59774.16690879582,"[35402.0, 4155.0, 433.0, 25.0, 6.0, 0.0, 1.0]","[35280.60177533511, 4158.934291024681, 415.32676364243406, 25.915369676055153, 6.240260465114233, 0.4264203203003247, 0.15228225889307828]","[1208128671.5661037, 142433631.05003566, 14223111.506709004, 886619.4107120341, 213464.45268702786, 15147.673807010804, 5206.016745702223]",205729.3
2022-07-18_2022-07-24,59781.1668662036,"[35138.0, 4194.0, 433.0, 24.0, 7.0, 0.0, 0.0]","[35082.3335122304, 4094.6962053687053, 402.8345860918546, 25.181863255088338, 6.761570326558769, 0.4221157454423493, 0.19810618623741577]","[1202876122.6060169, 140165650.834076, 13770945.973471176, 858415.0269821702, 230615.0647287853, 15181.620424499994, 6551.453028782154]",206109.2
2022-07-25_2022-07-31,59788.16675636565,"[34980.0, 4141.0, 405.0, 30.0, 7.0, 2.0, 0.0]","[34900.134150274396, 4089.910263464525, 410.337311137426, 25.235222127758185, 6.3541510486402615, 0.3584099782092474, 0.16942480169014318]","[1199562935.4044843, 140551594.20438161, 14093072.263338447, 867733.8992445646, 220024.7506796906, 12737.511499275515, 6196.05869520247]",205925.0
2022-08-01_2022-08-07,59795.16681076432,"[34866.0, 3983.0, 392.0, 26.0, 9.0, 1.0, 0.0]","[34553.590362097035, 4024.923254674491, 398.37494815790757, 24.864379310772986, 6.3647365343928906, 0.5380020254864547, 0.18993721249991374]","[1193327579.64825, 139013687.0111119, 13753124.688509734, 858271.3146949421, 221287.5150129461, 19020.45314883085, 6963.296775049619]",197486.6
2022-08-08_2022-08-14,59802.166529745205,"[35136.0, 4070.0, 407.0, 28.0, 5.0, 0.0, 0.0]","[35142.63700478107, 4107.379290624276, 411.8380316265087, 25.27408100274869, 5.66222922051747, 0.4464580078441509, 0.1817416652820491]","[1211951256.4011168, 141555267.42276525, 14178381.252499377, 870460.4595172429, 194204.42690720272, 15603.765230192623, 6049.34293944341]",206044.5
2022-08-15_2022-08-21,59809.16680590272,"[35431.0, 4240.0, 470.0, 24.0, 2.0, 0.0, 0.0]","[35345.06650179556, 4144.237564867836, 409.7705608726343, 24.901836118522258, 6.173850609028106, 0.5408071303670983, 0.15554058726338035]","[1221536587.9163957, 143132458.4307608, 14147840.025435876, 861240.4595932411, 214132.56410820904, 17890.885536008747, 5670.869921766173]",206066.5
2022-08-22_2022-08-28,59816.16690625,"[35431.0, 3953.0, 402.0, 27.0, 10.0, 1.0, 1.0]","[35161.04952210775, 4074.46571002956, 401.11326083257705, 24.878521764732067, 5.843599918629926, 0.43608429094082407, 0.19050779465486792]","[1207230819.089718, 139766111.0537418, 13753802.048200006, 852453.7056609107, 198900.0786954616, 14693.922014183294, 6764.027765028513]",204597.6
2022-08-29_2022-09-04,59823.14737326394,"[34646.0, 4124.0, 397.0, 29.0, 4.0, 1.0, 0.0]","[34647.053218559246, 4021.1673356517354, 394.8063766639557, 24.756114051473546, 5.8497491051944, 0.5090931473055473, 0.1598707043661081]","[1189442647.8028448, 137726326.24999604, 13469224.520502139, 841070.282468641, 200209.8932162247, 16418.550660765522, 5611.494692121292]",202656.3
2022-09-05_2022-09-11,59830.14744907413,"[33792.0, 4051.0, 421.0, 17.0, 7.0, 0.0, 0.0]","[33651.175335947344, 3982.231556108023, 400.74273688561857, 24.572309709386392, 6.253501549285869, 0.5149000451727606, 0.17404904399937504]","[1144104232.484943, 135299794.4300943, 13623776.236790776, 833667.1409506585, 210685.2883947435, 17408.246954811606, 5851.935144136331]",198955.7
2022-09-12_2022-09-18,59837.1668284719,"[32338.0, 3861.0, 406.0, 24.0, 6.0, 0.0, 0.0]","[32343.285376313615, 3825.5685152702576, 380.2651318866495, 22.821646821539268, 5.592876219939147, 0.5290942910429927, 0.1561435781103036]","[1079377551.722395, 127469668.42780885, 12640582.889821546, 757372.6586019244, 186021.8623549347, 16612.90343871538, 5479.596901548278]",186810.1
2022-09-19_2022-09-25,59844.16651377377,"[35402.0, 4161.0, 413.0, 18.0, 7.0, 0.0, 0.0]","[35529.012716815174, 4154.273003897861, 414.89710917291103, 25.519030617288376, 5.892793025146322, 0.45714304662704874, 0.16471892334115157]","[1232390924.960449, 144074914.94190004, 14387712.44806801, 886445.7900081909, 204920.61206967497, 16637.804651667186, 6085.196560538471]",205965.2
2022-09-26_2022-10-02,59851.1669710641,"[33520.0, 3823.0, 370.0, 22.0, 5.0, 1.0, 0.0]","[33594.5619786734, 3904.3427454303965, 386.07642101131967, 24.202395605317545, 5.1233102578586465, 0.41868633069539474, 0.134647487111342]","[1128781671.3885665, 131290822.32753474, 12992390.91984005, 817471.5811628385, 174980.39047393508, 15413.685755043045, 4460.375561503572]",196519.3
2022-10-03_2022-10-09,59858.16684722263,"[34672.0, 4117.0, 372.0, 24.0, 8.0, 0.0, 0.0]","[34899.232104320625, 4110.866506140447, 411.3421552560305, 25.85653888083984, 6.3305649043251115, 0.4960740253460364, 0.1436627053640296]","[1209951761.1196787, 142530428.1268171, 14251955.043882081, 895437.8910902614, 218846.0293734426, 16927.465461735545, 5660.033827630471]",206000.1
2022-10-10_2022-10-16,59865.16683425795,"[34598.0, 4154.0, 423.0, 28.0, 13.0, 0.0, 1.0]","[34357.35993528059, 4060.572790335842, 409.0156948656838, 26.196356202404985, 6.334905773551334, 0.5365473322592075, 0.21542284377311066]","[1174537848.1162665, 138894144.53496066, 13994743.47152879, 895243.1850692154, 214951.2597281045, 18056.77125022544, 7467.267326504112]",201751.4
2022-10-17_2022-10-23,59871.978755787066,"[28948.0, 3453.0, 329.0, 16.0, 5.0, 1.0, 0.0]","[28799.942871268737, 3390.839440458325, 344.9339715285973, 21.978446285635584, 5.434298397307587, 0.4572899048927646, 0.14454385263340847]","[986507569.0446657, 116200776.63268988, 11819208.57438519, 755661.5236608824, 185690.2039863936, 16345.120374269049, 5572.714957245175]",162723.6
2022-10-24_2022-10-30,59879.2502747682,"[32943.0, 3891.0, 413.0, 19.0, 6.0, 1.0, 0.0]","[33002.757486253075, 3895.020453741143, 396.14927541304354, 24.699321120094268, 6.546074132849465, 0.5902287877512696, 0.19056484895406295]","[1113716683.794359, 131513244.1745645, 13371687.17753912, 834422.0976289617, 220244.9625449921, 20214.09834419481, 6578.377499900507]",192066.2
2022-10-31_2022-11-06,59886.16695219893,"[35200.0, 4151.0, 452.0, 33.0, 6.0, 0.0, 0.0]","[34879.07039786973, 4138.184912547527, 422.40698939143425, 27.04605838751041, 6.871603416392413, 0.5270561675381188, 0.2097520974514227]","[1205326229.2782543, 142991466.6817993, 14594751.865511937, 937154.1840746424, 237100.3537772823, 18637.98461928247, 7370.016284545216]",205962.1
2022-11-07_2022-11-13,59893.16699583343,"[35992.0, 4302.0, 472.0, 31.0, 14.0, 2.0, 0.0]","[35482.65532150812, 4167.843458348972, 418.8846466841157, 27.154965752242518, 6.53335029014938, 0.6051988784189636, 0.12663687138997062]","[1225137489.8894043, 143894244.44601154, 14474531.745727854, 937807.8052329347, 226184.2480593172, 21591.9096366677, 4726.324660079646]",205811.8
2022-11-14_2022-11-20,59900.16687060168,"[35971.0, 4352.0, 397.0, 34.0, 9.0, 2.0, 0.0]","[35866.454761844405, 4219.201957001375, 428.67043287941055, 27.345680837851855, 6.435705230846355, 0.44076866926681363, 0.2264328043800282]","[1235522555.1658084, 145289014.72699463, 14760222.146282958, 942285.8165454285, 221212.1427362828, 14793.228682875519, 7167.452608924872]",203414.2
2022-11-21_2022-11-27,59907.16699351847,"[36282.0, 4274.0, 418.0, 30.0, 6.0, 0.0, 0.0]","[35850.79759734484, 4215.390503550413, 426.33250443873897, 27.29622387364263, 6.439013561095199, 0.6438466508627001, 0.1623759002718292]","[1229932177.6449482, 144553885.5760054, 14612429.19424997, 935959.3998157337, 220829.4584877556, 20739.06974743397, 5469.413199447942]",202451.0
2022-11-28_2022-12-04,59914.166677777845,"[36315.0, 4424.0, 415.0, 25.0, 7.0, 0.0, 0.0]","[36168.34882166127, 4262.046134505737, 431.7462570982884, 26.390776516114347, 6.399514755995637, 0.4752794924135967, 0.20074920070088137]","[1238316785.4045837, 145884613.76402798, 14763762.946422579, 903436.2373016658, 218037.36977847194, 16659.96975596091, 6820.013669878741]",203166.9
2022-12-05_2022-12-11,59921.166612731264,"[36558.0, 4226.0, 455.0, 26.0, 6.0, 0.0, 0.0]","[36812.9640980834, 4322.369343323404, 430.3172981445182, 27.619421445209102, 6.821744931112677, 0.5578606928115735, 0.21181680152893848]","[1253722028.0441914, 147285856.59989, 14682957.470972119, 944903.0819082414, 232706.72421367746, 17167.64808146836, 7474.467950704546]",204275.0
2022-12-12_2022-12-18,59928.16688993055,"[36843.0, 4303.0, 427.0, 31.0, 5.0, 0.0, 1.0]","[36795.142649204485, 4328.544054664136, 433.38598195820794, 26.490840394994773, 6.930987198647675, 0.5016861512924575, 0.19465848434656724]","[1261116228.9532342, 148370720.63227168, 14857847.619494533, 910591.3616465032, 237565.67264798796, 17265.423530172455, 6510.017549783617]",204353.0
2022-12-19_2022-12-25,59935.16690578736,"[35145.0, 4159.0, 484.0, 31.0, 7.0, 1.0, 1.0]","[35392.64250279009, 4140.009622640473, 422.6458660536305, 25.414302781104293, 6.229348355566617, 0.5705461893612689, 0.12831358853769342]","[1186545559.5387523, 139089452.74606594, 14204611.824990617, 855213.3979267355, 211402.88946465042, 20135.58684236229, 4175.750943070076]",194381.3
2022-12-26_2023-01-01,59942.16682083384,"[30736.0, 3622.0, 338.0, 34.0, 4.0, 0.0, 0.0]","[30740.300571229756, 3632.6968646706696, 373.2865151394525, 23.74706835529029, 6.316221880996407, 0.5331754683903284, 0.1790929739987232]","[993427712.5914755, 117066963.2505877, 12039090.121573096, 765027.3912306934, 205186.22997479636, 16728.983320769366, 5401.126616362767]",170320.4
2023-01-02_2023-01-08,59949.16686342559,"[31047.0, 3752.0, 356.0, 45.0, 9.0, 2.0, 0.0]","[30898.711738093407, 3668.0250402398387, 376.53118586758933, 25.084875571065524, 5.853201932670952, 0.6603583635205167, 0.18882732376416222]","[1046683973.6964288, 124339382.62913093, 12775344.331967529, 855168.0733325586, 199270.90956249615, 21481.417786449067, 6069.787703932052]",176962.5
2023-01-09_2023-01-15,59956.16683078704,"[38125.0, 4441.0, 481.0, 27.0, 10.0, 0.0, 0.0]","[38053.829467545795, 4476.688850491528, 459.2145418385376, 28.317492227626193, 7.4218300384433, 0.5208445822576757, 0.26521725189030354]","[1303570308.9956384, 153524324.38185528, 15778392.269703366, 974434.7136062327, 256514.4808054056, 17627.634489046748, 8749.491166272248]",204374.1
2023-01-16_2023-01-22,59963.16676030106,"[38433.0, 4595.0, 466.0, 31.0, 8.0, 2.0, 0.0]","[38354.90908228937, 4506.768450595401, 457.5138778207659, 29.409372214453324, 7.153016195110022, 0.6815817943354954, 0.19140928116766479]","[1314726938.43938, 154752789.5675061, 15742813.551486649, 1010527.7218632397, 247305.36663753918, 23530.43333590756, 6855.200791913082]",204462.8
2023-01-23_2023-01-29,59970.16675717596,"[37291.0, 4374.0, 470.0, 27.0, 11.0, 1.0, 0.0]","[37214.02580897919, 4356.2224271659625, 430.8184645139595, 26.87003377960765, 6.425330203661525, 0.46491339587054076, 0.21346052866720955]","[1271267565.546576, 149048622.501974, 14758131.17288142, 922114.9109968792, 219366.41169790673, 16613.057420512247, 7180.9083431542]",202829.8
2023-01-30_2023-02-05,59977.16682650465,"[36877.0, 4386.0, 421.0, 36.0, 7.0, 0.0, 0.0]","[36926.36844930592, 4318.594144391233, 434.6637876237505, 27.111918208967, 6.468653173572999, 0.5294900696464876, 0.16190285372611954]","[1251223026.1251855, 146394425.08179525, 14761924.537453834, 922802.5019029854, 221273.136175377, 18051.45569058976, 5516.434562219964]",202225.6
2023-02-06_2023-02-12,59984.16681087963,"[38283.0, 4445.0, 481.0, 34.0, 10.0, 1.0, 0.0]","[38198.74930919148, 4457.523582391291, 447.27666834603593, 28.67562639313793, 6.996397651513731, 0.645967691963045, 0.18434510754625685]","[1314990278.4432607, 153602294.38097247, 15440098.58357176, 992088.9240074266, 242349.38385652116, 22584.28682860428, 6187.136790320962]",204262.0
2023-02-13_2023-02-19,59991.166785648245,"[34291.0, 4079.0, 439.0, 27.0, 6.0, 0.0, 0.0]","[34577.51347747074, 4076.4103021240803, 412.2356706560744, 26.97419509517325, 6.484257211786114, 0.4524912764904853, 0.15751960724317712]","[1174158027.583198, 138477910.01202083, 14011032.15481139, 921440.3193548267, 219573.79128011776, 16195.633078987204, 5359.438623811527]",198240.1
2023-02-20_2023-02-26,59998.16684629615,"[36106.0, 4278.0, 428.0, 34.0, 8.0, 1.0, 0.0]","[35556.221839419864, 4162.979638733462, 422.11257482108334, 26.542518455344972, 6.585383025404329, 0.5671625666697274, 0.13241217703612382]","[1203692105.1185238, 141026614.42184338, 14301197.777890459, 900410.9713086159, 222593.93886871717, 19705.702569910613, 4481.386341976956]",198330.8
2023-02-27_2023-03-05,60005.16687835648,"[17080.0, 2048.0, 180.0, 11.0, 4.0, 0.0, 0.0]","[16817.451386374556, 1996.4691463084232, 202.56850502382602, 12.372383739275309, 3.3321382182508286, 0.23706511496187582, 0.06602818196267117]","[530843591.71303064, 62793384.24502335, 6355184.779376761, 386359.9716509587, 105152.50285912337, 7418.512444935821, 2184.262534132851]",115084.7
2023-03-06_2023-03-12,60012.16669861128,"[30414.0, 3568.0, 366.0, 29.0, 9.0, 0.0, 0.0]","[30051.395879439697, 3527.9155755087936, 364.6673485845648, 23.572857399374954, 6.0310372190371835, 0.5352859767758857, 0.14917834452919662]","[1001620138.6207559, 117706253.39210331, 12164852.979527192, 783728.1732150315, 200570.2866350086, 17870.007404847882, 4755.978566785997]",173448.0
2023-03-13_2023-03-19,60019.16670821783,"[36606.0, 4437.0, 492.0, 20.0, 5.0, 1.0, 0.0]","[36368.64579325902, 4312.981520246464, 444.81362963002465, 29.040946651736125, 7.368239490369363, 0.4741016372147871, 0.15672781027555754]","[1259631488.843122, 149326233.43542296, 15400183.665309954, 1002825.7962617796, 254040.89254109925, 16904.6200530351, 5516.708917301094]",203854.6
2023-03-20_2023-03-26,60026.16679004633,"[35099.0, 4066.0, 458.0, 31.0, 8.0, 0.0, 0.0]","[34698.269454372065, 4140.444162995043, 423.54058880245105, 27.53705510053519, 6.911264385179154, 0.45380824843130996, 0.14333524700869363]","[1179087318.8702853, 140514598.65317044, 14379479.801553406, 931982.1825697541, 235207.01706913492, 15860.083006635998, 4604.469485163908]",196238.4
2023-03-27_2023-04-02,60033.166902199344,"[37181.0, 4631.0, 524.0, 29.0, 13.0, 0.0, 0.0]","[37095.015483782634, 4400.83763497109, 451.000453248717, 29.568821228874686, 7.247568724623317, 0.5236262998490873, 0.20249139972831634]","[1283043851.1292536, 152179288.58623478, 15575931.239508608, 1021348.0191835774, 248713.05519531158, 18258.662335924128, 7589.014344515685]",203553.9
2023-04-03_2023-04-09,60040.16684895881,"[34578.0, 4040.0, 406.0, 35.0, 7.0, 1.0, 0.0]","[34404.612082278465, 4083.9310886157214, 420.70521611186206, 25.739707155038523, 7.1009760761258445, 0.5275447540666105, 0.2226519690414773]","[1174230236.465842, 139130340.31333783, 14304253.21411807, 874323.5087387103, 241652.61200874436, 19841.683061069107, 7726.32050437574]",197913.2
2023-04-10_2023-04-16,60047.16669548633,"[28940.0, 3542.0, 335.0, 17.0, 9.0, 1.0, 0.0]","[28843.852459347803, 3444.1051030201493, 355.29458635598803, 22.61374642072398, 5.71450014407192, 0.5553239255277225, 0.15702374923376297]","[981436276.1411399, 117046920.29703687, 12052170.280452514, 766191.6038774471, 195082.16331388993, 18218.246187896177, 5630.721398603472]",176241.8
2023-04-17_2023-04-23,60054.16680555557,"[15497.0, 1851.0, 195.0, 16.0, 1.0, 0.0, 0.0]","[15512.225062226875, 1850.5576206864455, 188.65793473647437, 11.842905696125838, 2.725161787672085, 0.24124668311780337, 0.045629696018882046]","[466470013.675133, 56139060.65169318, 5752283.212951249, 364097.5460617195, 83043.79304283191, 7693.749913634225, 1697.4543910478226]",106918.6
2023-04-24_2023-04-30,60061.166785763984,"[26520.0, 3081.0, 325.0, 23.0, 7.0, 1.0, 1.0]","[26635.23150369131, 3161.087109342522, 320.9431122158823, 21.134033000693673, 4.893568436265005, 0.4014900718722601, 0.1535084382886791]","[897148091.7605469, 106304394.38838267, 10787762.80248396, 706437.6049532797, 164234.949082955, 13474.95808193942, 5105.420601522522]",160460.2
2023-05-01_2023-05-07,60068.16675104176,"[36300.0, 4155.0, 439.0, 27.0, 7.0, 1.0, 0.0]","[36035.50102091596, 4241.183968516642, 429.2749018606765, 27.56895463353946, 6.832741414050431, 0.5455302657271793, 0.13698626035250527]","[1224242952.9671316, 144154764.11729652, 14582113.070794497, 938209.6941921315, 231709.84521035856, 18284.740103420543, 4864.194068221435]",197792.9
2023-05-08_2023-05-14,60075.16686215272,"[31647.0, 3779.0, 391.0, 17.0, 8.0, 0.0, 0.0]","[32101.39676165965, 3788.295176967223, 385.2476726472884, 24.286201776958833, 6.322399591309348, 0.4614318911087621, 0.15075376629028392]","[1068050640.9445032, 126066142.55240832, 12812166.124641113, 807366.526669215, 210561.80140376746, 15668.718245751426, 5214.5882027353]",179492.7
2023-05-15_2023-05-21,60082.16686030101,"[36431.0, 4356.0, 409.0, 31.0, 7.0, 1.0, 0.0]","[36109.25239982452, 4216.032768388109, 420.5505521635329, 26.9408852659512, 6.244313387038536, 0.6039233128012808, 0.19745552748722647]","[1224113653.3205097, 142925894.74864608, 14230716.586727813, 910948.4938152484, 210959.9319810652, 19653.33787304745, 6196.543629232109]",199390.8
2023-05-22_2023-05-28,60089.16687615765,"[34370.0, 4044.0, 392.0, 18.0, 5.0, 0.0, 0.0]","[34503.92564223901, 4024.0221013636806, 405.7267880407564, 25.265128073854648, 6.056569816410334, 0.4971267603794673, 0.17808791858549639]","[1175454228.3972855, 137028519.6889823, 13793169.944445428, 860386.4162353438, 203200.2505796712, 17822.14020996537, 6223.903299211264]",192850.5
2023-05-29_2023-06-04,60096.1668083332,"[34246.0, 3918.0, 444.0, 27.0, 5.0, 1.0, 0.0]","[34098.08971120157, 3960.0818656538163, 391.58079004003923, 23.84791626055903, 5.156103859056005, 0.4880801276335092, 0.1154478262129148]","[1128037708.1371198, 131087818.23109423, 12951930.412132597, 785525.0200091887, 170646.26451688324, 15300.25523601197, 4075.7776847197224]",192015.8
2023-06-05_2023-06-11,60103.167110069255,"[35828.0, 4206.0, 433.0, 27.0, 5.0, 1.0, 0.0]","[35526.29735330664, 4135.612590478749, 410.98729880928136, 25.047238335064034, 5.782004378990074, 0.5236020903785273, 0.16707506909667927]","[1203785712.594846, 140168934.05373782, 13905524.944387982, 846497.1114149443, 195673.07430098674, 17433.755805648096, 5354.199270060403]",201909.9
2023-06-12_2023-06-18,60110.16689143563,"[35788.0, 4098.0, 429.0, 30.0, 7.0, 0.0, 0.0]","[36002.0929545648, 4161.204775259899, 410.64547243027584, 25.606736414830376, 6.176524167823389, 0.4579567331027833, 0.19804810691228436]","[1239951361.0235631, 143342963.38039386, 14148471.274757074, 880540.3940801566, 213117.43907240027, 16200.311435023077, 6246.631274579295]",204362.8
2023-06-19_2023-06-25,60117.16688773152,"[35678.0, 4163.0, 377.0, 20.0, 4.0, 0.0, 1.0]","[35639.78845249409, 4104.522638017382, 405.2406835439694, 24.24008194562379, 5.953294765233198, 0.45348051607065953, 0.15335440004965467]","[1228129798.1730468, 141465820.87399766, 13969094.866314655, 834948.3942396429, 204234.50934181624, 16105.370582462318, 5714.074226819655]",204373.0
2023-06-26_2023-07-02,60124.166909374864,"[35463.0, 4074.0, 397.0, 25.0, 11.0, 0.0, 0.0]","[35491.75958959047, 4053.146407942309, 393.1278978021379, 24.7792548570707, 5.767893770090297, 0.4297858672294495, 0.15580302433318532]","[1214766934.1855369, 138720446.66406053, 13446802.45194268, 844504.420933761, 196247.29726507896, 14027.260939243508, 5813.1062509490175]",204209.7
2023-07-03_2023-07-09,60131.166912731336,"[35169.0, 4026.0, 384.0, 28.0, 2.0, 0.0, 0.0]","[35273.89668864606, 3995.41968001573, 383.9443263911447, 24.094654078507737, 5.444533607041967, 0.45348773582303914, 0.14045439813491983]","[1193916603.677972, 135362590.5593016, 13004825.22911939, 814730.7833415075, 184787.9164465549, 16253.348532701011, 5211.976976016627]",204297.7
2023-07-10_2023-07-16,60138.16683148146,"[32580.0, 3663.0, 357.0, 19.0, 9.0, 0.0, 0.0]","[32489.666422227143, 3665.5371676132363, 351.08566796800375, 21.184358008242576, 5.310988423719451, 0.4824980919779958, 0.1597418967945625]","[1086896272.295166, 122591891.80238077, 11731544.300364932, 708215.7831442046, 176767.58271762053, 16215.730620833503, 5419.913380330856]",194851.6
2023-07-17_2023-07-23,60145.16698715271,"[34665.0, 3891.0, 393.0, 27.0, 3.0, 1.0, 0.0]","[34459.38142767563, 3874.679074135748, 373.5726086180159, 23.45909606097495, 5.814404819745642, 0.4597406696469242, 0.12910032152266765]","[1187522029.2431216, 133463015.98368897, 12861982.261719514, 805414.2655550365, 200906.92318820674, 16263.205613198095, 4142.2050285612695]",206029.3
2023-07-24_2023-07-30,60152.16686215278,"[31499.0, 3580.0, 358.0, 21.0, 4.0, 1.0, 0.0]","[31580.531615903234, 3559.3107336352277, 345.8972900592324, 21.071730258249765, 5.168626618925371, 0.38243952386478786, 0.1795075379315581]","[1082307985.1585746, 121909032.05967884, 11821041.940434767, 721298.0757914586, 177514.91464988122, 13440.579853987538, 5729.973704226916]",188484.2
2023-07-31_2023-08-06,60159.16689525477,"[35091.0, 3942.0, 388.0, 22.0, 5.0, 0.0, 0.0]","[35173.41522561055, 3962.5644839032816, 384.3928523711182, 23.9817227296207, 5.851928251967556, 0.38823065227884024, 0.1749303066507284]","[1211979551.4065495, 136471054.41337046, 13216192.414453115, 822341.5125689293, 199612.51285381458, 12894.84808809632, 6073.290364882963]",206061.3
2023-08-07_2023-08-13,60166.16702233809,"[34815.0, 4000.0, 370.0, 30.0, 8.0, 4.0, 0.0]","[35040.65953233786, 3956.9727038970764, 382.14899910563156, 23.245936864697438, 5.686063095560762, 0.4431713491105245, 0.18815781142807467]","[1204066913.130025, 135904760.68344435, 13115400.848684408, 797177.6088455288, 194002.12065408728, 15229.737830107917, 6235.829977213096]",205958.1
2023-08-14_2023-08-20,60173.16709594929,"[34383.0, 3982.0, 365.0, 31.0, 5.0, 0.0, 1.0]","[34507.129986993416, 3896.725277351336, 374.1974379102904, 23.814861860111755, 5.593967167928854, 0.4543464191812352, 0.20032129131245216]","[1170890437.5031078, 131797600.66245806, 12622364.807263441, 800026.3665145143, 187184.96279793786, 15803.081103184664, 6976.689001922194]",204648.1
2023-08-21_2023-08-27,60180.16712303249,"[34895.0, 3975.0, 431.0, 27.0, 6.0, 0.0, 0.0]","[34831.75008020847, 3970.165924027369, 388.3033873328978, 23.57725898463848, 5.5111107270785045, 0.5061478257364301, 0.1674844426436909]","[1200708340.3235395, 136573344.88249746, 13335726.158972606, 807962.2790056935, 188067.98734662076, 17596.503710394525, 6258.408875130776]",200836.4
2023-08-28_2023-09-03,60187.16670706021,"[33447.0, 3817.0, 368.0, 14.0, 6.0, 0.0, 0.0]","[33414.80539839791, 3810.756409215389, 371.7001780978439, 22.718396083434982, 5.446153887280336, 0.38265262897502095, 0.11979982706607942]","[1155332926.6750815, 131654007.56987238, 12825839.521396931, 784848.8969519974, 188326.34782494063, 13225.751908550541, 3886.618659433652]",193970.6
2023-09-04_2023-09-10,60194.166676041845,"[34465.0, 3829.0, 354.0, 22.0, 5.0, 1.0, 0.0]","[34487.372552068606, 3919.201091072881, 379.71554835539814, 22.238154075524246, 5.6180170257625175, 0.34762000691782646, 0.19013885641789152]","[1193176319.439039, 135483188.13003436, 13113481.194795405, 765312.843785137, 193681.31070079724, 11421.832806766255, 6109.640225049783]",205974.2
2023-09-11_2023-09-17,60201.16667962952,"[34705.0, 4028.0, 413.0, 27.0, 7.0, 1.0, 1.0]","[34626.28750598301, 3934.0030246971814, 384.18184250458523, 23.332298271149703, 5.768293900003824, 0.4547463036130326, 0.12876249366741907]","[1199710150.059589, 136225586.06456995, 13293138.745192757, 805467.287795905, 199102.45100787067, 15600.59888751151, 4233.255477789228]",206024.5
2023-09-18_2023-09-24,60208.16700092539,"[34715.0, 3998.0, 369.0, 25.0, 4.0, 1.0, 0.0]","[34625.895682489936, 3929.294221978346, 377.3744137568051, 23.496523179744624, 6.087594152703421, 0.4484064230306057, 0.14549309973368701]","[1190191805.6759791, 135008227.81825915, 12962056.984399738, 803561.1184612451, 208174.3509603664, 14914.628221042856, 4963.112061755448]",205017.4
2023-09-25_2023-10-01,60215.16700601883,"[33409.0, 3841.0, 386.0, 28.0, 4.0, 1.0, 1.0]","[33055.54944521359, 3738.926263367841, 359.451145627975, 22.532727648254724, 4.905567521248166, 0.3344082215450104, 0.13218844645772548]","[1127842646.2013433, 127524267.002749, 12270559.798354745, 766568.1320331293, 167804.55634013502, 10945.98040395298, 4584.742468561868]",190648.0
2023-10-02_2023-10-08,60222.16709571736,"[34267.0, 3913.0, 400.0, 21.0, 11.0, 0.0, 0.0]","[34280.93624704003, 3899.6130029152296, 378.1592417186163, 23.485405769241805, 5.597243266952621, 0.3761908395479873, 0.16820412387998562]","[1189185651.100923, 135225503.57893544, 13095764.69933074, 814101.8755297586, 194178.82817040017, 13073.494094600004, 5453.586011115281]",206153.6
2023-10-09_2023-10-15,60229.16655520767,"[34106.0, 3961.0, 367.0, 31.0, 6.0, 0.0, 0.0]","[33975.432782358956, 3878.9894270359086, 381.623361783644, 24.058319343239422, 6.086354120187019, 0.46770878890625, 0.1764617882153296]","[1169307423.8163514, 133577629.43531695, 13138714.525184471, 828318.1791055575, 209581.44825438465, 16633.782021481555, 5845.201829938307]",205044.8
2023-10-16_2023-10-22,60236.16671643536,"[29194.0, 3482.0, 326.0, 16.0, 5.0, 0.0, 0.0]","[29417.847931572127, 3376.1993956624, 333.74714115951286, 21.89314967008216, 5.367668322635118, 0.39292610371961006, 0.12751370392950942]","[949204259.827812, 108663536.09871474, 10714602.54695386, 698147.5327116959, 172588.39284194392, 12415.334078129023, 4208.168307868794]",178503.7
2023-10-23_2023-10-29,60243.166953356485,"[33618.0, 3814.0, 388.0, 23.0, 7.0, 0.0, 0.0]","[33429.64298881494, 3772.9698398195414, 368.6263177106442, 23.08928751748946, 5.224682519974597, 0.5601508492735251, 0.12040218176486063]","[1156556445.187384, 130449505.88150612, 12745255.94657104, 799138.8833121367, 181108.82289774588, 18116.13393096697, 3909.499707327737]",194540.0
2023-10-30_2023-11-05,60250.16689942109,"[20621.0, 2295.0, 220.0, 9.0, 0.0, 0.0, 0.0]","[20547.24226073764, 2279.5504807950883, 217.88922990203204, 14.009873563732192, 3.3080535462585936, 0.2621634279102979, 0.1013612688430681]","[153393817.2853872, 16626013.958325488, 1522278.0471009081, 97958.69472145157, 23598.558354148714, 2151.184426119203, 350.5834561046954]",104512.3
2023-11-06_2023-11-12,60257.16688657396,"[35581.0, 4140.0, 429.0, 29.0, 9.0, 1.0, 0.0]","[35548.837537728934, 4110.305473399309, 415.9463961849435, 26.43137093956624, 6.375793004629823, 0.5851327960065219, 0.12937877899558897]","[63940393.26900249, 7386619.839903228, 747185.9733587332, 47529.694072954204, 11487.460954218734, 1011.2245168012213, 248.54848920210213]",206051.5
2023-11-13_2023-11-19,60264.16712557869,"[35008.0, 4015.0, 414.0, 33.0, 7.0, 0.0, 0.0]","[34825.517434724105, 4014.4206450891847, 406.39440562167925, 26.75862773547535, 6.700518794233466, 0.438831494765287, 0.15910176545469196]","[62677388.47863588, 7217790.196178918, 731082.2979416262, 48091.60900710104, 12080.272748636346, 842.9369148182459, 300.6702143745805]",204429.1
2023-11-20_2023-11-26,60271.16686388888,"[34984.0, 4070.0, 414.0, 30.0, 4.0, 1.0, 0.0]","[34931.25555928782, 4028.490595777235, 409.5553969307393, 25.72384397528189, 6.463940347729328, 0.6337416311290074, 0.16626726195343014]","[62717337.944093004, 7227419.540186637, 734989.0085529115, 46274.97821588997, 11706.216376032162, 1130.0195777674971, 292.43487700701723]",204079.8
2023-11-27_2023-12-03,60278.16692754628,"[34866.0, 4012.0, 420.0, 32.0, 6.0, 1.0, 0.0]","[34918.598179715984, 4023.3047074866795, 402.909207363002, 27.18026642493531, 6.78496453004987, 0.5196698386572661, 0.12330784212469084]","[61069241.78386868, 7039290.239179351, 705909.4659432451, 47567.74616135283, 11931.21927332353, 896.766286355741, 219.51247282454133]",197290.0
2023-12-04_2023-12-10,60285.16668923611,"[36241.0, 4188.0, 448.0, 34.0, 4.0, 0.0, 0.0]","[36473.90541658287, 4205.446613808522, 421.8292814227884, 26.653161983797297, 6.531393701231233, 0.5946257798398976, 0.13860640329801976]","[65342086.33280335, 7531202.275811539, 755469.6278909745, 47822.46748784537, 11663.608310659754, 1077.6965875240057, 235.83272469027332]",204336.2
2023-12-11_2023-12-17,60292.16705150461,"[32676.0, 3785.0, 362.0, 22.0, 3.0, 1.0, 0.0]","[32746.299932812337, 3754.6529083682217, 377.26409284406185, 23.016938779914828, 5.392275639691245, 0.48620534734661164, 0.17041502028575856]","[57545003.506965235, 6598700.165617883, 663048.7603173199, 40431.706519969, 9536.169135375683, 851.1482694273706, 304.7485685046394]",181792.6
2023-12-18_2023-12-24,60299.16706886605,"[35668.0, 4153.0, 409.0, 28.0, 8.0, 1.0, 0.0]","[35622.30815115888, 4088.175177495213, 409.1069790045519, 24.832705068908734, 6.747767015301625, 0.5520291200651455, 0.14231875108752776]","[63407450.64686917, 7272894.117611395, 728593.1176382358, 44313.26352599582, 12072.103284179102, 986.8005580329611, 258.3372226244609]",195408.5
2023-12-25_2023-12-31,60306.16691192113,"[36401.0, 4106.0, 410.0, 26.0, 10.0, 0.0, 0.0]","[36424.502869956574, 4199.273723943664, 426.75324840656236, 27.626879109613135, 6.659042711317698, 0.6649656152220687, 0.1996576940617332]","[64465966.384427465, 7443327.943160001, 757184.2273256739, 49005.433083545955, 11898.481237217335, 1130.5715339606204, 354.89034897511067]",204134.0
2024-01-01_2024-01-07,60313.16689004636,"[37047.0, 4310.0, 406.0, 24.0, 7.0, 0.0, 0.0]","[37304.08656655758, 4286.498723663697, 433.03548835354775, 26.839583064812395, 6.738551091751381, 0.5890782950587358, 0.14954526919394368]","[66581849.5966068, 7657115.049054711, 774571.9202961081, 48087.74659741773, 12042.268585613034, 1017.5810166431659, 288.7970935910367]",204305.4
2024-01-08_2024-01-14,60320.16693425913,"[37177.0, 4272.0, 437.0, 32.0, 9.0, 0.0, 1.0]","[36894.09468245173, 4217.14992952027, 416.18236142421523, 25.609741210952564, 6.59594022703079, 0.4584273549162157, 0.11798234949430603]","[65902550.00430593, 7540762.780436412, 745778.3184748866, 45922.59751883641, 11897.128747531877, 827.5008430533195, 244.69096701742922]",204559.9
2024-01-15_2024-01-21,60327.16667476842,"[37682.0, 4341.0, 446.0, 34.0, 6.0, 0.0, 0.0]","[37596.07656836187, 4294.052478552962, 429.6917605600428, 26.711415672096212, 6.501851109145641, 0.45579237357462105, 0.19097055100233817]","[66205483.905458376, 7570846.103698497, 759529.2754577388, 47326.87883604912, 11548.897605066737, 824.2297169180918, 357.5095062224926]",204307.5
2024-01-22_2024-01-28,60334.16680081016,"[37517.0, 4305.0, 429.0, 22.0, 10.0, 1.0, 0.0]","[37394.4511662583, 4254.273056985331, 424.0503731391605, 26.70968233954059, 7.056462001401297, 0.5623666558381804, 0.1936568167400749]","[65157381.32403516, 7426131.5966152605, 741624.1755999954, 47048.210787397235, 12359.712588793558, 991.0643596165627, 306.23154232318694]",200990.4
2024-01-29_2024-02-04,60341.166692014405,"[37865.0, 4382.0, 459.0, 37.0, 5.0, 0.0, 0.0]","[37766.6529165815, 4307.90085024826, 425.31230992257883, 27.740001537233262, 6.385624693711121, 0.4477731062096196, 0.10647727630001833]","[65383305.05225791, 7475759.022462266, 739977.3333123496, 48305.998857670296, 11148.067277409684, 880.8476524725186, 199.3721102503629]",198123.2
2024-02-05_2024-02-11,60348.16673680519,"[36811.0, 4248.0, 387.0, 23.0, 7.0, 1.0, 1.0]","[37199.72813470769, 4241.342962618079, 423.81388036325103, 27.30011465281048, 6.717632327647342, 0.42121306714006373, 0.1642113348101527]","[66658164.97693051, 7608784.513885434, 761069.634786366, 49049.260239500036, 12082.642101995867, 759.9634124528058, 272.96317862412855]",204145.9
2024-02-12_2024-02-18,60355.16688726813,"[36440.0, 4227.0, 418.0, 23.0, 9.0, 0.0, 0.0]","[36608.50096550563, 4217.323132221011, 419.5285904852429, 25.013176813631564, 6.768047535479703, 0.4540356557415196, 0.12808435067962184]","[65643726.72785956, 7568993.086148607, 753683.5722815328, 45047.530066777304, 12032.646715547246, 854.8069756869833, 255.86305552276562]",204309.7
2024-02-19_2024-02-25,60362.16673182886,"[37332.0, 4281.0, 445.0, 35.0, 6.0, 0.0, 1.0]","[37513.893578952324, 4299.149408579886, 432.75189161681965, 26.68735919919079, 6.960422632416065, 0.5224535571050293, 0.19158672253021353]","[66164534.68016077, 7590843.6016771635, 765324.2635555667, 47170.04433209732, 12340.38660981616, 962.6785264059009, 318.2425904475684]",199182.0
2024-02-26_2024-03-03,60369.166689467645,"[35867.0, 4053.0, 396.0, 30.0, 8.0, 0.0, 0.0]","[36024.17698847463, 4111.747932674423, 406.81096397938023, 25.70481709449773, 6.206985327541513, 0.4402886368652227, 0.21658214360086495]","[63070165.77364754, 7201295.494099182, 713329.1188956009, 44962.0630356871, 10916.544578468236, 757.2306566128316, 366.57880402813356]",196167.2
2024-03-04_2024-03-10,60376.16660543954,"[36714.0, 4153.0, 398.0, 23.0, 10.0, 0.0, 0.0]","[36601.083837721715, 4177.734864651215, 411.2004375327251, 26.024142899114942, 6.404693504117549, 0.36658449029097434, 0.18300444133547447]","[63504641.16802381, 7256283.220481724, 714207.8177816032, 45125.81738039623, 11197.405485385463, 617.2916949199708, 320.99465501240655]",194433.2
2024-03-11_2024-03-17,60383.1668672454,"[36335.0, 4082.0, 364.0, 21.0, 3.0, 1.0, 0.0]","[36199.56248526662, 4077.2860466794914, 397.59288910785097, 23.120510223429847, 5.502176563165909, 0.41942793670116313, 0.18930726272485301]","[65384300.44104904, 7364240.632789094, 717640.9394067407, 41591.51498187617, 9907.018025837238, 745.7609844934517, 315.9280707570159]",204318.6
2024-03-18_2024-03-24,60390.1669740744,"[31790.0, 3683.0, 358.0, 24.0, 4.0, 0.0, 1.0]","[31855.398696908276, 3620.854638601754, 357.9958319390199, 22.372898434421618, 5.159860065927481, 0.48482407390879995, 0.1359464910637917]","[54218537.781539425, 6166308.108796038, 608784.8372188868, 38151.33921627373, 8840.2787247164, 820.2138251930294, 210.7151245930073]",183497.3
2024-03-25_2024-03-31,60397.16699016142,"[33881.0, 3881.0, 404.0, 17.0, 5.0, 1.0, 0.0]","[33859.70831120877, 3867.17601398997, 387.2557512640591, 24.084309431511592, 6.176655867306662, 0.55334137079716, 0.1374366851647393]","[59892049.56899892, 6845678.256873923, 685405.5816589275, 42644.99172708537, 10958.71451004638, 993.0385015019565, 277.1980651255899]",196399.3
2024-04-01_2024-04-07,60404.16686817145,"[36650.0, 4134.0, 410.0, 29.0, 2.0, 0.0, 0.0]","[36414.607666709715, 4167.953957593416, 407.6563714193803, 25.018104620259848, 6.048704047924659, 0.4799911381414942, 0.20254310018438576]","[65682875.19551055, 7517301.503179869, 735317.7010116709, 45125.90935425618, 10918.952423201852, 853.573891892335, 321.4392082470679]",204582.1
2024-04-08_2024-04-14,60411.1671318287,"[32536.0, 3897.0, 386.0, 17.0, 6.0, 0.0, 0.0]","[32151.760957178714, 3736.2950840628096, 374.8510413491279, 23.38065557010461, 5.76077841904497, 0.44020229491577545, 0.16445775704979382]","[58001006.84690533, 6659586.715501675, 667434.2822470696, 41602.75081551035, 10184.330891851267, 776.307701194864, 304.0616233505085]",189701.7
2024-04-15_2024-04-21,60418.1670802084,"[36116.0, 4047.0, 376.0, 23.0, 5.0, 0.0, 0.0]","[35919.1349466638, 4132.284962452625, 405.26697361207886, 25.285611306400604, 6.157914338741932, 0.42656198450520966, 0.14985511297998794]","[64791233.96217057, 7451257.7685282305, 729570.9273094942, 45632.438324509865, 11068.885633170245, 836.0483645372981, 287.51802019175375]",204239.0
2024-04-22_2024-04-28,60425.1668747687,"[11130.0, 1325.0, 145.0, 6.0, 2.0, 0.0, 0.0]","[11135.732975495841, 1383.4321356397127, 140.70728161862016, 9.05207908490292, 2.004233054837341, 0.1461840775962527, 0.06633278264521582]","[17636526.749030296, 2171678.4236261225, 219888.95375623717, 14096.280504808139, 3096.407988940632, 217.91940768186763, 113.35307031007804]",92427.7
2024-04-29_2024-05-05,60432.1666519675,"[32586.0, 3698.0, 408.0, 13.0, 6.0, 0.0, 0.0]","[32557.16349350155, 3765.7414513688536, 375.9999562755983, 22.968332869026472, 5.752874980946104, 0.4004438087656874, 0.14693164056805613]","[58511970.43807223, 6760610.666488665, 675136.130887909, 41122.104098512486, 10263.811538148471, 749.1477683939096, 287.53586020201203]",186647.8
2024-05-06_2024-05-12,60439.16700694412,"[33781.0, 3906.0, 374.0, 38.0, 3.0, 0.0, 0.0]","[33968.83946038686, 3895.6063031660788, 385.97254288690453, 24.58047049791442, 6.0462118912954175, 0.46760479568410057, 0.12456317445540001]","[57955221.418806136, 6648746.997122114, 658658.794984209, 41758.40324117628, 10345.924712123611, 821.9290986596719, 218.68339114182618]",188466.9
2024-05-13_2024-05-19,60446.16677731487,"[35078.0, 3989.0, 402.0, 26.0, 4.0, 1.0, 0.0]","[35079.75677950196, 4058.643908739017, 405.11521401974755, 25.784263145430998, 6.267671508834873, 0.4899300304997877, 0.19688226350129362]","[63206477.33949383, 7309524.457444549, 728887.8445366008, 46360.85904207764, 11271.585579539726, 877.8943116233775, 369.6915645138624]",204530.6
2024-05-20_2024-05-26,60453.16672048609,"[34606.0, 3978.0, 365.0, 24.0, 4.0, 0.0, 0.0]","[34572.20146045282, 3976.5947619803183, 396.7746752162754, 24.628689891942525, 5.885882736919546, 0.45652432413201843, 0.10787625750546564]","[60516689.043125026, 6961133.646060333, 693297.7442936661, 42833.51810713199, 10195.364600083245, 841.7970476738437, 198.73343131512453]",197631.5
2024-05-27_2024-06-02,60460.16671284756,"[26495.0, 3148.0, 312.0, 17.0, 6.0, 1.0, 0.0]","[26617.843557995773, 3080.8906331775324, 297.99063641426164, 18.738233838795246, 4.370326855516802, 0.3341469511400394, 0.0848408231911073]","[46967552.45602298, 5424135.819802631, 524266.25144846016, 33063.36150082876, 7647.001535017017, 585.8849294908312, 173.2724972090395]",156603.6
2024-06-03_2024-06-09,60467.166773263896,"[35719.0, 4167.0, 425.0, 36.0, 12.0, 1.0, 0.0]","[35420.46702328991, 4130.32303094677, 411.0842394566042, 24.937078269946593, 5.876759174995308, 0.5211299734053826, 0.11191303014496604]","[63383682.41221899, 7382986.969830588, 734680.5843116808, 44490.83253251347, 10461.281662888432, 977.4192999854795, 183.18605300456412]",204325.2
2024-06-10_2024-06-16,60474.16671030116,"[35127.0, 4156.0, 402.0, 25.0, 6.0, 0.0, 0.0]","[35352.17675676539, 4149.245202572069, 412.2588595176656, 25.280584924864215, 6.187485171950916, 0.4317405786438906, 0.16150497217244666]","[63369862.062038206, 7435294.772241073, 738763.6680247493, 45231.50019019156, 11155.335964413862, 774.6146855154232, 319.87643059587936]",204315.6
2024-06-17_2024-06-23,60481.16693645853,"[35468.0, 4191.0, 403.0, 16.0, 11.0, 0.0, 0.0]","[35620.96141893454, 4146.46783446083, 412.03822456736333, 25.847086781454962, 6.253486824261229, 0.5418842651704197, 0.13688821424676276]","[63868648.79423144, 7434688.359639087, 738439.7358718516, 46221.16913131082, 11219.13886985302, 957.0198931902081, 222.4636584111215]",204381.7
2024-06-24_2024-06-30,60488.16673865738,"[35419.0, 4124.0, 386.0, 23.0, 7.0, 0.0, 1.0]","[35436.063880057656, 4092.5716092912176, 403.02982126134344, 24.427253483643565, 6.007798520782721, 0.4138579688245723, 0.1476462743940681]","[62030616.86697562, 7164440.023584284, 705394.311223467, 42758.84537294393, 10519.256200865491, 776.1283421547657, 316.10540507149386]",202603.9
2024-07-01_2024-07-07,60495.16677083331,"[35835.0, 4068.0, 424.0, 21.0, 6.0, 0.0, 0.0]","[35654.33105462379, 4122.57057341371, 406.1314018430595, 25.664348491838062, 5.947814530957331, 0.5195845688439801, 0.11662393261861079]","[63510580.04274867, 7342174.83680083, 722803.5994767653, 45628.48267119488, 10627.8288454793, 905.822967707806, 223.1897227923826]",204340.6
2024-07-08_2024-07-14,60502.166909143525,"[24697.0, 2817.0, 264.0, 7.0, 7.0, 0.0, 0.0]","[24768.17027471915, 2852.464918079954, 282.3681725506445, 16.649614426314294, 4.129231269750244, 0.20241095734844522, 0.11042105204863811]","[43097050.64319084, 4959276.62078948, 490252.0981768624, 28911.90447764785, 7093.022726874569, 371.3143154679313, 186.56617659615551]",146174.0
2024-07-15_2024-07-21,60509.16687048609,"[33424.0, 3995.0, 360.0, 19.0, 3.0, 0.0, 0.0]","[33418.13087205671, 3830.373209160065, 369.3003089993352, 22.11524035325617, 5.356623162189489, 0.36923230635308574, 0.19659394204488467]","[57925607.42202381, 6633855.689925439, 639199.2226071191, 38330.08594645583, 9290.704399153698, 635.3733026383069, 306.4761902758753]",193322.3
2024-07-22_2024-07-28,60516.166657060414,"[34206.0, 4066.0, 405.0, 19.0, 3.0, 1.0, 0.0]","[34531.68730051927, 3987.2613037514093, 390.3049400427542, 23.394139809462906, 5.5090928955898075, 0.37904672694655767, 0.1378556602731085]","[61788201.70840048, 7127294.06493887, 697450.1106121368, 41769.81128598483, 9838.682894044601, 718.6106472367048, 252.41603029179197]",204989.9
2024-07-29_2024-08-04,60523.16692777791,"[20132.0, 2335.0, 239.0, 15.0, 3.0, 0.0, 1.0]","[20055.160491172217, 2311.683718097944, 228.83019728646474, 14.417387569712988, 3.3221982786809687, 0.21788472288733476, 0.0932515042000995]","[34869941.8578602, 4020870.6833623517, 398799.24641952576, 25101.311190023236, 5817.207046570894, 399.24662437451866, 164.3158760517135]",116275.3
2024-08-05_2024-08-11,60530.166704513686,"[35408.0, 4065.0, 438.0, 20.0, 2.0, 1.0, 2.0]","[35243.1936679272, 4060.755804266978, 399.72764626795976, 24.408295243957305, 5.752906016664987, 0.4120657573780636, 0.18449600570538652]","[63356787.55474674, 7298793.355640801, 717612.757255433, 43834.785481656276, 10303.701814396523, 741.0694222221084, 302.722922211852]",205925.2
2024-08-12_2024-08-18,60537.16669236152,"[23165.0, 2615.0, 281.0, 16.0, 2.0, 0.0, 0.0]","[23215.38003591836, 2723.2878035887, 274.97542380186655, 16.77688990090588, 4.008965721233431, 0.2489647810315633, 0.08676937893529735]","[40215759.15755408, 4720245.729776615, 476266.8077429542, 28987.57935767831, 6923.696170892457, 450.61398773562496, 157.30746123768728]",149259.5
2024-08-19_2024-08-25,60544.1667016205,"[34781.0, 4101.0, 409.0, 21.0, 2.0, 0.0, 0.0]","[34738.565873681066, 4029.754167851183, 396.3211396234642, 24.430439586389774, 5.617437956925741, 0.4792653531698212, 0.16039194225990125]","[62369063.63247472, 7226461.245031549, 709156.1727795915, 43597.817778882614, 10084.669451363452, 835.4417070736297, 252.08633173410823]",205937.7
2024-08-26_2024-09-01,60551.16681585691,"[35136.0, 3991.0, 377.0, 23.0, 8.0, 0.0, 0.0]","[34912.24577317085, 4009.515982659882, 389.9216384549135, 23.799450169416694, 5.623309493111616, 0.36588853838182456, 0.16733868649602146]","[62860094.210784696, 7211798.655874174, 699025.9455731397, 42483.693959663324, 10119.511575050188, 684.6435438809052, 290.5547008499275]",205990.8
2024-09-02_2024-09-08,60558.16690115773,"[35185.0, 4085.0, 406.0, 32.0, 5.0, 2.0, 0.0]","[35272.20167460011, 4058.446881402961, 396.4084926435179, 23.765295618239524, 5.76613981044062, 0.39066202823717006, 0.1490790247308717]","[63639202.268829525, 7317359.80000775, 714177.6044724969, 42792.528649457054, 10424.427252317777, 689.4000211955994, 298.4152570174471]",206041.9
2024-09-09_2024-09-15,60565.1667167827,"[35458.0, 4091.0, 442.0, 28.0, 8.0, 0.0, 1.0]","[35424.523672031246, 4091.8968560835538, 400.2230445433025, 24.25626305894684, 5.522736073063909, 0.3612852273496376, 0.1761825292375023]","[63882198.51428495, 7376027.585176656, 720229.3775567375, 43684.26585278869, 9961.437407301819, 677.9808758279667, 313.8674260279593]",206058.1
2024-09-16_2024-09-22,60572.16689479163,"[34597.0, 3944.0, 380.0, 20.0, 5.0, 0.0, 0.0]","[34886.05033327214, 4047.961842573739, 401.1539213643108, 25.31800650026614, 6.351517076929115, 0.4668169533082972, 0.10143083264554478]","[62888081.518685795, 7290954.944558748, 722074.3455843357, 45466.84619467329, 11461.952380545346, 819.9448338350566, 210.1280930889628]",206000.3
2024-09-23_2024-09-29,60579.16671180551,"[34904.0, 4038.0, 382.0, 25.0, 8.0, 0.0, 0.0]","[35051.612232351436, 4064.8488009141447, 403.3094027317283, 24.568960636138673, 6.240005352777709, 0.49490891760965944, 0.1838999351925704]","[63087939.66299568, 7313744.61647447, 725402.2358537584, 44091.635144272164, 11230.351493952256, 943.9155712938423, 298.7658434833464]",206019.1
2024-09-30_2024-10-06,60586.16685000021,"[35898.0, 4346.0, 452.0, 30.0, 9.0, 0.0, 0.0]","[35290.30433780431, 4143.523371013346, 412.7353720937956, 25.258173256578978, 6.1248444590946765, 0.4937683172072956, 0.18600632141533172]","[63683012.4885497, 7478290.19015638, 744567.1380222543, 45393.9053230685, 11122.930610027786, 951.5965116019919, 315.51510953698397]",206156.3
2024-10-07_2024-10-13,60593.16674618062,"[34587.0, 4219.0, 430.0, 29.0, 7.0, 0.0, 0.0]","[34385.201632918244, 4042.3635925502476, 406.9337537509578, 24.76287522585974, 6.196666341265033, 0.481418597000465, 0.14270662373052334]","[61436035.40776314, 7216271.540006215, 726127.5967393892, 44182.360037337356, 11049.456985158015, 860.4732617872172, 243.3754045599784]",203219.6
2024-10-14_2024-10-20,60600.16673275487,"[35365.0, 4050.0, 471.0, 39.0, 8.0, 2.0, 0.0]","[35140.923361097695, 4132.548045766671, 416.4619836084057, 26.265423543374318, 6.720756178584812, 0.5749653720848354, 0.18836648915982301]","[63157271.078203104, 7423414.721648193, 747443.3380930872, 47089.72567569015, 12019.752263259703, 1002.4009471540738, 317.96564308595464]",205348.6
2024-10-21_2024-10-27,60607.16679201383,"[34566.0, 4044.0, 403.0, 27.0, 7.0, 0.0, 0.0]","[34755.984268380496, 4071.1748150801677, 414.00256692406134, 26.64626381349228, 6.508089452122357, 0.5157647506887508, 0.2169827716097083]","[61944308.15618709, 7256705.611556338, 738148.7359212156, 47528.880328606494, 11597.810746653704, 934.0419436603668, 373.62911397841594]",204643.6
2024-10-28_2024-11-03,60614.16704212961,"[35630.0, 4129.0, 413.0, 35.0, 7.0, 1.0, 0.0]","[35631.0355255083, 4196.050408185074, 422.0500949716995, 27.165169546653228, 6.8133790804301775, 0.4726791427792458, 0.1741117641801928]","[63343587.43564588, 7453778.079788757, 749468.4774190435, 48183.02279264299, 12110.845679717073, 854.1035612634905, 288.3466091021842]",205413.7
2024-11-04_2024-11-10,60621.16672523145,"[33688.0, 4112.0, 405.0, 28.0, 6.0, 1.0, 0.0]","[33852.683385881886, 4006.490870864004, 405.00424269962735, 26.263515316835484, 6.797435846684486, 0.5491825173010193, 0.20561167337704772]","[60221694.146259755, 7124735.6610221965, 719801.4273842837, 46742.97803424313, 12078.411147489036, 984.0928352506548, 370.9292331714174]",202492.5
2024-11-11_2024-11-17,60628.16672465281,"[36090.0, 4205.0, 401.0, 21.0, 6.0, 0.0, 0.0]","[36040.38485473827, 4241.303520155456, 427.23389035763824, 27.638282663493953, 6.209452057410059, 0.5090641106560866, 0.14634475180065792]","[64733118.51495689, 7612704.344831572, 767036.8548093236, 49762.19989206889, 11161.10960422224, 942.1934863124864, 254.3411532618072]",204710.7
2024-11-18_2024-11-24,60635.16687314769,"[36275.0, 4301.0, 435.0, 33.0, 5.0, 0.0, 0.0]","[36352.59705037761, 4297.735322528483, 436.7729293059289, 27.25118389155256, 7.262037688939108, 0.6537062025842498, 0.20893327987106497]","[65262128.46334185, 7711162.978396034, 784460.3687286798, 49027.8254199177, 13120.547019397245, 1144.3725092257991, 346.88317175354354]",204460.7
2024-11-25_2024-12-01,60642.16681516197,"[36820.0, 4324.0, 434.0, 29.0, 8.0, 0.0, 0.0]","[36606.277204629965, 4310.026196726505, 439.22191267008765, 29.165855717947746, 6.863184378837417, 0.5847259615473248, 0.1866046789085537]","[65669517.46877336, 7728121.438407282, 788021.4489544114, 52341.25518752626, 12360.363529587317, 1084.5449586730979, 316.10419271979526]",204488.0
2024-12-02_2024-12-08,60649.00021851856,"[32382.0, 3785.0, 404.0, 20.0, 5.0, 1.0, 0.0]","[32387.258819843482, 3800.6430387116816, 380.42345286974955, 23.121524706402706, 5.352827490625528, 0.45735438015675717, 0.07876310228156998]","[57981252.42096523, 6802905.386198974, 681360.1899124448, 41570.76135443145, 9612.72162344899, 774.6009764899603, 164.6809768780118]",181982.3
2024-12-09_2024-12-15,60657.58327025511,"[21560.0, 2527.0, 293.0, 18.0, 2.0, 0.0, 0.0]","[21589.22389946341, 2565.239875933897, 261.2598845896359, 16.942461688326947, 4.1743446260835855, 0.3352407083104432, 0.11679820934920858]","[38386070.42255056, 4562425.4351297915, 464765.7747435584, 30146.57881482345, 7452.352432606032, 590.0959382526837, 207.54752555682296]",123221.5
2024-12-16_2024-12-22,60663.166699189256,"[37376.0, 4403.0, 429.0, 19.0, 6.0, 0.0, 0.0]","[37119.94738117933, 4386.310516034102, 441.7524393386113, 27.203280899907043, 7.081503180579241, 0.6268617238928381, 0.18250711160082334]","[65960789.166046545, 7796683.769898534, 785982.9480498508, 48514.174501908696, 12581.99596991355, 1170.9540872549317, 306.5622309731761]",203209.1
2024-12-23_2024-12-29,60670.16658391208,"[36394.0, 4358.0, 463.0, 32.0, 4.0, 2.0, 0.0]","[36842.08170524366, 4341.735447844973, 440.58623362795663, 28.772556369726114, 6.569778734884829, 0.6453555539806348, 0.1980412407697407]","[65756226.05796622, 7754864.015507366, 788318.7807815782, 51508.54996100663, 11777.930412285321, 1177.1434873576914, 322.3306313318089]",204270.4
2024-12-30_2025-01-05,60677.16673958332,"[31220.0, 3689.0, 420.0, 25.0, 11.0, 0.0, 0.0]","[31387.105014470824, 3703.2768986123747, 375.9760178762798, 23.6577502672773, 5.880784680127206, 0.5563402830862494, 0.1701699978767197]","[56058201.43556961, 6617600.763980937, 672601.7039054185, 42378.17639375798, 10529.847456102554, 1017.8270357369546, 314.05086808097366]",178479.3
2025-01-06_2025-01-12,60684.16672789375,"[36771.0, 4389.0, 477.0, 31.0, 4.0, 0.0, 0.0]","[36759.810939323455, 4334.67683508924, 442.6542106520352, 28.420204425111237, 7.036447006120601, 0.5398485784160013, 0.2114034039837142]","[65453564.26679325, 7730003.4191499455, 790514.45262642, 50907.080539964285, 12660.233305041193, 993.0888226549416, 385.616277930731]",204504.0
2025-01-13_2025-01-19,60691.16678321745,"[30691.0, 3521.0, 377.0, 21.0, 13.0, 0.0, 0.0]","[30750.254747597784, 3634.8366489938808, 367.080780916032, 23.285528825833836, 5.8017059008665255, 0.47895436635219524, 0.1220559318773052]","[51630061.8711872, 6117046.435820194, 618534.3240912475, 39284.68234638321, 9776.078864184601, 838.5352305360256, 216.58998144839873]",174518.0
2025-01-20_2025-01-26,60698.16688043982,"[37006.0, 4481.0, 462.0, 16.0, 7.0, 0.0, 1.0]","[36897.433747778385, 4344.130253367811, 435.6615106077091, 27.66396710104391, 6.6316627792655165, 0.4774485900924711, 0.13630816071101917]","[65069500.227140024, 7665275.594575078, 770190.3613255075, 48911.530467851204, 11753.85323023348, 826.9289233204674, 265.5862240954402]",201929.4
2025-01-27_2025-02-02,60705.16677754637,"[37676.0, 4476.0, 407.0, 32.0, 10.0, 0.0, 0.0]","[37800.890254445425, 4447.621233595189, 449.46114976093793, 27.232077078318166, 7.146709225441759, 0.588414013720324, 0.2509833328675943]","[66547765.43075236, 7835243.293004926, 792911.1099842386, 48132.006968656206, 12512.796702181806, 1017.3317008822279, 417.9729732900298]",201826.0
2025-02-03_2025-02-09,60712.16677465245,"[37776.0, 4476.0, 419.0, 27.0, 8.0, 0.0, 0.0]","[37555.556206516965, 4409.232945629971, 444.3833794233368, 27.54501147348875, 6.572037294026504, 0.5335488090657263, 0.1958516032211077]","[66794451.432418846, 7849085.05972175, 792655.9619107075, 49007.60457673657, 11750.466837191389, 954.7940646505442, 355.4485581405562]",203289.3
2025-02-10_2025-02-16,60719.1668284722,"[37978.0, 4486.0, 487.0, 40.0, 9.0, 1.0, 0.0]","[37834.929069693004, 4475.7730327448235, 459.3854482053075, 29.744689000667268, 7.217819330394612, 0.6474050615411332, 0.16334987839176393]","[67851949.3344057, 8033618.503366219, 824824.5705723882, 53416.54655782597, 12980.752733117572, 1179.9617222779443, 294.7691541488109]",204299.7
2025-02-17_2025-02-23,60726.16690254595,"[36660.0, 4309.0, 470.0, 27.0, 10.0, 1.0, 0.0]","[36858.09788194385, 4347.464473721, 448.7365753471069, 28.231520223621505, 6.920652459514116, 0.5897210025316277, 0.18253847803069173]","[66218139.52329757, 7813115.380709955, 807038.6945845784, 50819.76205220358, 12527.385419952476, 1113.4404909999373, 341.5532792820889]",204397.7
2025-02-24_2025-03-02,60733.16680416795,"[36175.0, 4227.0, 423.0, 29.0, 3.0, 0.0, 0.0]","[36476.01443038501, 4317.260212911266, 444.3106662307375, 28.50333810061366, 7.562420556053727, 0.7056047804591511, 0.18290025146291197]","[65719647.81059557, 7775042.308812452, 800299.7952604328, 51397.21168721884, 13624.023967632751, 1270.3003292094313, 298.53976845579274]",204392.1
2025-03-03_2025-03-09,60740.16678495379,"[37331.0, 4482.0, 488.0, 20.0, 5.0, 0.0, 0.0]","[37213.05462429948, 4396.094822449182, 454.8291949750745, 29.708180913306897, 7.3942150899249866, 0.6706350532434261, 0.18804323269388992]","[67169026.5975544, 7933488.677524587, 820776.4735008465, 53609.47486406767, 13376.221481771587, 1160.2463219021188, 317.8976966722171]",204382.5
2025-03-10_2025-03-16,60747.16538379627,"[36066.0, 4253.0, 443.0, 23.0, 9.0, 0.0, 0.0]","[36139.56501264408, 4282.339732134151, 438.4471352416605, 27.848033786725665, 6.617544255794446, 0.6338999641457901, 0.16342382300164793]","[65121800.413063794, 7714052.647406299, 789221.0277544421, 50098.86594153445, 11958.90877873729, 1101.0562599395191, 276.02317578196926]",203926.1
2025-03-17_2025-03-23,60754.1653758104,"[34062.0, 4046.0, 393.0, 20.0, 6.0, 1.0, 1.0]","[34111.655084547005, 3994.7800285268427, 402.328509757084, 25.487024012624953, 6.183035807677267, 0.5912948533164041, 0.23071657904942733]","[61532128.09312019, 7202310.921662373, 724948.1399746778, 45832.38120307603, 11093.042539205975, 1038.2961830861327, 395.1472167405503]",204506.1
2025-03-24_2025-03-30,60761.16694155085,"[35058.0, 4213.0, 421.0, 28.0, 10.0, 0.0, 0.0]","[35063.01749007971, 4130.728933794299, 416.98138100674646, 26.75867254242561, 6.26956613505034, 0.5050134030748582, 0.16368643255739043]","[63480835.81994776, 7472813.881553609, 753508.0036899871, 48402.7034990592, 11310.581814421113, 900.8048813558098, 314.3747490358606]",204501.6
2025-03-31_2025-04-06,60768.16668958319,"[35986.0, 4290.0, 431.0, 21.0, 5.0, 1.0, 0.0]","[35950.750633491465, 4266.188199010945, 435.35783727702045, 28.158810672462504, 6.862377368740544, 0.4998669395122922, 0.17262935469878946]","[64625948.51119318, 7662875.847059917, 781243.5035706401, 50259.8580201191, 12283.909320843326, 876.8682016824422, 340.21800783404393]",203085.7
2025-04-07_2025-04-13,60775.16688576368,"[35451.0, 4283.0, 433.0, 28.0, 11.0, 0.0, 0.0]","[35695.176706265906, 4231.681270199344, 436.7879801045568, 27.4592560929834, 7.036351315715712, 0.5921101063017964, 0.10922055764667866]","[64342072.39822286, 7626042.523321754, 786367.8656861121, 49279.95266182826, 12647.66461340117, 1071.5907522365835, 225.58983003111865]",203882.1
2025-04-14_2025-04-20,60782.16670243074,"[35737.0, 4241.0, 394.0, 33.0, 8.0, 3.0, 0.0]","[35700.45853409172, 4217.624370230551, 433.8767616685552, 28.03101588267492, 6.812572508330937, 0.6646289336492874, 0.16902923340353]","[63318949.80048306, 7479554.12686572, 768712.6090039738, 49771.627712797206, 12015.3750297942, 1144.4389768443275, 277.2993234207762]",201903.7
2025-04-21_2025-04-27,60789.16674895826,"[36037.0, 4237.0, 453.0, 28.0, 13.0, 1.0, 0.0]","[36241.26035628015, 4283.663841924644, 432.95794086159486, 27.402386891133176, 6.577129078981859, 0.45912150187948114, 0.1724472151548464]","[65050434.867297046, 7684917.503593872, 776403.3094801517, 49249.96860640549, 11739.643383770148, 800.1038308132499, 313.9883037875902]",204445.2
2025-04-28_2025-05-04,60796.16692835648,"[35255.0, 4111.0, 387.0, 29.0, 5.0, 0.0, 1.0]","[35049.07197388035, 4161.975800094072, 421.9947666563313, 26.965082978568976, 6.689011803000385, 0.5427790788185843, 0.21648239092689867]","[63118313.43260948, 7489261.8329043435, 758826.3180100493, 48593.327247197645, 12050.834679964657, 971.4723737354859, 372.8449270078417]",203439.0
2025-05-05_2025-05-11,60803.166794328245,"[35576.0, 4286.0, 396.0, 29.0, 9.0, 1.0, 1.0]","[35665.34279213224, 4243.451862168245, 424.53379306164516, 27.356415288600544, 6.932253315182157, 0.6070564716592662, 0.20670197890835848]","[63733214.40323165, 7575730.556202825, 757339.8870104316, 48671.39277928034, 12391.127449146956, 1064.7616579636547, 344.10698554048685]",202876.3
2025-05-12_2025-05-18,60810.1667353005,"[35691.0, 4293.0, 414.0, 34.0, 4.0, 0.0, 0.0]","[35679.44636199473, 4232.759065142053, 423.3301675465669, 27.043015776608485, 6.594592813500253, 0.5203932888377766, 0.22761246427609183]","[64174401.719898075, 7607983.46750749, 760831.5371454738, 48565.13911916439, 11904.915577301863, 895.5781303810379, 425.83767867448125]",204252.2
2025-05-19_2025-05-25,60817.16703796223,"[30426.0, 3616.0, 353.0, 23.0, 12.0, 1.0, 0.0]","[30377.80293604457, 3550.028920195053, 361.3734940827786, 22.52702517556793, 5.220817858952324, 0.3926435547237289, 0.14082885511357676]","[51260546.82420513, 6003559.049991295, 610605.7888397748, 38032.5001110964, 8863.469493704852, 685.50319176665, 225.68345684087194]",168619.8
2025-05-26_2025-06-01,60824.1669177088,"[17927.0, 2123.0, 195.0, 12.0, 3.0, 0.0, 0.0]","[17766.815405083078, 2074.726471720459, 208.5651015367722, 13.578002954117382, 2.933572669875605, 0.25114539263313623, 0.08001514067109217]","[28530593.51784385, 3335895.841077006, 335424.84499460185, 21937.57900501779, 4796.233230475528, 388.52078023054463, 124.73259944061876]",105389.6
2025-06-02_2025-06-08,60831.16679965261,"[35857.0, 4267.0, 403.0, 24.0, 2.0, 1.0, 0.0]","[36022.22971066743, 4239.898999648137, 426.0241500653591, 25.76832170981714, 6.50854022403009, 0.5722267435475564, 0.21576684899576953]","[63469760.41035967, 7475254.392401185, 750992.9758814047, 45349.25695320448, 11371.408872018608, 1016.6633921158666, 382.40727095706666]",198806.4
2025-06-09_2025-06-15,60838.166817592544,"[34989.0, 4161.0, 423.0, 26.0, 8.0, 0.0, 0.0]","[35061.80566181419, 4110.666397723263, 413.3470646005006, 25.419998141399738, 6.543127231021006, 0.4171342455332632, 0.16690370732174098]","[61250829.14251192, 7183764.2466903385, 721965.178168649, 44327.75443256865, 11325.807639404857, 702.9046972939664, 288.2797553207412]",197336.4
2025-06-16_2025-06-22,60845.16692986109,"[35506.0, 4134.0, 441.0, 19.0, 10.0, 0.0, 0.0]","[35572.807023284855, 4139.010551025731, 407.60394326830044, 25.483823779050375, 6.374149136712968, 0.4955917156975442, 0.1953193433297184]","[63090299.47632147, 7345496.314911152, 722747.1351383633, 45030.28584729954, 11245.413411571028, 845.2422644996932, 324.97525674827097]",203560.4
2025-06-23_2025-06-29,60852.16665104171,"[30504.0, 3482.0, 345.0, 24.0, 6.0, 0.0, 0.0]","[30486.043007844826, 3504.696961976108, 344.24697206543283, 20.879580106998684, 5.1079107959154015, 0.42012852027239844, 0.17845449898995744]","[54531634.64666052, 6269675.016714196, 615692.6142266497, 37256.91347658644, 9148.14915452356, 776.5284755716016, 290.25584284144855]",175076.3
2025-06-30_2025-07-06,60859.166566782456,"[35147.0, 3993.0, 404.0, 24.0, 6.0, 0.0, 0.0]","[35144.26894902196, 4006.1450162711694, 388.0143647629464, 23.451654598902337, 5.521248402647516, 0.5193678854536307, 0.18302405532214872]","[62852180.87836268, 7169616.291007754, 694688.5535383058, 41855.10342897527, 9902.314851560477, 925.0187960427196, 350.63839357912593]",204308.9
2025-07-07_2025-07-13,60866.166639236166,"[34310.0, 3873.0, 344.0, 31.0, 6.0, 2.0, 0.0]","[34523.210285527224, 3915.9663764497714, 378.29897970979084, 23.395873197277552, 5.511671987192437, 0.543170363151613, 0.17840526206683388]","[61985990.812315755, 7033083.877704482, 680230.4296474432, 42146.92267307464, 9900.221889521123, 1010.7552617708203, 304.9301988094512]",204940.1
2025-07-14_2025-07-20,60873.16703865799,"[33877.0, 3774.0, 374.0, 29.0, 6.0, 1.0, 1.0]","[33917.226835925154, 3791.2206421888027, 355.5086949829894, 21.093964907685223, 5.3228622386738635, 0.3314653515838698, 0.1107073109076712]","[60908432.03931702, 6804413.632539754, 637050.4312040923, 37727.57625122229, 9516.443494125771, 605.1641796452656, 205.1149437371865]",206061.7
2025-07-21_2025-07-27,60880.16672905084,"[28150.0, 3269.0, 308.0, 18.0, 10.0, 0.0, 0.0]","[28048.770808427027, 3169.425796071856, 302.75948091050407, 19.03235436218226, 4.71668280542209, 0.3999199941921226, 0.11901123490231065]","[49432760.11982788, 5582225.138451362, 533883.5742613783, 33655.547149264, 8315.52544152716, 669.7541781815996, 235.06425069138325]",165341.6
2025-07-28_2025-08-03,60887.16680451378,"[34162.0, 3825.0, 398.0, 29.0, 4.0, 0.0, 1.0]","[34290.004715690084, 3849.5702501690516, 370.56538060990755, 22.383528055591995, 5.661370385080093, 0.399580648842367, 0.17240807994018828]","[61360610.78834819, 6886977.908054531, 662654.8985031781, 39927.48823288505, 10131.41539381535, 721.4379416016533, 309.0775439661531]",205975.6
2025-08-04_2025-08-10,60894.1670392364,"[31766.0, 3547.0, 320.0, 15.0, 4.0, 2.0, 0.0]","[31924.955121689312, 3531.1852607136743, 331.84083727617553, 19.56034840572116, 4.965548708957154, 0.3476725893050531, 0.15971248434478644]","[57324015.27222863, 6339898.098340792, 596928.852322275, 35250.58290796778, 8917.59417579065, 612.980386597174, 281.46687235717906]",181714.0
2025-08-11_2025-08-17,60901.16687858797,"[30630.0, 3418.0, 306.0, 20.0, 3.0, 0.0, 0.0]","[30685.79544017768, 3365.900752190147, 315.2250766722157, 19.66947269660175, 5.045606473272369, 0.3470503928099443, 0.15489181916183867]","[53800025.47770534, 5887995.658875284, 549332.2691703705, 34119.96584076023, 8664.332859070804, 575.0083114023645, 238.21487404985012]",156911.2
2025-08-18_2025-08-24,60908.16661006922,"[32870.0, 3757.0, 349.0, 20.0, 9.0, 1.0, 1.0]","[32717.112099922193, 3679.227495692842, 353.9758820690549, 21.62264219698118, 5.44564564714614, 0.395164448967764, 0.14123864423147828]","[56258373.84096324, 6325676.928639067, 607989.7089765477, 37088.779246582315, 9389.78452718452, 643.6344424409772, 219.56991098945682]",172292.4
2025-08-25_2025-08-31,60915.16695486112,"[34073.0, 3910.0, 396.0, 26.0, 2.0, 1.0, 0.0]","[33877.95229918982, 3863.7233063658773, 381.9276831968277, 23.825977467155717, 5.993989856537997, 0.5486486719113152, 0.16956878857417365]","[60372789.01247417, 6872176.208206104, 677226.7098091637, 42369.04109711363, 10621.350736731318, 953.3961874564245, 292.81881466630244]",184818.3
2025-09-01_2025-09-07,60922.16703807874,"[33905.0, 3928.0, 374.0, 26.0, 6.0, 0.0, 1.0]","[34093.71523993203, 3926.323144714532, 388.1645163585209, 24.350251214808914, 6.100368085518161, 0.5376399241586983, 0.15713545235202894]","[60820165.701245405, 7004540.083585614, 693590.7078725321, 43835.48073257633, 11028.695514103658, 1035.1373768225346, 286.87537494308026]",190743.3
2025-09-08_2025-09-14,60927.25036713037,"[17455.0, 2059.0, 196.0, 14.0, 7.0, 1.0, 0.0]","[17247.32142229118, 1968.4281939041018, 192.95764225966786, 11.917620954203931, 2.741943306527674, 0.2661788384296106, 0.05028110609865046]","[31319879.10768611, 3584618.4569713892, 353971.48387473135, 22064.106965232033, 5024.663377417652, 472.30623996577935, 109.05221474282847]",102690.8
2025-09-15_2025-09-21,60936.34501064847,"[27707.0, 3192.0, 295.0, 16.0, 6.0, 0.0, 0.0]","[27570.7400929774, 3211.542069039136, 323.46520744663485, 21.224550188168518, 5.713182854903986, 0.3871814728755059, 0.1542790778147937]","[49663362.4898787, 5777974.05910761, 581135.7404506323, 37995.79697130167, 10265.323237090603, 721.2460364610627, 266.9152577028702]",162972.1
2025-09-22_2025-09-28,60943.16681076383,"[34406.0, 4034.0, 425.0, 23.0, 10.0, 0.0, 0.0]","[34295.796972344084, 4022.2419127748194, 413.77664411397427, 26.718130087218768, 7.064448975100835, 0.5686653606626805, 0.14846270612912574]","[61969965.05723217, 7272926.47540195, 748501.35134233, 48523.15974827307, 12703.035478213666, 1050.5030217395745, 296.6033440757459]",206002.0
2025-09-29_2025-10-05,60950.16695706014,"[34688.0, 4069.0, 403.0, 26.0, 6.0, 1.0, 0.0]","[34681.51114100048, 4126.5773795842215, 425.05865302571686, 28.306989900416486, 6.9118401916822325, 0.6086094407019722, 0.14635441469148047]","[62264672.02462154, 7404668.593646019, 762291.1796288029, 50879.22776308722, 12430.92390979867, 1120.6389879382589, 257.6295839588486]",206034.3
2025-10-06_2025-10-12,60957.16664351853,"[34654.0, 4149.0, 446.0, 31.0, 10.0, 1.0, 0.0]","[34676.257236869504, 4211.295691977519, 449.68475903394096, 30.65840251272863, 7.57275670851446, 0.6831543003362189, 0.1913580696334245]","[61910692.772981994, 7517873.073507718, 802497.2192509748, 54747.48448142636, 13512.759590527083, 1204.863420382965, 365.0180261134976]",205701.3
2025-10-13_2025-10-19,60964.16670879656,"[34597.0, 4382.0, 461.0, 32.0, 3.0, 0.0, 0.0]","[34895.38847942425, 4303.210775867183, 474.8583912264679, 31.97429008325299, 8.280926949646515, 0.6283881178137019, 0.1868691506503512]","[62656322.23019053, 7729151.195726865, 852914.0410407506, 57573.168709634716, 14885.383240215433, 1160.9860304275614, 322.5353157741625]",206034.9
2025-10-20_2025-10-26,60971.16692222213,"[35047.0, 4445.0, 540.0, 29.0, 10.0, 3.0, 1.0]","[35105.11709979067, 4364.964164031787, 484.18428810875656, 34.41939636959935, 8.923073844621229, 0.722573338056425, 0.28019979000481027]","[63239582.868751824, 7862365.01689936, 871948.1127656177, 61940.15566064118, 16145.023824109941, 1261.9507575212285, 512.4636108251123]",206298.4
2025-10-27_2025-11-02,60978.166854051065,"[33749.0, 4124.0, 438.0, 27.0, 11.0, 0.0, 0.0]","[33416.67867029203, 4088.6564199609975, 444.33894977994925, 30.319512778630234, 8.132129546709116, 0.634815507977738, 0.18309205478960475]","[60268143.71851043, 7371505.319502015, 801398.2149790955, 54602.55573558022, 14703.79746385672, 1201.3672567911253, 338.3886205076986]",194380.2
2025-11-03_2025-11-09,60985.16687268496,"[34468.0, 4003.0, 450.0, 31.0, 9.0, 0.0, 2.0]","[34215.95410285327, 4069.8074423927883, 431.8546851798126, 28.672861201987, 7.257897888279425, 0.5257233885601194, 0.20381229909768647]","[60702755.03195764, 7220584.315587921, 766898.9985897866, 51099.12007578368, 12937.162383204351, 949.3288848158418, 348.78063082539245]",201246.8
2025-11-10_2025-11-16,60992.16688125008,"[34760.0, 3898.0, 399.0, 21.0, 7.0, 1.0, 0.0]","[34955.730263232086, 3980.739264163096, 390.0633539961074, 24.506477254320142, 5.859284944945224, 0.43963024649180626, 0.20057469027232003]","[62343414.63883838, 7093792.972000276, 695567.006755414, 43726.42382469165, 10487.251017850942, 804.3195928952208, 360.89902410741144]",202737.5
2025-11-17_2025-11-23,60999.16677222219,"[35194.0, 4085.0, 365.0, 20.0, 4.0, 1.0, 0.0]","[35300.44618166551, 4029.9008902998007, 402.3498404283862, 25.346604014976638, 6.136279581628111, 0.6121226124588223, 0.18876624029686406]","[62574505.18012137, 7148618.596767909, 715297.1329234997, 45210.81928595078, 10907.461874005785, 1112.0287733951373, 337.76622755871597]",204367.7
2025-11-24_2025-11-30,61006.16708518481,"[35246.0, 4074.0, 448.0, 30.0, 12.0, 0.0, 0.0]","[35268.43390754366, 4092.27394314229, 415.63465929902173, 26.53126296099346, 7.070621190519074, 0.5735568457137405, 0.13960050590739076]","[63231393.04389417, 7334650.865155495, 745234.7966117671, 47503.74229977257, 12659.446360198835, 1065.1658815290623, 254.01305348963422]",204422.8
2025-12-01_2025-12-07,61013.16692442136,"[35906.0, 4124.0, 441.0, 31.0, 6.0, 1.0, 0.0]","[35950.300205801126, 4160.269947600572, 424.33894546332294, 26.89471749116427, 6.984667996949105, 0.5666763122640086, 0.17364354345284005]","[64395405.378060974, 7451774.452994946, 760658.1333314108, 48031.0631615924, 12530.328894537462, 995.7691515856587, 311.62014148222295]",204451.0
2025-12-08_2025-12-14,61020.16679918961,"[36324.0, 4114.0, 436.0, 32.0, 9.0, 1.0, 0.0]","[35885.04807007042, 4170.690235329549, 427.7402612413367, 27.537452589160573, 7.042536661830749, 0.6740680947029402, 0.13928268525098586]","[64201319.60444422, 7464572.588328576, 766450.2942977935, 49403.10100663163, 12605.110865308281, 1167.5387725526598, 253.25434065482443]",204367.4
2025-12-15_2025-12-21,61027.16697870383,"[36124.0, 4210.0, 398.0, 29.0, 8.0, 1.0, 1.0]","[35856.973361887474, 4181.116594477229, 433.2529369038041, 28.683607669048207, 7.209420011038624, 0.44141589256857894, 0.16206659330082804]","[63724500.496561885, 7427763.648044893, 770290.5462647962, 51094.439750301644, 12859.029963434768, 821.1919615813218, 323.62494952937504]",203220.9
2025-12-22_2025-12-28,61034.16675069425,"[21374.0, 2608.0, 277.0, 19.0, 0.0, 0.0, 0.0]","[21439.91917101434, 2520.2494330924856, 259.8612763930251, 16.593433711464108, 4.145277853995516, 0.28173389741478955, 0.10602407735924875]","[38099257.20296171, 4479626.432715681, 462138.93243507895, 29600.98452342127, 7432.0403550558485, 516.3825357358166, 190.3759343630296]",128366.3
2025-12-29_2026-01-04,61041.16678518496,"[36642.0, 4369.0, 485.0, 50.0, 8.0, 2.0, 0.0]","[36584.69013566476, 4418.282994086661, 472.35434899747526, 31.521880779821814, 8.546879406402486, 0.8008397215348786, 0.1349395350661969]","[64894105.564822994, 7837686.196728896, 839753.3393898318, 56136.496619481055, 15123.823703678432, 1450.9821525590303, 257.3233970581375]",202305.8
2026-01-05_2026-01-11,61048.1668094906,"[31355.0, 3782.0, 391.0, 27.0, 12.0, 0.0, 0.0]","[31346.033472445386, 3827.081012152828, 411.7670937044768, 28.60903009187636, 7.282150396116935, 0.5817084037635154, 0.18888166725926125]","[55320077.58168517, 6758424.962160725, 728647.5630601262, 50627.37851302044, 12862.171673820985, 1017.2351214137333, 303.74377680644454]",176982.4
2026-01-12_2026-01-18,61055.16681574068,"[36123.0, 4510.0, 462.0, 36.0, 5.0, 2.0, 0.0]","[36181.488419889116, 4388.050899040513, 473.69174220167747, 30.85018447578677, 7.977465323363397, 0.6756414612282872, 0.12080566604641885]","[64101324.3999415, 7783536.084434434, 841769.5950303269, 54864.99846247555, 14236.542238880274, 1205.2435333576439, 232.53743961307268]",202281.8
2026-01-19_2026-01-25,61062.16678483808,"[36710.0, 4462.0, 468.0, 25.0, 7.0, 0.0, 0.0]","[36537.76995872332, 4415.598985242464, 467.2634102272065, 32.60364079662898, 7.6070221437297, 0.6020225988520563, 0.2145021711062266]","[64254589.65595087, 7771820.210290727, 824250.99276718, 57403.56259379127, 13377.041917224291, 1070.6273988322573, 365.1550728015384]",201116.8
2026-01-26_2026-02-01,61069.16677719957,"[36266.0, 4372.0, 490.0, 31.0, 7.0, 1.0, 0.0]","[36140.8394465853, 4365.50246505998, 469.6229641538543, 31.978478303029814, 8.181969922343463, 0.6865224070003162, 0.20162818591617832]","[63953871.56974412, 7734232.233001938, 833214.3455827063, 56832.37192915162, 14621.50211246536, 1250.190537008915, 364.6082809599492]",202991.4
2026-02-02_2026-02-08,61076.16705497642,"[34821.0, 4307.0, 467.0, 31.0, 12.0, 2.0, 1.0]","[34642.755040676915, 4214.579502437501, 454.70074679382424, 31.170180757075826, 8.425148914623728, 0.6842435162271795, 0.21258118454235742]","[59876453.464378186, 7291241.955957501, 787317.7407801442, 54048.999178031685, 14744.712836517447, 1219.3187115038836, 379.6512868132804]",197533.4
2026-02-09_2026-02-15,61083.16677974512,"[30953.0, 3867.0, 393.0, 29.0, 6.0, 0.0, 0.0]","[31065.808126268967, 3726.6998359196464, 397.713440721349, 25.99718088321511, 6.347691506262459, 0.4988848298744572, 0.12787554338841678]","[54925380.6638732, 6595359.042981267, 704455.9643222217, 46013.005606814426, 11324.793533732094, 873.1581043448242, 253.57484791811396]",180726.3
2026-02-16_2026-02-22,61090.16656608831,"[29579.0, 3565.0, 390.0, 22.0, 2.0, 0.0, 0.0]","[29364.96576874237, 3525.2672286561988, 374.32206786226953, 24.88624421927542, 6.193654655125654, 0.4202146737596997, 0.10237250460003273]","[50610533.62435156, 6080897.833456002, 645616.9207790352, 43043.032986196566, 10701.555333991184, 766.7292656524078, 179.8504828773042]",172728.8
2026-02-23_2026-03-01,61097.166678703776,"[35084.0, 4296.0, 409.0, 22.0, 12.0, 0.0, 0.0]","[34987.5434589572, 4204.467173845835, 444.06571086979056, 29.495641549732827, 7.2137922187824355, 0.5438012508244033, 0.13079018372362314]","[59797018.623644695, 7202577.42256847, 763164.599674467, 50539.28319226855, 12371.007365807722, 958.8936511519705, 223.56009129487535]",191330.1
2026-03-02_2026-03-08,61104.16654675924,"[35356.0, 4366.0, 455.0, 24.0, 6.0, 0.0, 0.0]","[35425.92052046919, 4307.731936654514, 459.3469041377169, 30.524036158970148, 7.713968771837932, 0.5407978968856979, 0.13175338898356]","[63732170.23688429, 7741617.417810687, 826497.9920835453, 54881.072753486675, 13814.410550481643, 948.0373478705695, 236.4229425119926]",203789.3
2026-03-09_2026-03-15,61111.1666612272,"[34583.0, 4194.0, 432.0, 27.0, 8.0, 1.0, 0.0]","[34513.77274757539, 4198.847126348154, 452.665047843705, 29.538203873121887, 7.500378810090256, 0.5895838563280134, 0.2014994764023892]","[62244732.23760731, 7565519.384761928, 814573.3387715754, 53114.23810359822, 13479.258991869077, 1059.0927085788012, 321.7078797538198]",204402.9
2026-03-16_2026-03-22,61118.16672777723,"[34244.0, 4121.0, 440.0, 27.0, 10.0, 0.0, 1.0]","[34144.87104914302, 4141.97459622687, 436.69452128019856, 28.801584473910474, 7.335872653685335, 0.4703012030339343, 0.19843310047626092]","[61289954.6557762, 7434652.255302745, 783177.7762922911, 51608.197715802446, 13147.565954838576, 856.7229860331757, 320.8747069872138]",202507.0
2026-03-23_2026-03-29,61125.16668842604,"[35986.0, 4411.0, 514.0, 33.0, 8.0, 0.0, 0.0]","[35630.018123127404, 4354.0554467534275, 467.4051951469042, 30.948612078510205, 7.932873625241792, 0.6474561750769277, 0.1706194727541619]","[64356572.971577875, 7863588.531852673, 844296.0553372824, 55841.78970963816, 14342.837695869519, 1231.4385581966826, 322.79741725886527]",204344.5
