# ra : 356.75, dec : 51.75
# nhits : [0, 1, 2, 3, 4, 5, 6]
# delta : [0.89, 0.662, 0.498, 0.398, 0.332, 0.263, 0.196]
# max_zen : 50.0
name,mjd,n_on,n_bkg,n_off,tobs
2021-03-08_2021-03-14,59284.33328206009,"[13811.0, 1822.0, 185.0, 12.0, 2.0, 1.0, 0.0]","[13588.866531709828, 1836.3922302001463, 187.5881157559981, 12.61566249630334, 2.9084463915120544, 0.14937749390983537, 0.06194541901779216]","[406877508.5308323, 55153750.91509404, 5649289.968107667, 378305.71666626603, 86224.70821638303, 4367.423117497395, 1598.942120904913]",125129.6
2021-03-15_2021-03-21,59291.16655543972,"[7413.0, 967.0, 116.0, 7.0, 3.0, 0.0, 0.0]","[7460.1682757631925, 1000.4138766129208, 99.91642999969282, 6.16295198076209, 1.7303728349798622, 0.07401174841813771, 0.026309665488097194]","[235701296.8098029, 31629617.3943632, 3158519.4611028573, 194877.82806236748, 54648.31966309801, 2347.2260056978444, 1012.3044245482848]",63687.1
2021-03-22_2021-03-28,59298.16639849528,"[13455.0, 1788.0, 193.0, 14.0, 2.0, 0.0, 0.0]","[13358.093329994941, 1788.308158661579, 180.0552227617153, 11.523948724691847, 2.7441845032049694, 0.18680043896286624, 0.06606373644120923]","[392782909.834735, 52587083.62620018, 5282825.85520857, 337332.0382869026, 81151.90955278004, 6267.668817852217, 2059.282616979801]",112632.9
2021-03-29_2021-04-04,59305.16613796316,"[14969.0, 2055.0, 229.0, 14.0, 5.0, 0.0, 0.0]","[15036.239123878933, 2025.8338227084241, 204.43553003146437, 13.307513110759016, 3.612344115299984, 0.20801493835873058, 0.0875047737546274]","[447271632.1430509, 60136016.48378663, 6069864.429804878, 394299.9933966465, 107700.23176078066, 5990.726823827294, 2985.529122192291]",118079.4
2021-04-05_2021-04-11,59312.16602650478,"[18083.0, 2442.0, 282.0, 20.0, 6.0, 1.0, 0.0]","[18192.782540360695, 2458.132501345553, 249.52638335188308, 16.63793383530532, 4.260052537736836, 0.2807580464830068, 0.10744104308980337]","[591010634.9090282, 79774540.91433944, 8088642.637713409, 539263.2177511347, 137191.6465463202, 9350.648415607273, 3246.266879578481]",163401.0
2021-04-12_2021-04-18,59318.83206319419,"[7176.0, 931.0, 113.0, 6.0, 1.0, 0.0, 0.0]","[7119.622425032595, 920.304956026482, 89.91679659662603, 6.287747991923561, 1.4705369895276297, 0.12279041763632474, 0.03611421413368825]","[201656751.695931, 26072604.619790014, 2554839.675557611, 178683.63524396505, 41808.01604555686, 3224.034439455555, 1238.0218073663823]",61289.4
2021-04-19_2021-04-25,59326.32490347181,"[15893.0, 2227.0, 226.0, 18.0, 6.0, 0.0, 0.0]","[16110.744481468659, 2150.6355574489808, 218.62136992600378, 14.18455005060777, 3.248979775780395, 0.2055721492960208, 0.0921696806287678]","[500612852.9986397, 66713544.9587472, 6756727.456733182, 436619.835999198, 100248.2777689228, 6952.217920211336, 2782.4234320192922]",148259.1
2021-04-26_2021-05-02,59333.15840833324,"[21584.0, 2933.0, 311.0, 18.0, 4.0, 0.0, 0.0]","[21660.113690959657, 2882.5438580173463, 287.5257803247979, 19.521780889497478, 5.084834590408689, 0.3341973391512441, 0.0941164899074925]","[723782870.4082943, 96272012.55993736, 9588462.468462853, 651431.1970435586, 167835.76790782274, 11380.823692844924, 3117.92524332735]",196976.4
2021-05-03_2021-05-09,59340.166622916775,"[22766.0, 2900.0, 299.0, 19.0, 5.0, 0.0, 0.0]","[22703.637754699423, 2934.327416606114, 285.74724498710344, 18.576731185238028, 5.025601284842551, 0.31258274195707575, 0.10237407236101156]","[773621674.6897836, 99931448.72625542, 9707145.271000465, 629255.7851239525, 168901.34134712882, 10193.770880280255, 3428.6680270536413]",194912.8
2021-05-10_2021-05-16,59347.16690069436,"[23683.0, 3153.0, 319.0, 14.0, 10.0, 0.0, 0.0]","[23947.377924017725, 3094.554753318699, 299.5203341944782, 19.692505717938968, 5.140712229316061, 0.28819652366196713, 0.1679909477034579]","[828011414.5976355, 106939612.3948756, 10340076.279552924, 679164.5192164577, 177235.00736157055, 10439.038064801254, 6376.350250113906]",205912.8
2021-05-17_2021-05-23,59354.16703310164,"[16237.0, 2200.0, 233.0, 17.0, 4.0, 0.0, 0.0]","[16304.39139265705, 2176.1939702772775, 210.63545566248598, 13.760971770267483, 3.338301615746207, 0.19873034655858446, 0.07792337597141262]","[524997469.9688372, 70064798.44522765, 6781283.023469875, 441914.09656154463, 106443.8182191911, 6804.005692335179, 2215.7391836375346]",160149.8
2021-05-24_2021-05-30,59361.16682986069,"[18526.0, 2483.0, 247.0, 18.0, 7.0, 1.0, 0.0]","[18392.27401566865, 2427.402040087839, 235.5394479639196, 15.04951124680322, 4.001158042876168, 0.23795890361167202, 0.09798694583220842]","[603772473.6957802, 79427585.86859445, 7692546.2785211485, 492653.2261904949, 129641.18016134154, 7627.125256112694, 3539.5116710834013]",179855.3
2021-05-31_2021-06-06,59368.16688032413,"[22778.0, 2939.0, 284.0, 18.0, 6.0, 0.0, 0.0]","[22650.451602178124, 2977.618240305643, 281.19286581123833, 17.850460429595028, 4.786001450239977, 0.2897328295742047, 0.07024645606277777]","[772561865.671538, 101518820.83122212, 9578405.39127372, 609662.672752349, 162997.5748062732, 9777.001115383839, 2561.008915234929]",200851.5
2021-06-07_2021-06-13,59375.16701273163,"[22982.0, 3001.0, 281.0, 23.0, 5.0, 0.0, 0.0]","[22873.243300162223, 3023.3538435344994, 294.6131500366439, 18.94389342221683, 4.864266977835913, 0.35774545405737257, 0.14556372991357086]","[790939976.4242842, 104521869.29256006, 10180361.35186196, 654122.086099738, 167922.93427930315, 11927.73740426507, 5154.574115320034]",206121.9
2021-06-14_2021-06-20,59382.16671944457,"[21401.0, 2788.0, 262.0, 17.0, 5.0, 0.0, 0.0]","[21619.288406978674, 2812.8028726274197, 265.06992999436244, 16.92344297384318, 3.879459661426012, 0.27625514562034337, 0.1403694769206435]","[738201658.8410634, 96053487.17285839, 9040359.839148887, 576646.6116833544, 133958.00414854017, 9505.454556090717, 4489.543535879244]",190363.8
2021-06-21_2021-06-27,59389.16656782394,"[22137.0, 2905.0, 277.0, 27.0, 6.0, 0.0, 0.0]","[21929.912829127526, 2860.116868930189, 271.1325972931315, 17.083638537247737, 4.064611518017792, 0.22781188067942892, 0.06819866831575377]","[733069676.3949375, 95546156.7120418, 9050348.976045704, 567298.7355194548, 134599.11069664513, 7274.276248585824, 2315.3908239750676]",190015.9
2021-06-28_2021-07-04,59396.16681620365,"[23158.0, 3081.0, 294.0, 32.0, 5.0, 2.0, 0.0]","[23087.11237396606, 3024.2391067417957, 287.2025378259332, 18.285045996593414, 4.701192577208159, 0.3335913331304672, 0.08348920407661413]","[780044302.9722407, 102190968.39497592, 9694216.08872072, 615970.4489048464, 157257.0784799404, 11266.008241453002, 3134.3836167156414]",203229.4
2021-07-05_2021-07-11,59403.16680162038,"[22533.0, 2978.0, 298.0, 21.0, 6.0, 0.0, 0.0]","[22654.94012062213, 2968.825510700621, 287.4577472442624, 18.998221494416228, 4.6988795524374085, 0.23177110862315853, 0.08520740702850972]","[778406804.2974759, 102023781.83356825, 9876684.087878551, 652990.3467008455, 161376.52721283963, 8034.9187055287985, 2827.3686170836813]",198463.3
2021-07-12_2021-07-18,59410.16673958351,"[22456.0, 2909.0, 293.0, 21.0, 3.0, 0.0, 0.0]","[22335.42932315633, 2915.917318599759, 283.87146109295634, 17.84921534523767, 4.454210013612479, 0.3089929830078103, 0.10477535366492147]","[763614252.8094151, 99655908.41178738, 9688441.085802792, 609330.8328971395, 152021.9603908171, 10002.975370114358, 3401.9117790779433]",196753.3
2021-07-19_2021-07-25,59417.16679537053,"[21858.0, 2888.0, 263.0, 21.0, 5.0, 0.0, 0.0]","[21756.672481612455, 2832.4103331949455, 274.1672363506362, 16.867622961293765, 4.50862808698777, 0.2232279460998097, 0.07929040272700803]","[702773565.6536846, 91164701.36020528, 8825500.00039485, 545071.4476453252, 143925.10865114385, 7549.248557341917, 2441.570515503014]",187680.3
2021-07-26_2021-08-01,59424.16695729188,"[9456.0, 1252.0, 108.0, 8.0, 0.0, 0.0, 0.0]","[9557.271218331822, 1212.4582454714507, 117.2536089920484, 7.7357111989420195, 1.8603385762652367, 0.13498222468881294, 0.05219621772931954]","[309520637.96825546, 39229614.492750145, 3787527.7638483928, 249243.40006643147, 60102.17331079277, 3807.94756499082, 1685.6955813721845]",79342.4
2021-08-02_2021-08-08,59431.16673773149,"[20006.0, 2629.0, 261.0, 18.0, 3.0, 1.0, 0.0]","[19969.078933207446, 2621.023923891971, 249.7748062306773, 16.047160719764097, 4.0408938565733745, 0.26693384475883764, 0.07532146923643677]","[688479650.6590161, 90357854.4580713, 8600674.792589774, 552612.3649177536, 139374.98548448752, 9630.082488939446, 2832.170385704889]",177940.8
2021-08-09_2021-08-15,59438.16700601812,"[23316.0, 3044.0, 295.0, 25.0, 5.0, 0.0, 0.0]","[23314.859509399303, 3046.151787372424, 291.3633821512043, 19.177587542478218, 4.736319879139575, 0.2463156698869182, 0.07375662905104742]","[800712444.5948654, 104534766.32893041, 9997008.052125758, 655369.7942787411, 162680.99474649996, 8144.057414084056, 2787.4401518660216]",206285.6
2021-08-16_2021-08-22,59445.16691111219,"[23376.0, 3066.0, 294.0, 19.0, 2.0, 1.0, 0.0]","[23234.449419510143, 3065.0705880572277, 291.8190021491156, 18.265221396430448, 4.773156355772349, 0.2947422338869175, 0.12503363064366274]","[799778085.1869998, 105495724.5239678, 10041214.702230228, 627986.3732720484, 163136.84132590593, 9847.344228027892, 4426.324347263748]",207654.7
2021-08-23_2021-08-29,59452.16672245379,"[23595.0, 2997.0, 286.0, 16.0, 10.0, 1.0, 0.0]","[23264.281000062143, 3066.0952050048054, 294.129333585399, 19.24186350294235, 4.66285708587065, 0.29745770970120944, 0.09704983640879604]","[791866871.8391918, 104051326.94675739, 9988022.551483706, 651513.5355617732, 158282.98784183228, 9772.59927202154, 2935.755878127599]",201294.5
2021-08-30_2021-09-05,59459.16678854192,"[23196.0, 3055.0, 297.0, 15.0, 5.0, 0.0, 0.0]","[23219.06793016868, 3054.322728838076, 293.8848219179171, 18.526346992883987, 4.866886285217044, 0.2935867064743854, 0.11559711871941067]","[792712448.9619151, 104107571.47617571, 9988476.921058062, 625902.3571638111, 164631.7488441421, 9121.625631651588, 4063.0319068098643]",207679.5
2021-09-06_2021-09-12,59466.167044907554,"[22669.0, 2953.0, 277.0, 27.0, 10.0, 0.0, 0.0]","[22550.8132243977, 2971.608739477066, 287.7470361931946, 18.172634007477345, 4.83707079872061, 0.27639853919383556, 0.10115756119118911]","[758609947.1957287, 99863416.90261766, 9655765.285850877, 607909.1044297112, 161560.86834372068, 9560.398411398803, 3617.029161183955]",203539.9
2021-09-13_2021-09-19,59473.16697187504,"[22682.0, 2897.0, 286.0, 30.0, 4.0, 0.0, 0.0]","[22818.795716927503, 2950.1567651608916, 286.45930764662774, 18.24971195516931, 4.593014573577436, 0.2062180471771061, 0.12375429773819722]","[749262762.4971735, 96806365.0866364, 9396459.907307386, 600344.6804918763, 149846.6114966615, 6577.807964532558, 3927.7202275685313]",199910.8
2021-09-20_2021-09-26,59480.166958217735,"[21373.0, 2780.0, 264.0, 25.0, 7.0, 0.0, 0.0]","[21269.7307637868, 2801.921329745362, 274.4617550988828, 17.8671259529866, 4.9787659892420315, 0.3806454686948304, 0.08398131637269847]","[691107141.607, 90963242.47663265, 8908440.512554597, 582439.6574360282, 161899.11381217392, 12466.929941709144, 2685.2176131921638]",183228.3
2021-09-27_2021-10-03,59487.24986284722,"[19902.0, 2663.0, 277.0, 19.0, 4.0, 1.0, 0.0]","[19927.432924843928, 2633.4935709289102, 258.3680240812961, 17.352516457806303, 4.248486408242068, 0.31160945216543706, 0.12106946948741118]","[671257789.3231739, 88719205.97205344, 8703495.11092294, 584432.8330344189, 142620.80663868834, 9714.061568892399, 4282.367480340612]",182382.2
2021-10-04_2021-10-10,59494.25005740744,"[19811.0, 2551.0, 265.0, 16.0, 8.0, 1.0, 0.0]","[19679.55268867817, 2587.6596143402326, 255.65330783929758, 16.92478092988925, 4.131324736576769, 0.2999070040641527, 0.09417316634331593]","[674830619.2744554, 88730474.5623956, 8767885.305253625, 579265.4453489496, 141444.4511041274, 9885.947292124662, 3720.777690424854]",174684.4
2021-10-11_2021-10-17,59501.16663148133,"[22860.0, 3050.0, 285.0, 18.0, 7.0, 0.0, 0.0]","[22627.81244718441, 2982.003697712111, 292.6109939201053, 18.611268006148112, 5.055841161226062, 0.23909330922138852, 0.12548571561027558]","[768285958.8385462, 101202315.23315768, 9930513.102859946, 633167.8780484421, 169795.2147039839, 8004.032764561631, 3376.3301043172332]",203696.0
2021-10-18_2021-10-24,59508.16666423631,"[23063.0, 2987.0, 295.0, 28.0, 5.0, 0.0, 0.0]","[22804.900598592074, 3010.6784049634775, 294.36796899154734, 18.101798839570048, 4.783421474151474, 0.2693445175254852, 0.17645522008492673]","[767270398.0156395, 101309459.55208182, 9899773.376487998, 608014.2712024493, 160376.9265253592, 9143.447813274921, 5329.59859476757]",203183.5
2021-10-25_2021-10-31,59515.1669280092,"[23694.0, 3136.0, 295.0, 19.0, 6.0, 0.0, 0.0]","[23577.877456046317, 3131.005286327776, 308.7715700512972, 19.867048126776, 5.518665000197682, 0.33939575034982905, 0.10663944072547707]","[813738771.793125, 108048786.78858307, 10651725.60744651, 686548.0266749264, 190558.64290906818, 11827.284952489776, 3669.204100875441]",207691.2
2021-11-01_2021-11-07,59522.1668252314,"[23358.0, 3109.0, 304.0, 21.0, 3.0, 0.0, 0.0]","[23367.506981526698, 3102.418784834177, 304.4507077650264, 20.37498211600239, 5.4167268731940394, 0.28922057778535437, 0.11484650060685499]","[809793088.915596, 107479725.40591855, 10543081.643470582, 704529.3243055652, 187998.84522421076, 10214.832848945749, 3759.238669582897]",198862.2
2021-11-08_2021-11-14,59529.16671238424,"[24056.0, 3272.0, 288.0, 21.0, 5.0, 0.0, 0.0]","[23902.175646325533, 3191.8658672400925, 312.1794467806567, 20.594410436439798, 5.537143100918683, 0.2729211858481434, 0.14766446203699923]","[826332184.180957, 110346185.42627318, 10785135.438855235, 711428.4944100619, 190414.31881332942, 10031.845267757179, 5164.721102585246]",207665.6
2021-11-15_2021-11-21,59536.16684085637,"[21907.0, 2919.0, 299.0, 19.0, 3.0, 0.0, 0.0]","[21789.459279470488, 2896.9489075431156, 288.58152388860583, 18.64847887839362, 4.743861278446465, 0.30637727455354713, 0.11869324568025855]","[729925574.6261318, 96908089.68366553, 9651111.730859756, 621670.2897406233, 157864.9707441994, 10586.83330256614, 3722.5947639187293]",195753.4
2021-11-22_2021-11-28,59543.166822106185,"[23304.0, 3035.0, 304.0, 30.0, 7.0, 1.0, 0.0]","[23198.5686213027, 3098.0598308226745, 310.26025524995055, 21.025124042882027, 5.7125877281902895, 0.3992785998275764, 0.14490799968590956]","[802638737.3346065, 107143298.55702174, 10726427.823772242, 726027.50124116, 197406.83821863803, 13339.360715099, 4682.574074095809]",207781.9
2021-11-29_2021-12-05,59550.16697291678,"[21594.0, 2946.0, 296.0, 27.0, 4.0, 0.0, 0.0]","[21616.07981844934, 2876.9931575912237, 284.29898053272404, 18.15638737878985, 4.777400998859891, 0.2769123979926045, 0.09903897554117914]","[741631128.7019815, 98690759.2308729, 9750249.898501178, 623693.1622835894, 163696.41070923686, 9580.83960502715, 3313.198060710381]",193960.7
2021-12-06_2021-12-12,59557.16690509248,"[23708.0, 3229.0, 295.0, 28.0, 8.0, 1.0, 0.0]","[23704.991467083117, 3173.8540225917736, 314.86238635871433, 21.61958946535112, 5.383806844387667, 0.38038565360992344, 0.13779012031108387]","[806907597.7081201, 108021200.59719476, 10721069.285741076, 736686.0525656572, 182511.43859386657, 12404.300208381781, 4092.256894705051]",206503.3
2021-12-13_2021-12-19,59564.166788194445,"[22026.0, 2893.0, 295.0, 24.0, 6.0, 0.0, 0.0]","[21945.038385025906, 2922.8928134651237, 285.74884758401714, 18.175183602012876, 5.269243336486073, 0.2920859038733778, 0.08845689015383931]","[756853092.3955842, 100797497.12855099, 9852994.084087603, 626941.930731069, 182211.2711901034, 10393.079182341076, 3540.622642747302]",189039.8
2021-12-20_2021-12-26,59571.16683148157,"[24559.0, 3243.0, 344.0, 20.0, 2.0, 0.0, 0.0]","[24408.219386835397, 3241.2664581242375, 327.441000598546, 22.061596479365566, 5.832719681785085, 0.2678098276504313, 0.18140196818349916]","[841420262.2455853, 111756661.14171693, 11302770.79875451, 763469.6575179844, 201792.81877234968, 9406.15825206325, 6705.110245827733]",206030.9
2021-12-27_2022-01-02,59578.16677905083,"[20736.0, 2667.0, 306.0, 18.0, 10.0, 0.0, 0.0]","[20872.136124046083, 2763.2691946919394, 275.9468964008796, 17.569062123561544, 4.626766763620185, 0.33965455784312404, 0.09091875653835242]","[660096340.3145529, 87469576.52659012, 8743603.229663722, 564183.5272977119, 147612.98681307462, 10366.163122165917, 3203.8237142344137]",179744.7
2022-01-03_2022-01-09,59585.16683425926,"[24209.0, 3233.0, 338.0, 27.0, 9.0, 0.0, 0.0]","[24100.73243661954, 3195.6015737657563, 316.54680716022136, 21.329786623735526, 5.510052110523595, 0.3363203972883729, 0.13589299409768865]","[828605028.0777369, 109880616.59118246, 10893466.95156109, 734481.9657600924, 190626.68570568276, 11794.83692874031, 4172.767453920292]",206060.5
2022-01-10_2022-01-16,59592.16679201393,"[24537.0, 3339.0, 350.0, 17.0, 5.0, 0.0, 1.0]","[24413.274122014256, 3241.4606102437947, 319.41844931416387, 21.591926702259627, 5.69325323381964, 0.3683874527754039, 0.14915443964266614]","[838562350.3714818, 111374432.46950279, 10990701.695279445, 744700.4556963777, 196284.07617067557, 11679.673939614206, 5706.957521536601]",206180.1
2022-01-17_2022-01-23,59599.16700868019,"[21603.0, 2855.0, 287.0, 21.0, 8.0, 0.0, 0.0]","[21528.630999808505, 2844.3141130132585, 278.6939389645427, 18.513180636496514, 4.860904422605602, 0.33821018537914405, 0.0919637795407724]","[726240475.0139183, 95968991.16165057, 9418293.272284385, 627576.3757526538, 163833.4234296587, 11645.6571271716, 3182.3632701460438]",178067.9
2022-01-24_2022-01-30,59606.16685833294,"[24609.0, 3204.0, 326.0, 26.0, 7.0, 1.0, 0.0]","[24469.93141079412, 3218.2242514363857, 316.04453848546507, 20.982363149177512, 5.6754288682874545, 0.3873929884311642, 0.1048783429008733]","[826880459.481749, 108790651.91740118, 10701901.134481624, 712809.8289264663, 192580.6831579924, 12845.347318868464, 3480.112544436191]",201860.7
2022-01-31_2022-02-06,59613.16693032354,"[24974.0, 3319.0, 342.0, 24.0, 6.0, 0.0, 0.0]","[24524.726040697824, 3263.975726817459, 321.5632309640428, 22.00226941490066, 5.414496980135319, 0.3602788604229968, 0.1669724698576118]","[836125778.4848791, 111346454.89190969, 10990663.043026844, 751924.3386018826, 184574.77234924329, 11792.33080324946, 5518.241714247511]",204658.8
2022-02-07_2022-02-13,59620.16686990748,"[23169.0, 3074.0, 294.0, 17.0, 4.0, 0.0, 0.0]","[22936.318893547108, 3038.1723368673815, 304.2528035216484, 19.42849476201806, 4.872077233345028, 0.2563558870495181, 0.06358041768349584]","[786919665.6133801, 104290807.38512546, 10452876.656273687, 667921.452428033, 167486.5620580631, 8862.05116092584, 2148.220472148466]",191145.8
2022-02-14_2022-02-20,59627.16690486121,"[7150.0, 922.0, 103.0, 4.0, 1.0, 0.0, 0.0]","[7101.097338089164, 925.5156271625847, 90.1563488400122, 5.954439810463243, 1.4792556155167984, 0.058940547579727956, 0.029944301823024818]","[234039095.91837823, 30497143.93598212, 2973815.847098826, 196280.82765078667, 49365.69695982307, 2131.7893517452844, 811.8423324431416]",62337.1
2022-02-21_2022-02-27,59634.16683993064,"[15377.0, 1954.0, 212.0, 15.0, 2.0, 2.0, 0.0]","[15258.4313495485, 1996.1871833110847, 193.76674743342318, 13.527325714777872, 3.3359940651621165, 0.18725521949674062, 0.0584655252231205]","[505754445.9133927, 66172131.94988245, 6434937.767383492, 449111.6962775675, 111069.98920123764, 5602.0602679724425, 2161.715865728442]",139885.9
2022-02-28_2022-03-06,59641.166850115726,"[23391.0, 3086.0, 309.0, 28.0, 7.0, 1.0, 0.0]","[23625.72797566031, 3062.8239257937216, 294.63258998136877, 20.376921193291764, 5.18237412642195, 0.3413371480177062, 0.13186323486707463]","[799232205.2589328, 103742075.85847966, 9986893.894365957, 692736.8284222792, 177516.05519151056, 11960.536530653593, 4367.558587719912]",204450.0
2022-03-07_2022-03-13,59648.16671736075,"[20328.0, 2698.0, 234.0, 20.0, 7.0, 0.0, 0.0]","[20470.361100815186, 2622.7003612438216, 247.01208231784904, 16.144981452763755, 4.454445331749165, 0.27562041568968515, 0.0666360735209865]","[663976028.6340483, 85202224.55859913, 8045492.142336901, 528527.4812863662, 145717.6130522019, 9094.61921950961, 2065.803014871384]",184727.9
2022-03-14_2022-03-20,59655.16690104192,"[22175.0, 2709.0, 240.0, 13.0, 1.0, 0.0, 0.0]","[22094.173750869082, 2818.0586770536247, 259.33544165339987, 17.24475314323629, 4.641439604920237, 0.2365886618411168, 0.07042572686746494]","[747479450.2228001, 95410108.24174714, 8793269.253795728, 583977.1239532772, 156266.37520366465, 7798.268236818727, 2592.5055824014066]",199118.9
2022-03-21_2022-03-27,59662.16696226853,"[22269.0, 2802.0, 291.0, 16.0, 1.0, 1.0, 0.0]","[22461.179500278573, 2868.504875697326, 265.66048728184796, 16.626238222138173, 4.619540658144016, 0.3216919081718505, 0.12170230043178018]","[760091540.3162546, 97131162.25796577, 9004749.322784325, 562819.3481545637, 158453.01173457023, 10558.48621381449, 4126.113932993424]",200439.7
2022-03-28_2022-04-03,59669.166778935,"[18588.0, 2310.0, 222.0, 21.0, 2.0, 1.0, 0.0]","[18589.649620019834, 2355.222303037747, 221.79639006519673, 13.970926058011175, 4.007967530676341, 0.1896177006246436, 0.08453705733614685]","[642052007.3870938, 81357461.86362836, 7662616.12220359, 482501.28967862483, 137306.00393822615, 6552.009741446939, 3448.107892649246]",180911.0
2022-04-04_2022-04-10,59676.16661817132,"[13306.0, 1664.0, 158.0, 8.0, 3.0, 0.0, 0.0]","[13157.964480357274, 1637.644346754114, 149.74671932165654, 9.627774154620715, 2.7077496738393445, 0.1509186188470566, 0.028773410275746807]","[435565728.31824046, 54313659.12705497, 4966747.917611221, 317909.6062246002, 89943.63048424658, 5120.274542620598, 1199.4135118561462]",138803.7
2022-04-11_2022-04-17,59683.16650127327,"[21008.0, 2688.0, 258.0, 16.0, 9.0, 0.0, 0.0]","[20959.308203328554, 2621.452389927635, 240.5423148332023, 15.880063474167827, 4.126306879544259, 0.2594125706932427, 0.10238459007626857]","[721776377.6625282, 90322945.37299079, 8291441.080479435, 545416.1989646611, 142874.06528252864, 9191.806714895873, 3906.45374055186]",204256.5
2022-04-18_2022-04-24,59690.16679131911,"[17454.0, 2287.0, 259.0, 18.0, 13.0, 0.0, 0.0]","[17392.32245772779, 2212.6919040704433, 201.68149635650724, 13.161677871766537, 3.6141918835053954, 0.24525393808428267, 0.10015652326941694]","[592780084.5334054, 75452730.32876255, 6876460.766688464, 448163.70280868583, 122407.40491574552, 8916.273859043009, 2906.8990751649517]",168358.9
2022-04-25_2022-05-01,59697.16674571783,"[10097.0, 1421.0, 190.0, 21.0, 6.0, 3.0, 0.0]","[10133.088397255107, 1332.847789621068, 128.639624461196, 8.606839735040689, 2.2724121844963547, 0.16771538032181113, 0.055479536489431464]","[346013834.0818418, 45439013.99685481, 4369317.889622433, 292818.0472078303, 77555.33538965195, 5056.8045427389325, 1910.2858807737236]",108240.3
2022-05-02_2022-05-08,59704.16650463019,"[20434.0, 2794.0, 286.0, 30.0, 16.0, 0.0, 0.0]","[20373.13900107894, 2753.5912966437504, 271.38495259816665, 18.180705262005176, 4.462838894181326, 0.2573708896169083, 0.1598165837839432]","[696741999.8305857, 94169079.51332825, 9278526.299790028, 620885.1240982234, 153945.50850953854, 7731.099369202268, 4985.8804907777285]",191302.2
2022-05-09_2022-05-15,59711.16671157407,"[19906.0, 2700.0, 288.0, 20.0, 5.0, 0.0, 0.0]","[19798.493638569387, 2663.0075725502165, 257.28724414776224, 15.925250985135257, 4.047816121751613, 0.21933542692388783, 0.08113826212562689]","[682382220.754515, 91731098.94618043, 8861622.601291299, 547853.2476156468, 138684.87286062696, 7115.494165683632, 2794.4449052977034]",184298.9
2022-05-16_2022-05-22,59718.16637986089,"[15259.0, 2143.0, 248.0, 29.0, 3.0, 0.0, 0.0]","[15060.946510726639, 2062.1502940626774, 205.09145159757063, 13.122476845976111, 3.2808620864697584, 0.15693965378308833, 0.08064165514124372]","[514956854.8752577, 70462749.59457141, 7000300.725493539, 447433.53980309324, 111803.04448440559, 5675.294415855153, 2681.4790450239566]",147056.9
2022-05-23_2022-05-29,59725.16671539346,"[19207.0, 2545.0, 270.0, 16.0, 6.0, 0.0, 0.0]","[19099.63314717972, 2553.4841377320317, 249.29831028599202, 15.664700387639307, 3.829863321972137, 0.2702772162470603, 0.11494284229060062]","[641967769.629581, 85798014.3893325, 8365804.046931551, 525210.915478239, 128194.44783874303, 8607.609238515328, 3476.898560393502]",173631.3
2022-05-30_2022-06-05,59732.16694317115,"[23117.0, 3131.0, 314.0, 24.0, 5.0, 1.0, 0.0]","[23091.50788553754, 3103.5781883247355, 299.46653786017674, 18.807006183532092, 3.948067045776867, 0.23318286655593912, 0.12587720225902616]","[797586023.3566234, 107183183.97329976, 10332276.309643662, 647454.0055831602, 134721.61738321075, 8466.588358349394, 3847.0298473390158]",205523.1
2022-06-06_2022-06-12,59739.16687361122,"[22898.0, 3163.0, 332.0, 27.0, 3.0, 0.0, 0.0]","[22935.852547767226, 3102.3451327079056, 304.9623526762769, 18.760165389189627, 4.834810033998649, 0.29442860184567454, 0.12615654763602105]","[791561168.1280628, 107004634.66034138, 10500988.184339589, 644588.1057302231, 165251.85958693712, 9962.335076031202, 4226.82889634942]",206213.0
2022-06-13_2022-06-19,59746.1670091434,"[23028.0, 3113.0, 319.0, 21.0, 8.0, 0.0, 0.0]","[22995.575970314603, 3128.6887217016583, 306.6415695938531, 19.561973832663206, 4.873441905541352, 0.22878410989297399, 0.12527537774590763]","[787380728.5035733, 107044548.28847645, 10488180.01321155, 667210.6469623734, 165769.8319420182, 8223.617283076635, 4155.321408209985]",205101.3
2022-06-20_2022-06-26,59753.167018634485,"[17022.0, 2283.0, 217.0, 14.0, 6.0, 1.0, 0.0]","[17011.98248563191, 2263.700898264936, 221.05263342342613, 13.000406704823567, 3.0347943756432754, 0.2060403275059339, 0.09300933141325318]","[555842110.1365757, 74050031.92301992, 7230649.438646537, 426815.4438227221, 99660.49614655902, 6200.48766299267, 2827.4540352554545]",146532.9
2022-06-27_2022-07-03,59760.16680532409,"[16499.0, 2263.0, 194.0, 18.0, 5.0, 0.0, 0.0]","[16563.476436957455, 2196.1348934146604, 212.01449042855097, 13.006225264978413, 3.0744458614835435, 0.1504665059471979, 0.08084479809431878]","[510303450.8837997, 67602741.40950754, 6522507.285062876, 400677.8513912403, 94772.41424047091, 4690.328614756144, 2199.033877100569]",141379.8
2022-07-04_2022-07-10,59767.16666122664,"[22736.0, 3063.0, 322.0, 17.0, 2.0, 0.0, 0.0]","[22578.742555298446, 3065.8959306144952, 302.43448309173135, 19.478892906758357, 4.719338070357254, 0.38470434876801474, 0.11698085386294338]","[753468437.9688897, 102314363.96333374, 10085654.478566958, 648596.5981887248, 157645.231035962, 12460.265116539227, 4199.677803903273]",203135.2
2022-07-11_2022-07-17,59774.16690879582,"[22990.0, 3194.0, 343.0, 14.0, 3.0, 1.0, 0.0]","[22909.776125084834, 3100.6310031362077, 308.51102133300816, 19.01301810414215, 4.7639048731692, 0.2414813486326629, 0.11294703849795655]","[778766288.7699399, 105365167.56568606, 10479023.568867972, 645420.0246568373, 160705.41238237216, 8818.598944978374, 4229.420380013339]",206002.5
2022-07-18_2022-07-24,59781.1668662036,"[22663.0, 3023.0, 282.0, 14.0, 3.0, 1.0, 0.0]","[22608.851327970973, 3051.2814195583455, 296.7643262365472, 18.776080182050553, 4.459673253682615, 0.20163761389208312, 0.17483035690572177]","[769396017.619, 103765703.01977153, 10086551.894502044, 637865.1874578258, 151376.89026364218, 6628.065158959741, 6080.95566463395]",203713.3
2022-07-25_2022-07-31,59788.16675636565,"[22814.0, 3099.0, 294.0, 23.0, 8.0, 0.0, 0.0]","[22603.414106239394, 3043.9087513659188, 299.6780621503334, 20.152729802077396, 4.506737639838472, 0.26225660741999945, 0.07691865039544792]","[771043595.0332471, 103806760.0296045, 10215941.007212782, 688136.619955342, 153679.17011022574, 9763.135182347252, 2615.55965932865]",205985.6
2022-08-01_2022-08-07,59795.16681076432,"[20921.0, 2801.0, 288.0, 20.0, 4.0, 0.0, 0.0]","[21093.415469699416, 2837.6215482457155, 279.42665025863033, 18.6654814441672, 4.0247231855388375, 0.21014752180602572, 0.1368663979991684]","[727241813.8146783, 97812996.88119663, 9635455.056000276, 644292.7690349391, 138854.91746620706, 7904.333813710186, 4284.562193475428]",192065.0
2022-08-08_2022-08-14,59802.166529745205,"[22861.0, 3068.0, 298.0, 22.0, 8.0, 1.0, 0.0]","[22713.250815975804, 3065.8674310172114, 299.47608396906014, 18.933882140293935, 4.450865811890055, 0.3040387335176256, 0.12306121978141663]","[774981002.194577, 104546172.0887572, 10202283.817777751, 644062.547274283, 151154.67727739332, 9952.04846597078, 3988.298575948443]",207794.6
2022-08-15_2022-08-21,59809.16680590272,"[23027.0, 3087.0, 323.0, 25.0, 8.0, 1.0, 0.0]","[22738.29329902812, 3072.271748261869, 301.90862527378926, 18.84432206240216, 4.686077397676717, 0.2976650938547942, 0.10729502816326483]","[781036452.4760932, 105457611.86526315, 10354663.569793109, 647384.6760751125, 162385.9186142322, 10226.588825136052, 3536.5954766121704]",207795.5
2022-08-22_2022-08-28,59816.16690625,"[22672.0, 2997.0, 291.0, 16.0, 9.0, 0.0, 0.0]","[22711.069315090575, 3014.9169268914284, 293.002467164214, 19.271469300359435, 4.475715642850304, 0.2623194383650855, 0.06967424660638262]","[776493351.6455612, 103053554.4120197, 10009806.81613747, 658110.932458394, 154467.05358251394, 8969.14516122182, 2995.428601239142]",206326.7
2022-08-29_2022-09-04,59823.14737326394,"[22482.0, 2996.0, 286.0, 18.0, 1.0, 0.0, 0.0]","[22687.4910741716, 3036.2675202760006, 291.7839180491849, 18.26790796498191, 4.267079611679024, 0.3095322298392864, 0.14406069602308627]","[779121217.7355355, 104148357.35289891, 9985331.544649923, 624565.1596367479, 145740.489146113, 10237.125952804663, 4775.291524863279]",204385.3
2022-09-05_2022-09-11,59830.14744907413,"[20672.0, 2787.0, 290.0, 15.0, 7.0, 0.0, 0.0]","[20743.91941752119, 2813.934316325527, 279.9067630504519, 18.36461584961258, 4.553253602691617, 0.27073199588096575, 0.1445726627750859]","[701407063.7467519, 95173563.16192217, 9470841.195766855, 622010.6474999816, 154452.97682878646, 9059.964501461624, 5347.564153356418]",194328.9
2022-09-12_2022-09-18,59837.1668284719,"[19894.0, 2652.0, 251.0, 23.0, 3.0, 0.0, 2.0]","[19941.71887489612, 2714.1662890907423, 271.21663813134, 17.992546482205324, 4.341523385934461, 0.2877082555807651, 0.1227510834329865]","[680806809.0003557, 92520992.30285402, 9226276.355392924, 609256.4902411376, 147135.9688091294, 9762.705685375253, 4148.291737267613]",185017.0
2022-09-19_2022-09-25,59844.16651377377,"[22904.0, 3095.0, 282.0, 23.0, 7.0, 0.0, 0.0]","[22805.003428086435, 3091.1630544759782, 303.89736409462427, 19.5054526259229, 4.769646943679162, 0.19985226633682895, 0.11419066681334064]","[789437775.5754135, 107031789.91668083, 10519789.12744915, 675083.5262085486, 165948.63251470425, 7370.6774440807785, 3619.854358388239]",204028.1
2022-09-26_2022-10-02,59851.1669710641,"[22448.0, 3094.0, 321.0, 18.0, 7.0, 0.0, 0.0]","[22466.144005811755, 3011.6107109772543, 292.42048620376977, 18.592465658537492, 4.516388833559891, 0.19325008326826265, 0.09680059076111519]","[758608734.5631626, 101706959.22749385, 9877713.12706655, 629451.8659962376, 154514.96904834284, 6694.904997828014, 3197.1781169741475]",197522.2
2022-10-03_2022-10-09,59858.16684722263,"[22737.0, 3219.0, 323.0, 17.0, 6.0, 2.0, 1.0]","[22647.25051951263, 3063.526039983353, 300.35580610594184, 18.86130886911555, 4.915934937850716, 0.3034407851551814, 0.13838562304674457]","[785651991.185347, 106222315.23383568, 10408819.744062614, 651404.8999983687, 170852.6807195267, 10491.4647088419, 4969.940578277707]",207754.7
2022-10-10_2022-10-16,59865.16683425795,"[22440.0, 3083.0, 288.0, 18.0, 3.0, 0.0, 0.0]","[22693.387982415683, 3089.6104922947625, 305.96970177786096, 19.120949892377464, 4.779362784246864, 0.27652811213642836, 0.11845027358122462]","[779695502.5920789, 106116111.67682281, 10513956.572062748, 655309.9941789992, 162851.11696707676, 9675.473789268117, 3952.4683968661607]",203576.2
2022-10-17_2022-10-23,59871.978755787066,"[20286.0, 2751.0, 286.0, 22.0, 4.0, 0.0, 0.0]","[20266.685707816803, 2775.541134929811, 278.4811803102915, 18.0846188676203, 4.479891251158692, 0.2362289612444124, 0.14286980164872923]","[696795597.0648549, 95449499.74557273, 9574651.769875702, 621925.40259617, 154070.09195873392, 8802.887277680975, 4751.683384275119]",182749.6
2022-10-24_2022-10-30,59879.2502747682,"[21580.0, 2951.0, 314.0, 14.0, 4.0, 0.0, 2.0]","[21592.796731026447, 2962.8166398561757, 292.8844293547827, 18.8264096251693, 4.815638480130649, 0.3058323032421205, 0.1465821374769194]","[728836449.9598285, 100087364.3083532, 9902956.415605528, 636829.5464826345, 162541.23137123068, 9988.283556868202, 4520.41687450988]",189477.1
2022-10-31_2022-11-06,59886.16695219893,"[22789.0, 3136.0, 334.0, 33.0, 4.0, 0.0, 1.0]","[22669.16169565201, 3109.320370478474, 314.1631251217159, 20.714023709927485, 5.266165799192263, 0.34227241979159995, 0.10052133274663484]","[784624513.8222677, 107575838.77585116, 10862473.333560402, 717834.7675746812, 181451.3507249617, 11059.091843407912, 3651.429614216054]",207691.0
2022-11-07_2022-11-13,59893.16699583343,"[22866.0, 3108.0, 308.0, 20.0, 7.0, 0.0, 0.0]","[22930.678671728132, 3141.055395298805, 313.91083757266625, 21.003286835972958, 5.1268142392911775, 0.29316612213017357, 0.10906671509602552]","[793548058.0614816, 108667549.87875512, 10869206.778305525, 725883.4355721985, 176695.79701728307, 10144.23180911787, 3744.730826697363]",207807.8
2022-11-14_2022-11-20,59900.16687060168,"[23213.0, 3126.0, 336.0, 30.0, 4.0, 1.0, 0.0]","[23103.16409964653, 3149.661527537741, 315.2232173116698, 20.442780762730223, 5.052240638189475, 0.275924810135557, 0.13158251837553975]","[796601884.9304724, 108569012.20210516, 10858141.149764214, 707552.0020166849, 174153.1610673575, 9973.13473081601, 4478.08644125007]",206798.4
2022-11-21_2022-11-27,59907.16699351847,"[23370.0, 3290.0, 294.0, 23.0, 11.0, 1.0, 1.0]","[23221.738902316916, 3168.8460944279323, 316.4248375151167, 19.85607124168512, 5.603149032065806, 0.29170661434376033, 0.1132002829236999]","[802458648.3853345, 109438170.60720477, 10921410.125130894, 685326.48250671, 193588.58909024083, 10320.229378864999, 3980.317226108232]",207615.1
2022-11-28_2022-12-04,59914.166677777845,"[23316.0, 3161.0, 314.0, 29.0, 5.0, 0.0, 0.0]","[23229.630071953437, 3166.668708462701, 318.2095818817182, 20.818623909436727, 5.207927953142602, 0.29610921107966903, 0.09759070745062641]","[799175098.338681, 108903803.97681876, 10935331.978848668, 715745.189923127, 178430.25066212608, 9950.930972825965, 3226.669964184152]",206759.5
2022-12-05_2022-12-11,59921.166612731264,"[23621.0, 3193.0, 321.0, 24.0, 7.0, 2.0, 0.0]","[23653.01790787223, 3232.0140142265545, 323.04550602139346, 20.717537169393115, 5.023511929972196, 0.3457319681705302, 0.13122832333608042]","[806985269.5040998, 110288419.37289187, 11024913.955329757, 707179.6635073308, 171946.01776036355, 11175.579396909232, 4494.886831403854]",207183.3
2022-12-12_2022-12-18,59928.16688993055,"[23807.0, 3107.0, 327.0, 22.0, 8.0, 0.0, 0.0]","[23652.873754085533, 3230.863391654238, 323.38726330084955, 20.691446156337175, 5.7461673702104274, 0.35361852154177786, 0.11760948205678867]","[815330682.4756832, 111351849.85889402, 11138489.115849994, 714189.2509172024, 198244.99491139, 12007.671330865858, 4467.0836702932875]",206082.0
2022-12-19_2022-12-25,59935.16690578736,"[22697.0, 3083.0, 300.0, 21.0, 7.0, 0.0, 0.0]","[22383.162876529084, 3075.924933924205, 304.74282852880214, 20.436596490263664, 4.874001662859153, 0.27980347811311557, 0.07049651524238801]","[756511233.6338562, 103900842.52675344, 10300803.449602123, 693572.6319533117, 164383.4587339549, 9725.482686684487, 2599.0500634990613]",196110.3
2022-12-26_2023-01-01,59942.16682083384,"[21433.0, 3045.0, 292.0, 23.0, 0.0, 0.0, 0.0]","[21461.198001149496, 2954.418902214641, 298.1110616807651, 19.913585803496712, 5.155198182791893, 0.18005221742327848, 0.1010564044894396]","[703541373.3052212, 96837841.18750691, 9779391.13743876, 652321.9021054241, 169828.78724385207, 6315.970197018104, 3814.4583177007157]",185845.9
2023-01-02_2023-01-08,59949.16686342559,"[20285.0, 2808.0, 283.0, 26.0, 6.0, 0.0, 0.0]","[20303.856422007684, 2808.9315853892963, 283.9633981941281, 19.727447033307165, 4.858053039863526, 0.32107990603861564, 0.10380863502876445]","[694320469.3538742, 96078939.32821552, 9713809.298679987, 676151.319937381, 166043.5842440829, 11540.502189132138, 3317.0589907589556]",184790.5
2023-01-09_2023-01-15,59956.16683078704,"[24702.0, 3372.0, 325.0, 32.0, 2.0, 2.0, 0.0]","[24565.39075267032, 3358.695651370164, 334.07087631167315, 21.779991748163535, 5.478909001503572, 0.36364019294999284, 0.1307247844841819]","[842720539.1086123, 115297197.64132725, 11491979.218852391, 749192.2548937273, 188849.63387012028, 12166.211538627387, 4534.859683844516]",206078.3
2023-01-16_2023-01-22,59963.16676030106,"[24785.0, 3433.0, 335.0, 17.0, 11.0, 0.0, 0.0]","[24769.370299413527, 3400.424756583736, 340.49054313364417, 22.7787219569444, 5.6905641353433305, 0.39081910251217, 0.12979557760980856]","[850073099.1333973, 116786376.60513003, 11719990.166784061, 785505.2992608653, 196387.58652903407, 13825.869936265985, 4997.1572518224975]",206215.6
2023-01-23_2023-01-29,59970.16675717596,"[24132.0, 3278.0, 349.0, 20.0, 6.0, 0.0, 0.0]","[24118.224540912175, 3285.345893824301, 320.4018704570724, 20.404406738485832, 5.0168104297195875, 0.3057913175032134, 0.11949395630751095]","[825896333.5131612, 112584709.90954877, 10997784.179816546, 701474.2596584054, 172248.50032825442, 9942.099099940637, 3953.6875419431844]",206162.8
2023-01-30_2023-02-05,59977.16682650465,"[23474.0, 3222.0, 347.0, 20.0, 4.0, 1.0, 0.0]","[23646.21899955419, 3227.675538512163, 316.16036236498405, 20.093218670054956, 4.8731789737362785, 0.24763227629909, 0.08463422061923671]","[795082780.2169487, 108632599.72418958, 10665083.4579222, 681237.7173437746, 165982.57370769331, 9216.785834756254, 2676.3431847181264]",201334.0
2023-02-06_2023-02-12,59984.16681087963,"[24682.0, 3395.0, 335.0, 25.0, 2.0, 0.0, 0.0]","[24794.70610018243, 3382.7507501111286, 333.06631333943704, 21.731474427395348, 5.607315850436523, 0.4055620783385844, 0.14497136308305]","[850934197.9256245, 116190572.84582418, 11465542.992150415, 749941.5842384031, 193113.54200764003, 13829.02893328331, 5292.5084429011295]",205993.3
2023-02-13_2023-02-19,59991.166785648245,"[23140.0, 3193.0, 317.0, 20.0, 7.0, 0.0, 1.0]","[23225.801273309822, 3150.723649353217, 314.44228774675383, 20.986032433779055, 5.264598505169247, 0.2819851469478894, 0.10771080461353807]","[783044093.8291855, 106395534.73803316, 10643226.255942276, 712414.6326687936, 178392.06287392028, 9260.845337488032, 3568.5626433306415]",200831.8
2023-02-20_2023-02-26,59998.16684629615,"[23582.0, 3203.0, 325.0, 29.0, 3.0, 0.0, 1.0]","[23464.81801023277, 3212.2719871309305, 321.8674648433306, 21.357923755042364, 5.296114148236511, 0.2894665188314468, 0.07480982143850393]","[792543123.4880478, 108651023.04156575, 10896979.214138485, 724690.4211565364, 178339.6736313933, 9627.334589120326, 2425.4713332121096]",202363.5
2023-02-27_2023-03-05,60005.16687835648,"[12070.0, 1608.0, 166.0, 11.0, 1.0, 0.0, 0.0]","[11948.068760464697, 1614.100546522353, 156.82398636839355, 10.171134912618232, 2.349861711843362, 0.14232332778755816, 0.0491112903128147]","[376071040.5470579, 50959629.667624965, 4976781.312403226, 325531.58344212343, 73548.41209157137, 4614.190856095158, 1771.4038015841645]",106535.1
2023-03-06_2023-03-12,60012.16669861128,"[20089.0, 2800.0, 290.0, 15.0, 10.0, 1.0, 0.0]","[20151.943090076595, 2768.6229029250258, 277.23857740752766, 19.313356325143346, 5.01111011905269, 0.3684559011006402, 0.11885973695076105]","[669889678.2841885, 92062315.20596637, 9236744.384339526, 642747.922021729, 167554.29877783285, 12033.293538098718, 4068.1861617298237]",174771.5
2023-03-13_2023-03-19,60019.16670821783,"[23800.0, 3228.0, 306.0, 24.0, 6.0, 0.0, 0.0]","[23668.002551785303, 3257.4029280516074, 328.4579131850082, 22.36635375738168, 5.695421870283247, 0.2841880593323774, 0.10575962621233753]","[816259001.7351675, 112380838.51891328, 11331781.277032334, 774657.5027416361, 196386.41895049953, 9853.700977407758, 3709.25424821332]",205701.9
2023-03-20_2023-03-26,60026.16679004633,"[23681.0, 3364.0, 346.0, 20.0, 9.0, 0.0, 0.0]","[23681.63022303194, 3266.2519012196976, 325.59918608332623, 21.460467846136886, 5.623147477252673, 0.3895025382860162, 0.1346188032711731]","[797879283.1328834, 110105840.81409249, 10997794.29487908, 723251.6652762265, 188947.05679233716, 13298.269059857867, 4562.347872333512]",197995.7
2023-03-27_2023-04-02,60033.166902199344,"[24089.0, 3311.0, 335.0, 22.0, 10.0, 1.0, 0.0]","[24120.030426414738, 3315.7364808676903, 333.7593957763585, 22.007981289881428, 6.244676850494867, 0.30600883252250516, 0.12404285084279852]","[831166468.0310966, 114217139.60245925, 11489714.140413985, 758494.3861104482, 213026.73216859932, 10282.476366319452, 4941.968837900122]",205611.0
2023-04-03_2023-04-09,60040.16684895881,"[22682.0, 3111.0, 358.0, 20.0, 10.0, 0.0, 0.0]","[22816.320603870554, 3114.2072558975024, 314.2877545897469, 20.871810795523835, 5.204516428081367, 0.4437686761773337, 0.10285894168755604]","[771168570.3804038, 105308634.02838887, 10624465.649556825, 704589.5395569127, 175983.247848514, 14702.956473507229, 3642.338103149944]",197401.8
2023-04-10_2023-04-16,60047.16669548633,"[18639.0, 2498.0, 305.0, 25.0, 7.0, 0.0, 0.0]","[18575.63820960555, 2563.0524601094376, 260.42373654646633, 17.29736459454901, 4.287034757931605, 0.28356634309367895, 0.07817818301231619]","[631340410.0764669, 87051475.95856066, 8843149.54987979, 586393.9361209464, 145236.5866327273, 9311.612116004244, 2896.068096644052]",171624.8
2023-04-17_2023-04-23,60054.16680555557,"[6786.0, 965.0, 86.0, 7.0, 2.0, 0.0, 0.0]","[6904.906174582165, 959.7835131061203, 95.95150948062896, 6.006140583266458, 1.521482469007084, 0.030542823883829204, 0.008347504242639733]","[208479970.66817153, 28996207.51585486, 2887238.028617372, 179842.8750574555, 47093.49159751161, 1138.3547070056616, 226.19460935287347]",76917.5
2023-04-24_2023-04-30,60061.166785763984,"[15935.0, 2133.0, 237.0, 11.0, 5.0, 0.0, 0.0]","[15720.314177877337, 2161.746155082075, 215.34317981523037, 14.387592488117905, 3.6200896915824385, 0.2061442192053842, 0.09190250516561513]","[533193082.4734688, 73206166.04459648, 7287569.177556048, 485190.2391960634, 122594.86390206267, 7582.215765687889, 2581.231093199509]",149497.2
2023-05-01_2023-05-07,60068.16675104176,"[22535.0, 3222.0, 342.0, 13.0, 6.0, 2.0, 0.0]","[22556.271580601126, 3090.898109461674, 308.71426572914424, 19.89275564230765, 5.270576274996647, 0.42212227973945105, 0.07505466385505699]","[769129327.3124737, 105325600.26932333, 10512279.041176513, 676973.1436778188, 178687.4026945664, 13838.999204485524, 2608.623481925667]",199521.8
2023-05-08_2023-05-14,60075.16686215272,"[19502.0, 2595.0, 289.0, 15.0, 7.0, 0.0, 0.0]","[19387.23472233892, 2651.101520834051, 264.5461375160591, 16.746789409582206, 4.394166070702599, 0.19540995523403343, 0.07119328168483677]","[643257624.9766903, 88085258.56018005, 8780954.996154428, 556479.345406857, 146009.9210617014, 6484.469011345296, 2198.4973197589325]",175776.9
2023-05-15_2023-05-21,60082.16686030101,"[22538.0, 3019.0, 311.0, 25.0, 6.0, 1.0, 0.0]","[22678.238868412718, 3055.736462998531, 301.58055029172664, 19.40354028332019, 5.070430446386071, 0.29821688867397317, 0.10554291383596537]","[766429649.9349638, 103301832.34733671, 10187882.557929995, 654622.9564316084, 169761.81228247922, 9697.577934796962, 4022.565940080643]",198684.9
2023-05-22_2023-05-28,60089.16687615765,"[21166.0, 2825.0, 295.0, 16.0, 11.0, 0.0, 0.0]","[21021.381304207087, 2859.02760049616, 286.5687434376665, 18.87503273459403, 4.674528831074442, 0.32189138504654097, 0.10454422980934748]","[721499797.7933966, 97982761.40563968, 9800543.21065165, 643602.1433563206, 159700.87346027073, 11241.86684584535, 3603.102312979736]",191263.5
2023-05-29_2023-06-04,60096.1668083332,"[21691.0, 3100.0, 259.0, 18.0, 7.0, 1.0, 0.0]","[22032.25094593248, 2958.5855204106624, 288.83482699588575, 18.250043163693313, 4.1467557517538784, 0.16786121445261365, 0.12607434386646837]","[731986770.3976021, 98269543.56066963, 9574179.686985757, 607795.6437177747, 137305.61463433324, 5801.957124950629, 4158.753571445628]",197094.6
2023-06-05_2023-06-11,60103.167110069255,"[22290.0, 3004.0, 261.0, 21.0, 4.0, 0.0, 0.0]","[22436.818520633457, 3007.7948702652, 293.71419524340587, 18.99703546623389, 4.772604893755526, 0.2998164634942015, 0.12882317675345686]","[760276813.115313, 101947735.70821457, 9936112.315210428, 644012.1468243133, 162089.83621010827, 9784.950711541202, 4748.483585740718]",198498.5
2023-06-12_2023-06-18,60110.16689143563,"[23313.0, 3108.0, 274.0, 16.0, 8.0, 0.0, 0.0]","[23255.909006242993, 3107.5674552004643, 302.19446634592924, 18.90437165759565, 4.525839114541105, 0.13924320628702297, 0.09780155391030401]","[801993838.0271567, 107150308.65489197, 10417913.851923795, 651459.2581981036, 155250.87220325766, 5089.804652400268, 2932.1620631982823]",206091.7
2023-06-19_2023-06-25,60117.16688773152,"[22988.0, 3032.0, 298.0, 20.0, 3.0, 0.0, 0.0]","[22957.501292419696, 3065.0668320014665, 296.0064874783452, 19.425351833538855, 4.709344877446596, 0.21275400314457085, 0.09635430671408014]","[792325826.142231, 105763983.38985394, 10210393.163881907, 668319.2684189714, 162575.9588920878, 7705.89537736176, 3821.5109933071035]",206102.0
2023-06-26_2023-07-02,60124.166909374864,"[22925.0, 3061.0, 308.0, 15.0, 3.0, 0.0, 0.0]","[22876.280349808552, 3014.5028454328854, 291.3470364164752, 18.8374116852811, 4.351566722185592, 0.24294318046233532, 0.09407677271267786]","[780071557.4297816, 102728089.45292498, 9918730.460523551, 641734.9816711366, 147926.83461206144, 8688.01372223278, 3297.280638628754]",204404.9
2023-07-03_2023-07-09,60131.166912731336,"[22551.0, 2961.0, 295.0, 27.0, 5.0, 0.0, 0.0]","[22706.393900897227, 2975.012301267386, 288.17543756074633, 18.41619039618545, 4.496175997307834, 0.31118794389088283, 0.09057404314976608]","[760544987.1676408, 99608217.97565636, 9654714.802309403, 615521.6558695586, 148427.18785687492, 10659.453289891015, 3199.663138654648]",204378.2
2023-07-10_2023-07-16,60138.16683148146,"[21032.0, 2777.0, 268.0, 20.0, 10.0, 1.0, 0.0]","[21018.602156885816, 2747.701898619017, 260.0399853724341, 16.85096105172746, 3.787663623198665, 0.19010684356256344, 0.11564185365002633]","[701828628.7741172, 91696072.06021053, 8690266.921261042, 562991.8904355707, 124985.15823993683, 6130.354607812273, 3174.5168818902744]",195460.4
2023-07-17_2023-07-23,60145.16698715271,"[22294.0, 2920.0, 282.0, 17.0, 3.0, 0.0, 0.0]","[22139.828361232514, 2882.299630673482, 276.8403987759746, 17.26583601194849, 4.192005918947173, 0.2375557369928171, 0.09932815795972588]","[762791270.2750769, 99318253.55454004, 9531458.012763152, 594523.733513633, 143412.76507418312, 8593.047041066287, 3426.2148358983522]",206096.1
2023-07-24_2023-07-30,60152.16686215278,"[21580.0, 2828.0, 243.0, 16.0, 4.0, 0.0, 0.0]","[21552.908323973068, 2795.5617415351776, 265.3562018488746, 17.11533850472245, 4.585506019361562, 0.1988788011056508, 0.08748423963330394]","[733595987.039219, 95121542.84309563, 9020470.464735417, 582884.116843139, 156228.71137612397, 6609.930882070803, 2867.896469338475]",190779.1
2023-07-31_2023-08-06,60159.16689525477,"[22492.0, 2976.0, 302.0, 25.0, 8.0, 0.0, 0.0]","[22648.72655406477, 2973.149232262011, 282.3293551048193, 18.10861003318628, 4.565340748038909, 0.27156420187461816, 0.06987870987624531]","[779676934.6548551, 102318405.67980534, 9707451.416515952, 621835.3849983688, 158215.25025738997, 8956.853925720421, 2328.291143258068]",206228.4
2023-08-07_2023-08-13,60166.16702233809,"[22226.0, 2931.0, 291.0, 14.0, 5.0, 0.0, 0.0]","[22514.168024844887, 2945.4521694487375, 279.1274956714927, 18.048632721069346, 4.543560932577939, 0.22906243617904729, 0.09566960441803096]","[760217009.3392551, 99430366.80312817, 9424321.22685821, 610721.4722844367, 153624.60273315167, 8171.10814447278, 3048.66637559453]",207695.2
2023-08-14_2023-08-20,60173.16709594929,"[22199.0, 2913.0, 285.0, 25.0, 4.0, 1.0, 0.0]","[22200.3721569937, 2904.6563584321966, 270.77856097689727, 16.90850888999603, 4.26255012208464, 0.22021644609238614, 0.10107766068011821]","[735261032.1560069, 96014815.46488336, 8940934.921074467, 559344.0753509847, 140653.35943105433, 7246.1224391390715, 3589.953470450789]",207103.0
2023-08-21_2023-08-27,60180.16712303249,"[21646.0, 2884.0, 257.0, 21.0, 5.0, 0.0, 0.0]","[21527.630031634646, 2829.184677461193, 274.3099734196076, 16.89544205161134, 4.443904137940552, 0.24814340493377585, 0.048378022845020116]","[738839974.8649335, 97005995.89863944, 9403010.204768945, 579006.3242215064, 152343.38046628845, 9049.181084368296, 1760.6140837704447]",196219.5
2023-08-28_2023-09-03,60187.16670706021,"[21979.0, 3022.0, 301.0, 25.0, 6.0, 0.0, 0.0]","[21984.714445517224, 2917.4891332969432, 282.8661253697416, 17.763045611247776, 4.184707922260792, 0.24074785460893977, 0.06871291723438744]","[758472037.1511911, 100642373.5725495, 9755328.168516709, 614041.9132881237, 144848.0971920953, 7846.581724482343, 2863.631808337542]",201798.6
2023-09-04_2023-09-10,60194.166676041845,"[22083.0, 2853.0, 277.0, 12.0, 3.0, 0.0, 0.0]","[21932.20035592645, 2910.652378683883, 279.2016379162963, 18.090931796549746, 4.374445285914599, 0.19435320971206943, 0.12356152199255649]","[756218987.4946345, 100336335.52051838, 9618416.006627286, 622283.6254759874, 151265.1191740238, 5911.7727523123685, 4447.120161571884]",207703.3
2023-09-11_2023-09-17,60201.16667962952,"[22268.0, 2866.0, 287.0, 26.0, 7.0, 0.0, 0.0]","[22070.453796175614, 2906.96927111224, 283.6947495943956, 17.47495311532646, 4.011068816617482, 0.2784254599406681, 0.09938217093060676]","[762405216.7104865, 100455958.16122541, 9809718.310166625, 602625.6332623156, 139812.30647923157, 9968.629017038862, 2917.0773688988247]",207785.0
2023-09-18_2023-09-24,60208.16700092539,"[21978.0, 2858.0, 279.0, 22.0, 8.0, 0.0, 0.0]","[22075.777418773974, 2910.572126320122, 280.0943851508873, 17.689620574790975, 4.6054972733992905, 0.2362106713839896, 0.085256053140762]","[758976502.5520482, 100026290.63646896, 9624937.679833958, 606720.9094270794, 157694.1434917902, 8148.619127133816, 3121.7994405098066]",206478.9
2023-09-25_2023-10-01,60215.16700601883,"[20190.0, 2604.0, 242.0, 17.0, 8.0, 0.0, 0.0]","[19973.354069842742, 2638.6619462367594, 247.69771936633373, 15.83918233604715, 3.782947776852972, 0.22505516851963578, 0.1027391777131105]","[686400239.7597345, 90626236.77006635, 8496019.726240112, 542662.0931946053, 129166.0187560589, 8176.577471492057, 4161.771305403653]",189694.9
2023-10-02_2023-10-08,60222.16709571736,"[22352.0, 2958.0, 323.0, 17.0, 3.0, 0.0, 0.0]","[22143.816890410886, 2913.1278024869475, 281.1219291848407, 18.29377340043311, 4.1905899453232, 0.2502407945022131, 0.0963005063524873]","[767430110.9272811, 100907414.56459904, 9733637.254135203, 631925.3138115371, 145682.45873734116, 9185.94528613593, 3254.8988002589945]",207926.4
2023-10-09_2023-10-15,60229.16655520767,"[21775.0, 2984.0, 272.0, 17.0, 0.0, 1.0, 0.0]","[21797.79960365472, 2888.299223655847, 281.11294429594966, 18.387676168056753, 4.324358291601633, 0.2230906457390694, 0.09750382258466217]","[751718009.2837569, 99583061.126283, 9694197.87720109, 633323.9240986276, 150211.56452037784, 8570.516442717359, 3370.250768976842]",206783.5
2023-10-16_2023-10-22,60236.16671643536,"[19827.0, 2610.0, 266.0, 17.0, 3.0, 0.0, 0.0]","[19788.799445414246, 2623.8978807519925, 253.4440790060621, 17.249876604564026, 3.866502569032031, 0.28092075172659686, 0.11756484647096442]","[635103404.3495293, 84233760.42080238, 8135240.979884963, 554262.0365248405, 123505.56910259755, 8019.70118702766, 4413.430773798121]",182980.9
2023-10-23_2023-10-29,60243.166953356485,"[22299.0, 2967.0, 274.0, 25.0, 6.0, 0.0, 0.0]","[22124.99648490611, 2931.3627344921415, 281.60259112567564, 18.241748966173965, 4.245253675621391, 0.2182084307851043, 0.06218313446408353]","[766330777.2036203, 101449453.54001062, 9749438.845789518, 631429.5658142079, 146375.64624198992, 7290.275490915763, 2564.13710802109]",202368.0
2023-10-30_2023-11-05,60250.16689942109,"[18325.0, 2418.0, 232.0, 15.0, 3.0, 1.0, 0.0]","[18409.01365768974, 2435.3997168088545, 236.8866244729772, 15.63333746850391, 3.7880849258675213, 0.3246979042616431, 0.0795676953978872]","[145672795.0560944, 19055909.92231292, 1832014.7985674543, 125088.3734841804, 29370.752728648913, 2098.2264044371345, 439.2813960932236]",148934.3
2023-11-06_2023-11-12,60257.16688657396,"[22867.0, 3018.0, 312.0, 18.0, 3.0, 0.0, 0.0]","[22829.685671125088, 3072.6664426265957, 309.033836089299, 20.36837565718114, 5.22891648208615, 0.4416478346116418, 0.13823874319277588]","[41143424.46836565, 5534888.875817693, 556159.6623737036, 36708.756590135556, 9386.702443437545, 738.2329038019354, 252.71152707042256]",207777.1
2023-11-13_2023-11-19,60264.16712557869,"[22407.0, 2956.0, 290.0, 18.0, 9.0, 0.0, 0.0]","[22227.69935650187, 2978.9134931264753, 298.754248323674, 19.76971773566618, 5.1700525555679455, 0.2693538446436938, 0.10065757893064287]","[40071172.942501366, 5367346.910681498, 538407.4004234936, 35619.16865293883, 9328.47441169448, 500.2729211144723, 184.6921926764916]",207753.9
2023-11-20_2023-11-26,60271.16686388888,"[22012.0, 3101.0, 298.0, 29.0, 7.0, 0.0, 0.0]","[22172.50086884795, 2982.0555955223144, 299.80797826448577, 19.69057850157243, 5.159639258450202, 0.3084582983619302, 0.09978790399818684]","[39916771.87890977, 5365658.571463733, 539461.9553558137, 35483.26100716689, 9276.635893642053, 547.7096056418796, 184.29122770987777]",207508.5
2023-11-27_2023-12-03,60278.16692754628,"[21115.0, 2885.0, 285.0, 12.0, 3.0, 0.0, 0.0]","[21419.766467363424, 2885.162484127697, 288.7339314893218, 19.800140240775548, 4.429268911708425, 0.34259570704550024, 0.10701047096351482]","[37856642.6678691, 5096206.176381271, 509737.489264313, 34991.85047392072, 7838.833009259423, 551.7802888886965, 195.212698930239]",197803.3
2023-12-04_2023-12-10,60285.16668923611,"[23263.0, 3196.0, 315.0, 24.0, 2.0, 1.0, 0.0]","[23268.738179119126, 3119.091297455825, 312.71701632892814, 19.67670582827318, 4.8546165391476706, 0.39663760613287613, 0.06965984669782432]","[41840311.13026795, 5606595.823753099, 562103.007550648, 35405.88956835312, 8731.542181568668, 652.9541303665011, 150.36084501348085]",207507.9
2023-12-11_2023-12-17,60292.16705150461,"[21255.0, 2840.0, 325.0, 33.0, 12.0, 0.0, 1.0]","[21134.308917832706, 2838.011124189934, 286.3860767723257, 17.720949244530075, 4.708829728404716, 0.29784884527845706, 0.09163515103021885]","[37085919.82941104, 4986803.595800942, 503134.9484248816, 31113.437708884834, 8294.974199455566, 476.7741925243555, 176.5217229763595]",181596.0
2023-12-18_2023-12-24,60299.16706886605,"[23011.0, 3059.0, 308.0, 22.0, 5.0, 0.0, 0.0]","[22977.18176978348, 3093.5794082482307, 306.8637236388917, 19.898551126526414, 4.792991424091108, 0.27461580515478506, 0.09411725380435247]","[41193741.73367424, 5547108.709956843, 550119.1794535796, 35707.52492970549, 8660.475524929234, 530.6216733832098, 173.8841719737671]",203236.7
2023-12-25_2023-12-31,60306.16691192113,"[22796.0, 3050.0, 295.0, 27.0, 5.0, 0.0, 0.0]","[23009.51415199338, 3112.9316365607247, 307.48796739073316, 20.011761673465845, 5.491231445560635, 0.2481566787696906, 0.11293091473125853]","[40793927.78946087, 5520143.648206084, 545678.1744352047, 35586.80711656342, 9794.17472338078, 475.08776847511274, 203.84693554548178]",203017.1
2024-01-01_2024-01-07,60313.16689004636,"[23944.0, 3197.0, 320.0, 27.0, 1.0, 0.0, 0.0]","[23764.097557353216, 3189.84160812694, 318.95807600871916, 20.90235922694204, 5.252530713825884, 0.35413321347410864, 0.13107642970479613]","[42545633.728612185, 5713102.408166216, 571748.0135287583, 37540.34339054826, 9383.919032345964, 618.4559686175373, 229.25947255501458]",206034.4
2024-01-08_2024-01-14,60320.16693425913,"[23548.0, 3132.0, 297.0, 17.0, 2.0, 0.0, 0.0]","[23542.4934886997, 3132.8130997076914, 311.0769071075257, 19.135395692878816, 4.885889892302444, 0.3119211856622483, 0.12109613347256981]","[42107589.83459642, 5606797.519894279, 557463.0311279059, 34322.361665540455, 8797.863921211701, 576.4110577824791, 196.52975318491812]",206224.1
2024-01-15_2024-01-21,60327.16667476842,"[23821.0, 3181.0, 322.0, 30.0, 7.0, 1.0, 0.0]","[24017.34119359714, 3217.3161900336277, 323.31427994114046, 20.543159818633278, 5.039643131397831, 0.3706680325079343, 0.07535292134250476]","[42760156.722953156, 5728115.925104988, 576051.8770033838, 36736.346187046656, 9021.378118332545, 629.0096052531796, 154.64885584583038]",206043.6
2024-01-22_2024-01-28,60334.16680081016,"[24162.0, 3259.0, 327.0, 26.0, 3.0, 1.0, 0.0]","[23970.131856465454, 3197.767980940358, 316.46495072223126, 20.521931640939624, 5.250677671004753, 0.29254983150777286, 0.11957963497989652]","[42333696.324925564, 5648206.730865667, 559955.180357341, 36473.39705802677, 9293.321146913146, 520.8531933513434, 191.102388843492]",205222.7
2024-01-29_2024-02-04,60341.166692014405,"[24232.0, 3358.0, 334.0, 22.0, 7.0, 0.0, 0.0]","[24353.23601026368, 3257.0931367109256, 318.67475996324225, 20.121085480431883, 5.211181662205862, 0.2821505167462602, 0.10977332864816881]","[42811997.72151909, 5728936.226722932, 561357.5559437947, 35523.109731529665, 9138.754384549178, 502.2258165487777, 216.70302873973674]",205982.0
2024-02-05_2024-02-11,60348.16673680519,"[23373.0, 3262.0, 339.0, 20.0, 6.0, 1.0, 0.0]","[23775.845062917484, 3177.039264636741, 314.34120260032415, 20.572951277212432, 4.8238778852669295, 0.3244995575780546, 0.07725732872008532]","[42491465.798461206, 5681001.577720178, 563219.8829504803, 36928.46743634013, 8716.16931349087, 570.8805384481739, 136.00594824197572]",205880.6
2024-02-12_2024-02-18,60355.16688726813,"[23321.0, 3141.0, 328.0, 24.0, 2.0, 0.0, 0.0]","[23617.660568731342, 3174.635388078355, 317.32034515157244, 19.535338613044267, 5.281545058879101, 0.3212081638787596, 0.10742206059028078]","[42164363.71052112, 5673342.326208613, 568074.1344161468, 35087.37399376792, 9440.704916625462, 591.4021296638698, 195.34860246971613]",206038.7
2024-02-19_2024-02-25,60362.16673182886,"[24009.0, 3262.0, 337.0, 26.0, 10.0, 0.0, 0.0]","[24020.897267382134, 3223.6945913827467, 321.2374590381492, 20.74078822873961, 5.010232430887651, 0.2508015540982755, 0.13578981305896598]","[42259779.22696173, 5677561.365272384, 566425.2190269148, 36633.2231477658, 8931.999219456893, 446.9304437899401, 242.1106167299023]",203890.0
2024-02-26_2024-03-03,60369.166689467645,"[23893.0, 3189.0, 309.0, 29.0, 10.0, 0.0, 2.0]","[23662.130542776446, 3145.646659112363, 310.48865726800904, 20.208487318181415, 4.915599447599906, 0.26017398853624013, 0.14223890953310958]","[41226671.55756307, 5486586.547829512, 542585.5952103001, 35240.450623409626, 8666.507495902637, 432.366654079997, 245.13760065047197]",199882.9
2024-03-04_2024-03-10,60376.16660543954,"[22900.0, 3117.0, 332.0, 26.0, 8.0, 1.0, 1.0]","[22770.786478168662, 3057.068852140481, 299.22320170161225, 18.332699101226044, 4.30130648099321, 0.3023118555365724, 0.1356012769798375]","[39356028.31580914, 5293084.395547315, 518297.24037777074, 31870.477193887542, 7528.664561027665, 529.6681088979418, 206.85956428104146]",195047.0
2024-03-11_2024-03-17,60383.1668672454,"[23547.0, 3102.0, 327.0, 20.0, 11.0, 3.0, 0.0]","[23352.02896868298, 3092.6092536127103, 296.79876848487135, 17.700139617915475, 4.5726164540205225, 0.2319587937097751, 0.12395489165867386]","[41962570.63242753, 5561337.639461034, 534340.7425939509, 31908.882143553234, 8325.12053331329, 425.0058976391847, 205.84683081951454]",206076.8
2024-03-18_2024-03-24,60390.1669740744,"[21436.0, 2884.0, 298.0, 18.0, 4.0, 1.0, 0.0]","[21399.715202400977, 2838.912029088717, 271.9864650711979, 16.799079886496948, 4.330783024145895, 0.2196821956213427, 0.06553409097658842]","[36169948.41754942, 4798682.309049906, 459818.42277902603, 28496.15670212108, 7242.256268608932, 380.41424870360817, 108.14656059934403]",187444.9
2024-03-25_2024-03-31,60397.16699016142,"[21529.0, 2936.0, 300.0, 28.0, 8.0, 0.0, 0.0]","[21560.54609026344, 2865.0642960297764, 281.42905910837203, 18.252148454597833, 4.775558256167429, 0.2913200218540935, 0.08664295248723619]","[38159468.5751168, 5073152.093389538, 498219.14275618474, 32208.307517014135, 8541.0980084194, 536.1215718645177, 144.6560528068578]",198098.2
2024-04-01_2024-04-07,60404.16686817145,"[23523.0, 3253.0, 317.0, 29.0, 14.0, 3.0, 0.0]","[23426.90398544015, 3114.0790084510354, 304.26844606344514, 19.137638997045006, 4.622991129793606, 0.3118237176570504, 0.05242277902444298]","[42212129.85905978, 5610879.875668142, 548326.2254096017, 34485.784069856076, 8351.424067096004, 559.0896011557296, 112.744093675503]",206300.0
2024-04-08_2024-04-14,60411.1671318287,"[20260.0, 2718.0, 304.0, 26.0, 3.0, 2.0, 0.0]","[20406.741862344257, 2684.4665714909647, 262.1211675077885, 17.339201703107232, 4.33973689988174, 0.30020786340339384, 0.105799233830116]","[36282450.18470527, 4814368.094644878, 469571.7740805356, 30933.820957208223, 7749.5020381133245, 564.6594529555456, 211.81667381609856]",185843.3
2024-04-15_2024-04-21,60418.1670802084,"[23394.0, 3017.0, 283.0, 25.0, 4.0, 0.0, 1.0]","[23186.32025585836, 3088.5947054282283, 300.6856234587159, 19.000988005564988, 4.693805742913297, 0.32278212117450356, 0.1140877648627164]","[41796169.05515696, 5567266.823257833, 541685.2068630316, 34228.60761083789, 8458.79240018718, 542.0757001527653, 190.0127601782338]",205968.0
2024-04-22_2024-04-28,60425.1668747687,"[4237.0, 508.0, 66.0, 6.0, 0.0, 0.0, 0.0]","[4094.796588342247, 554.6549751414168, 53.78886660066351, 3.6723856072904173, 0.7157431086238368, 0.052195660505311034, 0.028033802773808063]","[7065425.945204945, 953299.4027144678, 91985.23029446913, 6276.644317381898, 1242.2689709111562, 104.23661558741317, 43.153042378725026]",56564.1
2024-04-29_2024-05-05,60432.1666519675,"[20487.0, 2687.0, 268.0, 23.0, 8.0, 0.0, 0.0]","[20329.50856109777, 2715.630658916966, 267.38002759834166, 17.56604739545551, 4.426241909102081, 0.23867685153974547, 0.09573229409922795]","[36663648.69000523, 4896671.549214097, 482266.4355453598, 31578.142238276443, 7980.8086902413925, 416.3668459412599, 171.7535350032908]",182030.7
2024-05-06_2024-05-12,60439.16700694412,"[20336.0, 2837.0, 284.0, 24.0, 4.0, 0.0, 0.0]","[20129.467946609424, 2696.502872697146, 262.51757049262585, 17.486211953778323, 4.127149665104279, 0.1134578699691933, 0.12349293703471662]","[34552422.21221879, 4632049.99642371, 450483.8156900674, 29960.39553993603, 6997.916833864548, 207.77658134072783, 196.24363153276994]",189762.0
2024-05-13_2024-05-19,60446.16677731487,"[22813.0, 3083.0, 317.0, 17.0, 1.0, 0.0, 0.0]","[22629.158020689843, 3021.780110555605, 293.44954716566656, 18.95681784650447, 4.816417850301473, 0.2500297972073783, 0.1018927455344448]","[40827998.021442525, 5453434.626110735, 528977.3722830534, 34121.7187138861, 8661.424818727959, 428.3912960383665, 169.02363243216544]",206278.8
2024-05-20_2024-05-26,60453.16672048609,"[21164.0, 2930.0, 275.0, 24.0, 3.0, 0.0, 0.0]","[21262.999720337615, 2840.5833881505437, 279.111439268668, 17.94841838726356, 4.048929966148842, 0.22155588559486092, 0.09833490127993164]","[37305402.21956726, 4986290.650684456, 488939.3789453637, 31313.44234195626, 7130.877181017755, 423.8706131629936, 209.9928522089047]",192958.1
2024-05-27_2024-06-02,60460.16671284756,"[17511.0, 2355.0, 241.0, 16.0, 3.0, 0.0, 0.0]","[17526.235445860908, 2339.348630483855, 225.40363953036223, 13.624942913017698, 3.4489437141654395, 0.20427858726014445, 0.08187567016971788]","[30595588.49967747, 4089717.017273516, 393598.1743122833, 23806.244543825847, 5993.9653151127495, 380.22528326972866, 143.65609471939166]",152828.5
2024-06-03_2024-06-09,60467.166773263896,"[22915.0, 3090.0, 282.0, 17.0, 7.0, 0.0, 0.0]","[22740.11845176413, 3076.131073391425, 303.36080774233005, 18.374680603824935, 4.790837764808864, 0.2844821001358093, 0.1408591946401999]","[40416144.83965708, 5463309.6389511945, 538612.1542243351, 32503.47037114843, 8454.070174967279, 487.11533584688436, 249.00494912466505]",202885.6
2024-06-10_2024-06-16,60474.16671030116,"[22982.0, 3141.0, 306.0, 17.0, 10.0, 0.0, 0.0]","[22751.70679817947, 3077.3675520009165, 303.8624522733455, 19.118196993952893, 5.121265347190199, 0.261879578971276, 0.144757486768067]","[40664804.23819799, 5497088.786323808, 542337.0469755081, 34099.664247066634, 9103.435540557923, 447.12051437322793, 267.2047650862349]",204501.5
2024-06-17_2024-06-23,60481.16693645853,"[23003.0, 3131.0, 289.0, 21.0, 5.0, 0.0, 0.0]","[23006.280757522552, 3096.186360944015, 308.906304949624, 19.81308614730659, 4.9851235126470375, 0.19946425311249416, 0.09761638919799476]","[41344344.79147516, 5563448.119046125, 554492.4801876731, 35424.069646907126, 8846.65319745021, 348.1514288070743, 184.4771734092773]",206110.7
2024-06-24_2024-06-30,60488.16673865738,"[22279.0, 2971.0, 308.0, 19.0, 6.0, 1.0, 0.0]","[22394.804946354616, 3011.1855061780334, 291.261433289725, 18.799796967410686, 4.561377093398793, 0.19837558051953913, 0.04917057995158998]","[38818974.34672728, 5215856.910723949, 504241.71471555287, 32502.1416745864, 7871.442723635514, 360.87987011656946, 83.49945356831363]",199183.9
2024-07-01_2024-07-07,60495.16677083331,"[22939.0, 3099.0, 289.0, 20.0, 3.0, 0.0, 0.0]","[22892.047982344488, 3072.3526631171844, 298.29915696917556, 20.03736676032695, 4.5520103198317985, 0.2762050629587083, 0.11975333162250397]","[40900033.6986302, 5487840.654137507, 533050.0351094278, 35754.879401844504, 8087.591256469535, 469.6649677664144, 185.8352180616536]",204927.8
2024-07-08_2024-07-14,60502.166909143525,"[11549.0, 1629.0, 152.0, 6.0, 3.0, 0.0, 0.0]","[11452.840075455533, 1551.6346357343807, 148.6221750785246, 8.598367570911552, 2.342288989668737, 0.14076078450409935, 0.03387323095936292]","[19597384.817173608, 2653910.3682533177, 254523.46511550312, 14791.66509304201, 4034.4350355810907, 252.29938023209445, 58.05754256396527]",115335.5
2024-07-15_2024-07-21,60509.16687048609,"[19473.0, 2548.0, 271.0, 9.0, 3.0, 0.0, 0.0]","[19616.661261802372, 2613.9000834474436, 250.36956190910945, 14.73629713334973, 3.821360847603993, 0.22520773340806172, 0.10019030633896175]","[32812448.33938994, 4378723.390408216, 420036.65852214955, 24726.696913515203, 6459.462412905975, 379.4404779496463, 155.6122965738468]",169904.6
2024-07-22_2024-07-28,60516.166657060414,"[21846.0, 3047.0, 321.0, 16.0, 5.0, 1.0, 0.0]","[22112.06723717923, 2966.286379673537, 287.9769712235297, 17.997526559533753, 4.249333085702159, 0.21628271192572066, 0.10986347075415231]","[39211028.004785255, 5260598.5616061995, 510510.1142269622, 31867.259915612867, 7544.837653484281, 428.09638345354745, 173.9508946907804]",201362.4
2024-07-29_2024-08-04,60523.16692777791,"[12815.0, 1751.0, 179.0, 13.0, 4.0, 0.0, 0.0]","[12845.460129590107, 1725.5843419154464, 167.22205823255211, 10.067088293545329, 2.316365820669419, 0.1363365967125308, 0.048082337142034894]","[22680676.690824922, 3044964.183841547, 294955.6809202711, 17754.556814809195, 4106.5946382388565, 225.57112265674388, 81.25399997361917]",115403.9
2024-08-05_2024-08-11,60530.166704513686,"[22673.0, 3005.0, 300.0, 22.0, 8.0, 0.0, 0.0]","[22559.268824415743, 3020.0665545486627, 295.07576026126605, 18.008253946869722, 4.748916452380014, 0.2091194010469198, 0.09389387383815734]","[40460920.03366073, 5416482.949279859, 528851.9682875361, 32311.376576703005, 8484.389991936116, 381.5230441925512, 190.19479522077006]",207318.9
2024-08-12_2024-08-18,60537.16669236152,"[16409.0, 2189.0, 209.0, 19.0, 2.0, 0.0, 0.0]","[16537.70831906553, 2243.8335433226816, 219.73865697186957, 13.980646025241128, 3.3092889232721006, 0.20487057664180408, 0.05269181983680148]","[28564035.099163253, 3875087.165085528, 379229.2852325813, 24260.460449603015, 5703.928804819488, 375.35614752285176, 124.6400055830198]",160706.7
2024-08-19_2024-08-25,60544.1667016205,"[22130.0, 3030.0, 321.0, 20.0, 6.0, 0.0, 0.0]","[22120.51729645419, 2980.3399750293333, 289.90819436097405, 18.447992645221497, 4.143647098584893, 0.21545686710732517, 0.09831847804052532]","[39741019.740087725, 5354242.3830197565, 520286.21240571135, 33033.01183669772, 7415.654472940369, 390.63599293791486, 153.883462206706]",207666.7
2024-08-26_2024-09-01,60551.16681585691,"[22201.0, 2960.0, 262.0, 24.0, 1.0, 1.0, 0.0]","[22149.92532876378, 2978.3654249318743, 286.5033840521835, 17.836452736417336, 4.426432768358563, 0.22152490512811668, 0.07343592087751048]","[39790786.75003808, 5349777.587953581, 513924.5374854968, 31991.343149926593, 7914.873963102276, 385.6557070677506, 150.25420521886522]",207719.9
2024-09-02_2024-09-08,60558.16690115773,"[22647.0, 2953.0, 275.0, 15.0, 7.0, 0.0, 0.0]","[22383.39145986008, 3001.987548797487, 288.6553997974628, 17.18157277658865, 4.2668370993546505, 0.21608156448028146, 0.06860208480144803]","[40162210.809187226, 5382273.302358989, 517542.17280571157, 30843.285855873703, 7669.812215201205, 371.0251161825748, 111.12723208323418]",207770.8
2024-09-09_2024-09-15,60565.1667167827,"[22493.0, 3068.0, 287.0, 29.0, 5.0, 0.0, 0.0]","[22539.06141202646, 3030.3478557307203, 293.13719659006097, 19.338450217685068, 4.682196873551009, 0.24581769239969345, 0.11601947278522814]","[40535188.02370754, 5448925.432107226, 526711.9855107211, 34834.927195975244, 8386.91917254508, 460.2679533370235, 197.62416297517532]",207779.0
2024-09-16_2024-09-22,60572.16689479163,"[22541.0, 2983.0, 335.0, 11.0, 7.0, 0.0, 0.0]","[22332.589126204304, 3003.49629452655, 291.58384522598857, 18.34002126496406, 4.557024926916437, 0.1775739397662967, 0.10894935620777192]","[40195932.14637217, 5403617.7337215245, 524191.3252511164, 32960.53703950665, 8209.429431750817, 291.71654203568306, 200.2111786381252]",207696.4
2024-09-23_2024-09-29,60579.16671180551,"[22625.0, 3052.0, 310.0, 16.0, 5.0, 1.0, 0.0]","[22444.571891695334, 3038.9719797917714, 295.29790430773573, 19.15536744837644, 4.679064870485246, 0.2979653343580319, 0.07909238690481657]","[40399567.693909355, 5469218.036535616, 531269.9177785902, 34422.91935032858, 8319.084294128434, 525.5904181692985, 142.6543869461648]",207705.2
2024-09-30_2024-10-06,60586.16685000021,"[22785.0, 3022.0, 274.0, 17.0, 8.0, 1.0, 0.0]","[22607.163388559202, 3082.5289664805114, 304.2899964913992, 19.422574704077764, 4.603877050254104, 0.25352656572402144, 0.115803547452556]","[40774638.21377609, 5557580.988301198, 547910.0577562008, 34869.51162303097, 8227.732946842785, 444.57656760728577, 209.91353134194765]",207936.7
2024-10-07_2024-10-13,60593.16674618062,"[22687.0, 3094.0, 299.0, 19.0, 6.0, 0.0, 0.0]","[22572.609482436204, 3071.6825641277396, 303.00246181306716, 19.22051804565559, 5.094487154148054, 0.2635955891249491, 0.10848977185862049]","[40297568.061199866, 5479438.50281148, 540529.279585765, 34252.29471419312, 9082.599455197638, 471.6040244663221, 179.98362190827956]",204985.1
2024-10-14_2024-10-20,60600.16673275487,"[22821.0, 3255.0, 314.0, 18.0, 1.0, 0.0, 0.0]","[22676.325834839252, 3104.8528466111884, 306.6718074913541, 19.88478070948814, 5.125636293077621, 0.3064417100128572, 0.10948024224530004]","[40816826.05799134, 5584413.98460049, 551529.0966304005, 35705.06524909143, 9203.04442600135, 539.3600101907589, 193.09529318128781]",207077.7
2024-10-21_2024-10-27,60607.16679201383,"[22222.0, 3019.0, 314.0, 16.0, 5.0, 0.0, 0.0]","[22190.200270280868, 3036.7528672183375, 303.07355666495494, 19.740702441854307, 4.728923449310718, 0.3214974771459375, 0.11831165114124494]","[39647306.244880155, 5424302.666723348, 541031.296232743, 35272.75983869442, 8375.414240007063, 592.7623032376933, 204.99553563342567]",205791.4
2024-10-28_2024-11-03,60614.16704212961,"[23101.0, 3053.0, 296.0, 27.0, 4.0, 0.0, 0.0]","[22956.42043586945, 3129.9537212780237, 311.16518862067187, 20.729257827913237, 5.192504253344936, 0.31565989551092427, 0.1368798393491982]","[40936886.80489214, 5578031.245074446, 553485.2488485981, 36927.45079781792, 9212.937537115646, 581.5469679688323, 242.18005638978985]",207403.0
2024-11-04_2024-11-10,60621.16672523145,"[22164.0, 2999.0, 300.0, 25.0, 8.0, 0.0, 0.0]","[22316.403007526103, 3048.2014495256235, 309.2673599391489, 19.77209584690187, 5.272141296632592, 0.3273407092442094, 0.12871062536108846]","[39741547.09301411, 5431335.273235702, 551391.2490279078, 35258.46136264247, 9462.797294512005, 572.9974852174478, 195.38968607201264]",204214.5
2024-11-11_2024-11-17,60628.16672465281,"[23123.0, 3245.0, 299.0, 18.0, 4.0, 0.0, 1.0]","[23136.12111896145, 3173.0408215790867, 316.6716761089379, 20.46691944219761, 5.223083434372587, 0.30744936974938, 0.13565385979503913]","[41653016.36637615, 5711696.709182381, 570161.3479033848, 36765.04166472545, 9374.167083534825, 545.72440110435, 227.99739409274585]",207723.5
2024-11-18_2024-11-24,60635.16687314769,"[23420.0, 3183.0, 339.0, 16.0, 6.0, 0.0, 0.0]","[23416.827944674, 3220.5966354019524, 323.6492419169499, 21.18017314000311, 5.400377223772765, 0.31622347529661304, 0.11453640112026564]","[42141659.72501271, 5796087.162005119, 582587.2786776678, 38216.35139324619, 9776.422387302215, 574.5160292504795, 231.45728295578505]",207857.5
2024-11-25_2024-12-01,60642.16681516197,"[23723.0, 3221.0, 319.0, 22.0, 6.0, 0.0, 0.0]","[23518.16665265084, 3218.6645246827097, 323.950038469481, 20.645130830520266, 5.34563848804996, 0.3344221584756467, 0.06597728085948047]","[42313147.24768548, 5789824.773059225, 582600.3465081749, 37175.78558239484, 9584.677342424271, 594.9938729107504, 128.4451026080975]",207910.5
2024-12-02_2024-12-08,60649.00021851856,"[20823.0, 2822.0, 280.0, 14.0, 3.0, 0.0, 2.0]","[20601.236295162966, 2800.233525748725, 278.09684239497966, 17.814968163968114, 4.601316913265665, 0.25659990360699286, 0.10099189559243443]","[37069144.018455066, 5037391.336581123, 500055.7772944712, 31938.86368395898, 8289.313222584915, 458.35055701179573, 174.8877211748191]",179083.9
2024-12-09_2024-12-15,60657.58327025511,"[15114.0, 2075.0, 220.0, 15.0, 2.0, 0.0, 0.0]","[15038.95815980216, 2067.303284780921, 213.01953149853162, 13.638282906254823, 3.370823139270401, 0.1635154721493001, 0.07890773761593795]","[26818885.09473858, 3687661.5689117215, 379889.1418773895, 24266.120781268735, 5991.709693956116, 293.63565923438847, 138.15662928892314]",131452.9
2024-12-16_2024-12-22,60663.166699189256,"[24080.0, 3338.0, 317.0, 22.0, 7.0, 0.0, 0.0]","[23832.54786990093, 3265.2849374386883, 325.8564497418238, 21.937336601499254, 5.108754846340628, 0.26573843882648157, 0.11942762334925808]","[42601219.00622735, 5836761.296229357, 582671.1684104142, 39322.559958383965, 9114.413160439426, 474.67820907125156, 199.50841597878224]",205865.9
2024-12-23_2024-12-29,60670.16658391208,"[23673.0, 3223.0, 328.0, 27.0, 8.0, 0.0, 0.0]","[23685.253986666055, 3240.6428562182623, 324.1062334288912, 22.12335094749716, 5.6064976246270914, 0.2869507880846791, 0.09732488638628255]","[42440682.63442007, 5806369.118841665, 581081.6036176392, 39749.67826974961, 10064.838516493313, 520.151195118654, 180.9093057218417]",205999.4
2024-12-30_2025-01-05,60677.16673958332,"[20846.0, 2791.0, 268.0, 15.0, 6.0, 1.0, 0.0]","[20603.785048265894, 2826.3574544783983, 284.5800361449404, 17.306914980707525, 4.787995315375777, 0.25775721083936554, 0.11893763915008998]","[36904781.93026169, 5064019.940191737, 509908.05269141396, 31034.774858888144, 8611.01227518401, 440.69227554781787, 205.88195714019594]",184978.9
2025-01-06_2025-01-12,60684.16672789375,"[23588.0, 3248.0, 322.0, 26.0, 6.0, 0.0, 1.0]","[23664.161198789647, 3249.1226273236716, 329.5134815996369, 22.334943006096662, 5.333867365517782, 0.3116558541557079, 0.1218430624984117]","[42300606.988263994, 5807984.205412497, 589310.5705227167, 40060.613597957105, 9537.854602272968, 557.5970448588916, 220.54759543638858]",206178.7
2025-01-13_2025-01-19,60691.16678321745,"[19882.0, 2761.0, 297.0, 20.0, 9.0, 0.0, 0.0]","[19790.94784761383, 2703.909187988789, 272.8526512799613, 17.236184437046052, 4.592908533012644, 0.2892820644062161, 0.12418156420350512]","[34063501.34598841, 4653394.946578993, 470205.75611136475, 29830.71466078077, 7967.580093120044, 497.56551425071433, 217.89430047164484]",172071.9
2025-01-20_2025-01-26,60698.16688043982,"[23873.0, 3259.0, 343.0, 13.0, 5.0, 0.0, 0.0]","[23938.591896148293, 3267.057863380412, 321.17995328324184, 21.16707500662847, 5.060974623575587, 0.3090506251126019, 0.08565000945519581]","[42048460.89227412, 5741601.803992549, 565110.0536868937, 37324.98036044142, 8910.758285178215, 530.208015740389, 155.07089209671804]",201180.0
2025-01-27_2025-02-02,60705.16677754637,"[24014.0, 3401.0, 324.0, 22.0, 7.0, 2.0, 0.0]","[24008.202428897366, 3294.1280575180763, 332.33926318889905, 20.60569374686495, 5.400982388350467, 0.36219817224218703, 0.11075363130516802]","[42105043.13409114, 5782203.675646701, 584628.561846953, 36206.318379143864, 9544.200327464543, 666.794339191024, 211.06013520853048]",200127.6
2025-02-03_2025-02-09,60712.16677465245,"[24086.0, 3293.0, 333.0, 22.0, 6.0, 1.0, 0.0]","[24343.15905418534, 3321.507333972599, 328.23873581811125, 21.40558238666644, 5.504660684356635, 0.28633998001502114, 0.14027437938224224]","[43177048.346152894, 5896917.916750429, 584555.1845479171, 38163.47446640919, 9847.566447555639, 508.03991947661166, 225.6394430640836]",205407.9
2025-02-10_2025-02-16,60719.1668284722,"[24539.0, 3307.0, 319.0, 30.0, 12.0, 1.0, 0.0]","[24582.227909667043, 3385.509327043227, 339.98338276521264, 22.55724705917764, 5.5668602658981845, 0.38339638388994374, 0.10328033719292065]","[43876352.719412185, 6046929.491293427, 608225.8806895703, 40418.07738030418, 9953.932905472142, 689.266563254157, 199.88252285843876]",206028.5
2025-02-17_2025-02-23,60726.16690254595,"[23827.0, 3274.0, 315.0, 21.0, 7.0, 1.0, 0.0]","[23911.187799351843, 3282.0534196493577, 333.8375235545312, 21.703753356228876, 5.6214720267543274, 0.3320662010440128, 0.09678516636402726]","[42441860.4533632, 5830189.885082648, 593781.7227317116, 38780.17446737187, 9999.737749002621, 571.9062774391011, 183.49037411238925]",205843.3
2025-02-24_2025-03-02,60733.16680416795,"[23645.0, 3360.0, 373.0, 20.0, 3.0, 0.0, 0.0]","[23667.99186863964, 3249.0101205532733, 329.9311242123722, 21.882108900912424, 5.227917495491398, 0.36009809013019806, 0.10578274389491353]","[42388220.17677231, 5821685.6478218315, 591603.9077750508, 39245.06821451392, 9404.323250635922, 630.8332495838267, 173.22328897028893]",206121.1
2025-03-03_2025-03-09,60740.16678495379,"[24206.0, 3320.0, 340.0, 28.0, 11.0, 1.0, 1.0]","[24266.341133867278, 3325.6862409918313, 336.6347536996077, 22.694055447353964, 6.261846512422044, 0.41160047436482755, 0.10351794587167533]","[43512654.72058312, 5966651.801987146, 604250.2098569055, 40706.73108366823, 11291.466033317116, 753.29336375665, 195.7630273116049]",206111.6
2025-03-10_2025-03-16,60747.16538379627,"[23702.0, 3192.0, 351.0, 17.0, 12.0, 0.0, 1.0]","[23596.281007805796, 3227.172598742351, 325.3283734814107, 21.45021960414188, 5.536877977487451, 0.2740914715907286, 0.09721764127312635]","[42259292.16072107, 5780606.649151414, 582777.1331100222, 38501.10268611163, 9944.413995368694, 520.5356570539477, 171.26519795605324]",205608.6
2025-03-17_2025-03-23,60754.1653758104,"[21975.0, 3025.0, 316.0, 22.0, 8.0, 0.0, 0.0]","[21946.527646480463, 2988.8609637207996, 295.66793934101685, 19.49891392918641, 4.8739572017810895, 0.2990262669100631, 0.10169518862414531]","[39490923.01063845, 5380022.538777652, 532446.7578660672, 35090.8972839152, 8784.764307786601, 539.0526005133507, 188.5819053973157]",206260.0
2025-03-24_2025-03-30,60761.16694155085,"[23008.0, 3105.0, 295.0, 23.0, 11.0, 0.0, 0.0]","[22674.003310485426, 3098.20093993216, 305.69485215159864, 19.09145202143097, 4.767865588824054, 0.22573877059402955, 0.07381465483432909]","[40963149.04142885, 5597458.406211662, 552171.9791477801, 34644.83194772363, 8632.018540643185, 433.9424475160222, 114.71119254235333]",206208.5
2025-03-31_2025-04-06,60768.16668958319,"[23250.0, 3234.0, 334.0, 25.0, 6.0, 0.0, 0.0]","[23286.871143579738, 3202.101137861351, 322.79826970122326, 21.180703545400007, 5.151017055350981, 0.20820132922718537, 0.10816019011056748]","[41802005.5555116, 5746689.680561323, 579180.276477986, 37996.43329623908, 9237.855156821912, 384.4255606468754, 197.7885240530663]",204571.6
2025-04-07_2025-04-13,60775.16688576368,"[22899.0, 3208.0, 345.0, 33.0, 7.0, 0.0, 0.0]","[23125.761764483283, 3176.5911850367743, 318.05382384536637, 20.486818250130664, 5.431218487091092, 0.3118701096462055, 0.06464460751699537]","[41651509.07853052, 5717894.240822598, 572386.7028727641, 36773.3678290926, 9754.68967992802, 566.4753435393345, 122.29065917136126]",205697.7
2025-04-14_2025-04-20,60782.16670243074,"[22975.0, 3104.0, 323.0, 18.0, 8.0, 2.0, 0.0]","[22827.440517177274, 3119.4454409856007, 317.90450149877597, 20.582325377889376, 5.3280818205281815, 0.3248097649375868, 0.12224862249867714]","[40126906.090569824, 5477834.15290726, 557597.7910033917, 36199.32004733673, 9299.113998895187, 523.1364715670406, 226.99517231967144]",200613.2
2025-04-21_2025-04-27,60789.16674895826,"[23316.0, 3252.0, 363.0, 25.0, 15.0, 0.0, 0.0]","[23442.32656512013, 3206.035367322587, 319.8782706375322, 21.558318893811983, 4.99158622344231, 0.3078484564213385, 0.08414395199163471]","[42120193.35388271, 5759005.245712267, 574376.6049610332, 38807.919626561415, 8928.311510614321, 554.5151317396485, 183.87888041829845]",204888.1
2025-04-28_2025-05-04,60796.16692835648,"[22598.0, 3103.0, 328.0, 25.0, 6.0, 0.0, 0.0]","[22580.92599217955, 3091.1739656188215, 307.2109767815741, 20.621166440230446, 5.390955108796605, 0.2568284412529615, 0.11847418223549548]","[40650241.38880083, 5564003.469398436, 552819.3963491877, 37067.459225985825, 9609.09303350893, 479.64826618867625, 218.5811679176417]",205168.1
2025-05-05_2025-05-11,60803.166794328245,"[22950.0, 3171.0, 343.0, 21.0, 3.0, 0.0, 0.0]","[23101.21253318589, 3166.89340478671, 315.71078735598485, 19.739839841160713, 5.032184860315883, 0.23431863151445897, 0.09711344248069541]","[41593751.579572104, 5697946.879548082, 567801.3055452913, 35479.68393159798, 9124.750278135587, 394.9709161458972, 173.71440204170665]",206101.1
2025-05-12_2025-05-18,60810.1667353005,"[23215.0, 3068.0, 348.0, 32.0, 3.0, 0.0, 0.0]","[23053.69464075429, 3151.3621636409885, 312.92752534105824, 20.42109492568312, 5.144617279701552, 0.3429341212185863, 0.10287124510037556]","[41509135.99524265, 5672226.834225941, 562971.3299836083, 36604.9318663982, 9217.312630971046, 577.0904697790862, 175.38974459639817]",205977.3
2025-05-19_2025-05-25,60817.16703796223,"[15710.0, 2196.0, 210.0, 21.0, 6.0, 1.0, 0.0]","[15701.630654323551, 2182.6963778920194, 218.1147282507815, 14.424430492928629, 3.065753879584032, 0.23695793871612592, 0.06703945845378753]","[27436743.742601544, 3809599.957966542, 380195.2715484106, 25066.09547852722, 5327.809944784268, 426.5104060900562, 126.99154035897344]",151296.5
2025-05-26_2025-06-01,60824.1669177088,"[9696.0, 1301.0, 128.0, 9.0, 2.0, 0.0, 0.0]","[9595.08451515308, 1294.3840721932202, 129.5081038111507, 7.689740411070265, 2.0752299550291804, 0.11330823080465928, 0.049159116681464235]","[15685835.6619454, 2119726.9942700113, 211835.08784639524, 12515.455069680096, 3474.247208439039, 183.1352650141285, 83.55607144147555]",85286.7
2025-06-02_2025-06-08,60831.16679965261,"[22634.0, 3098.0, 316.0, 16.0, 5.0, 0.0, 0.0]","[22583.988153992796, 3070.714524705256, 301.28141288256353, 19.4403134811366, 4.666558277505867, 0.1975848140366946, 0.08986870872168025]","[40001943.16417912, 5438544.5081229, 532994.985084671, 34283.593536486085, 8215.513750166503, 355.7293083275113, 175.02922077926095]",200151.7
2025-06-09_2025-06-15,60838.166817592544,"[21807.0, 2856.0, 280.0, 16.0, 3.0, 1.0, 0.0]","[21843.727404616664, 2970.5408449068245, 291.60410353299363, 18.551435283709516, 4.782235763529407, 0.3280734512499551, 0.09642064774986994]","[38260106.47067849, 5199135.258908321, 509561.1628640607, 32349.299925046318, 8264.571425401398, 547.3829835449076, 178.8717311108908]",198703.4
2025-06-16_2025-06-22,60845.16692986109,"[22628.0, 3120.0, 286.0, 18.0, 8.0, 0.0, 0.0]","[22803.480616561443, 3064.291649402224, 296.4106418214749, 19.351161046822792, 4.835641494286164, 0.24401028361060248, 0.0683338548823471]","[40537098.82942775, 5445079.362778321, 526064.2757210464, 34362.16899374072, 8519.97113400649, 416.03057504436487, 140.71111366918115]",203046.6
2025-06-23_2025-06-29,60852.16665104171,"[19651.0, 2698.0, 242.0, 12.0, 8.0, 0.0, 0.0]","[19642.88760088358, 2614.712321352271, 249.09410557036836, 15.49131716538872, 3.747222475263537, 0.19953349201399964, 0.08602350701431967]","[35202302.41731973, 4685051.20747829, 445886.32592670614, 27660.922291757382, 6715.100085294728, 341.8685696542584, 157.66610256734694]",176068.9
2025-06-30_2025-07-06,60859.166566782456,"[22807.0, 2972.0, 299.0, 18.0, 3.0, 0.0, 0.0]","[22571.27513057403, 2983.6995288315056, 283.09371966966785, 17.585310970786377, 4.09624025196199, 0.2714967605326163, 0.05707233460805992]","[40405342.53291749, 5342844.187378049, 506984.60626115504, 31433.98673878228, 7338.092648766702, 485.4857144523315, 119.46971059976188]",205408.2
2025-07-07_2025-07-13,60866.166639236166,"[22023.0, 2899.0, 276.0, 22.0, 5.0, 1.0, 0.0]","[22173.42773354072, 2903.3602890213633, 276.1071942285821, 17.958986951936804, 3.9775637902474488, 0.26861044391217315, 0.12778035132444587]","[39826186.63375711, 5214553.1123852935, 495921.03401442856, 32250.903470582405, 7154.279327685453, 496.87107569186236, 214.3013978084671]",206053.3
2025-07-14_2025-07-20,60873.16703865799,"[21737.0, 2863.0, 254.0, 15.0, 9.0, 0.0, 0.0]","[21837.61323527252, 2823.6604750379765, 262.9558718724463, 16.06712165703559, 4.2372625305647915, 0.1818357913084751, 0.05290357109448727]","[39217624.74447252, 5067993.174311371, 471460.77392903354, 28848.669602742593, 7548.718808469293, 334.86910979827735, 94.99508977457089]",206052.2
2025-07-21_2025-07-27,60880.16672905084,"[16636.0, 2167.0, 200.0, 12.0, 1.0, 0.0, 0.0]","[16573.432431567973, 2176.408206145214, 205.01248859484326, 13.32596094319388, 3.7318317375627315, 0.2766414213472832, 0.07079355131583312]","[28220085.049940437, 3710697.0893028867, 349943.8325072071, 22952.54146288638, 6364.674775760661, 489.0652192482502, 131.6648867770783]",150459.5
2025-07-28_2025-08-03,60887.16680451378,"[22233.0, 2890.0, 295.0, 14.0, 9.0, 0.0, 0.0]","[22068.403631139692, 2851.3194612554967, 267.442490445028, 16.973414728010187, 4.219796519926962, 0.19624135264887932, 0.07136267945398846]","[39140365.71366168, 5057610.547609764, 474305.68861776753, 30060.477891512044, 7467.287419738477, 364.03364043767607, 131.62165798494]",201641.4
2025-08-04_2025-08-10,60894.1670392364,"[17319.0, 2265.0, 206.0, 12.0, 5.0, 0.0, 0.0]","[17107.366336931016, 2202.307947054574, 204.15573751544375, 13.436545530296998, 2.9655171253066173, 0.18068496617823282, 0.08397044295054124]","[30745134.531255387, 3958880.8559962153, 367584.04534544394, 24145.30295558575, 5331.609675519562, 336.3190969539689, 149.69866985172868]",164137.7
2025-08-11_2025-08-17,60901.16687858797,"[12400.0, 1607.0, 152.0, 19.0, 2.0, 0.0, 0.0]","[12588.239518521146, 1599.980228806114, 149.03369695790056, 9.824064486696063, 2.631145635337047, 0.10179357241348695, 0.06947430464856111]","[22101408.64056452, 2800844.4028646206, 259732.88922756797, 16907.517365705466, 4547.895538315058, 196.93654247919812, 98.54991300740899]",114218.2
2025-08-18_2025-08-24,60908.16661006922,"[15884.0, 2005.0, 211.0, 12.0, 3.0, 2.0, 0.0]","[15843.524177744113, 2037.0779301401494, 195.46760514724673, 13.125197436741031, 3.3700815885332145, 0.21817685290845842, 0.08248393957828258]","[27005791.835636113, 3466812.585241909, 332160.2129661109, 22246.814732983956, 5693.713976453759, 341.1440789259976, 131.9658571803357]",135945.4
2025-08-25_2025-08-31,60915.16695486112,"[18191.0, 2362.0, 253.0, 12.0, 3.0, 1.0, 0.0]","[18050.1073471863, 2346.3197607563966, 229.71484406696368, 14.632282118370336, 3.9860599248714, 0.21845839966966163, 0.052490960820814794]","[32191641.1063301, 4177494.240479579, 407741.5662545157, 25966.237871194706, 7029.802531534753, 389.2293255795887, 99.09608212349757]",148471.3
2025-09-01_2025-09-07,60922.16703807874,"[19198.0, 2422.0, 250.0, 16.0, 7.0, 0.0, 0.0]","[18953.590508614117, 2480.5803979802245, 242.1900170559676, 15.536852953510339, 4.292749969171275, 0.19302858396106035, 0.03079904016936372]","[33879492.31943036, 4435177.992735538, 433580.2106880415, 27847.58041384804, 7744.647178035167, 344.4685855129576, 60.937558496823705]",148050.3
2025-09-08_2025-09-14,60927.25036713037,"[11883.0, 1512.0, 175.0, 13.0, 6.0, 0.0, 0.0]","[11869.613229394748, 1581.356820514084, 154.04451861977827, 10.306679511223274, 2.505418541349822, 0.1779822313669049, 0.050666403141441094]","[21171522.43345313, 2817843.871537623, 274205.53157272923, 18432.624417516516, 4485.527702163081, 319.1777975125371, 90.42306275300459]",103429.6
2025-09-15_2025-09-21,60936.34501064847,"[16655.0, 2232.0, 251.0, 13.0, 7.0, 0.0, 0.0]","[16610.832315272528, 2229.560426929866, 223.78390291124902, 14.836254694947208, 3.840804669271922, 0.2512478664766865, 0.05715045551933782]","[29889694.212488234, 4010666.2598014916, 402287.79750088806, 26713.9762109181, 6948.7477663938525, 474.23672569572466, 100.97336775453687]",158059.3
2025-09-22_2025-09-28,60943.16681076383,"[22380.0, 2999.0, 295.0, 21.0, 3.0, 1.0, 0.0]","[22157.361236900524, 3015.1275041270464, 304.60424489074677, 20.8853814036582, 5.742576761448859, 0.3691303662608535, 0.10172889692405336]","[39871095.91148297, 5422246.769835504, 547199.4412283836, 37366.70953945593, 10265.346346842005, 643.3125133646221, 194.32482511382906]",207737.5
2025-09-29_2025-10-05,60950.16695706014,"[22376.0, 3078.0, 317.0, 24.0, 4.0, 0.0, 0.0]","[22550.940090647848, 3063.3306856941285, 310.15643593648923, 22.17438953580721, 5.556875186723147, 0.37052166516938906, 0.1517688575080958]","[40548015.13982274, 5507125.801561566, 557214.7825793839, 39862.44489437146, 9919.271633061764, 629.70880619276, 249.37944929288022]",207789.5
2025-10-06_2025-10-12,60957.16664351853,"[22514.0, 3093.0, 329.0, 34.0, 8.0, 0.0, 0.0]","[22633.868937234336, 3174.4073959016005, 335.3792448755695, 23.31880423776626, 6.214730050757459, 0.33885006201099377, 0.09224422892448017]","[40569301.23859572, 5688071.311069872, 600501.0161285562, 41782.87112854231, 11091.41800994473, 619.3556625621483, 169.34012716920938]",207462.0
2025-10-13_2025-10-19,60964.16670879656,"[22606.0, 3284.0, 373.0, 28.0, 8.0, 1.0, 0.0]","[22681.252484560773, 3228.747893913502, 348.65650074597085, 24.931377428171636, 6.401101426657029, 0.46283613544585356, 0.12259862662896284]","[40877696.48918865, 5819022.315335749, 628308.0363677294, 44940.91702959547, 11551.646049255161, 827.3653489626295, 258.519948879297]",207763.9
2025-10-20_2025-10-26,60971.16692222213,"[22851.0, 3258.0, 366.0, 28.0, 7.0, 1.0, 1.0]","[22878.377290724162, 3270.847001742492, 362.4301627010106, 25.662778804570525, 6.901766111383775, 0.49216066929472996, 0.08269164451065063]","[41271648.797941506, 5898265.419716493, 652979.9940011745, 46187.2590904343, 12506.77028552527, 838.0600734136102, 168.25156692261197]",208027.5
2025-10-27_2025-11-02,60978.166854051065,"[22471.0, 3225.0, 342.0, 28.0, 9.0, 0.0, 1.0]","[22469.93220246478, 3179.023864732214, 339.38834502032375, 24.69343448058269, 6.693833900098245, 0.3767638046118573, 0.16061636778717348]","[40559290.385168634, 5738451.627514666, 612507.3713062988, 44507.447709881235, 12132.333693825592, 688.9612985701383, 267.9247652539265]",202208.3
2025-11-03_2025-11-09,60985.16687268496,"[21780.0, 3114.0, 339.0, 26.0, 8.0, 3.0, 0.0]","[21734.525729056797, 3029.242928778722, 312.72767990637266, 22.02220446130005, 5.476996255701307, 0.33597894453774585, 0.07588794349278082]","[38700775.46568025, 5393536.192037281, 556758.6431925194, 39244.45028737046, 9738.049351939713, 614.390605351804, 145.31478263049922]",204506.2
2025-11-10_2025-11-16,60992.16688125008,"[22875.0, 3124.0, 302.0, 31.0, 5.0, 0.0, 0.0]","[22560.863404070853, 3002.3333810835547, 295.8236133839313, 19.29558105120383, 4.973338368479988, 0.27483024300356845, 0.13067133213530943]","[40335935.78939406, 5366732.880060388, 528636.4528788658, 34379.04965520603, 8879.083200902662, 508.5850190860502, 230.92979195496076]",205491.2
2025-11-17_2025-11-23,60999.16677222219,"[22486.0, 3042.0, 349.0, 26.0, 5.0, 0.0, 0.0]","[22354.607986283612, 3006.3914461075456, 299.91742510579394, 20.07829055718523, 5.115714222465913, 0.3601120515880174, 0.08892463476106444]","[40024785.95538066, 5384089.59667184, 537534.2227632966, 36041.93757174265, 9180.037448811805, 658.9073017923611, 183.603637677527]",207843.0
2025-11-24_2025-11-30,61006.16708518481,"[22417.0, 3046.0, 321.0, 28.0, 6.0, 0.0, 0.0]","[22445.404371067933, 3057.165192514022, 310.2528859944895, 21.44365733508528, 5.128091067514337, 0.2213792838554293, 0.08763705192890786]","[40372734.43741199, 5498511.51042786, 557940.0690394378, 38452.35631244418, 9262.257585076733, 405.6710674007442, 161.04758827575648]",207800.0
2025-12-01_2025-12-07,61013.16692442136,"[22866.0, 3170.0, 312.0, 24.0, 7.0, 2.0, 0.0]","[22860.74103188805, 3105.491752000479, 314.2116740122172, 21.20968725416693, 5.5080879111056005, 0.30461342656473994, 0.07484503767711394]","[41096706.06961722, 5581760.591517281, 564766.7312577446, 38109.97630302186, 9902.796207112164, 544.437836319232, 128.01120537912558]",207919.6
2025-12-08_2025-12-14,61020.16679918961,"[23030.0, 3206.0, 316.0, 19.0, 5.0, 0.0, 0.0]","[22738.658439987703, 3119.417412212353, 316.0363682196872, 21.43311498571363, 5.7171617399290895, 0.3041733809730879, 0.14606673672218445]","[40861491.181411155, 5604998.560957181, 567971.3692867724, 38585.3170466415, 10341.363670117351, 541.1651984473866, 288.7217628300935]",206434.5
2025-12-15_2025-12-21,61027.16697870383,"[22774.0, 3145.0, 321.0, 20.0, 6.0, 0.0, 0.0]","[22777.11463171067, 3120.9891479595462, 321.09283030468373, 21.272784668346436, 5.35820275227084, 0.37891772102135235, 0.088870548056318]","[40701069.92499389, 5575296.010940869, 573962.0992379211, 38031.42872693291, 9603.617662569075, 681.8241815715265, 157.78573178887572]",204949.9
2025-12-22_2025-12-28,61034.16675069425,"[15753.0, 2156.0, 270.0, 12.0, 5.0, 0.0, 0.0]","[15712.551183303052, 2178.5643428856256, 222.96497435156587, 14.978999032839619, 3.8045923268624198, 0.22682889751504298, 0.06844620268924971]","[27861000.459591504, 3860400.8992107525, 395434.2276826623, 26597.97285516398, 6804.3929531069025, 387.3125305010639, 131.58828372721447]",147785.2
2025-12-29_2026-01-04,61041.16678518496,"[23639.0, 3382.0, 346.0, 39.0, 10.0, 1.0, 0.0]","[23467.042772249995, 3301.7565826270993, 351.0193013336333, 25.703118654592398, 6.769387789397207, 0.4937700013010418, 0.13768813815835693]","[41738685.90232941, 5871576.95499068, 625132.2925427947, 45863.53435454892, 12083.493879865253, 866.9662849096052, 235.182658140715]",204034.7
2026-01-05_2026-01-11,61048.1668094906,"[20242.0, 2964.0, 308.0, 19.0, 5.0, 0.0, 0.0]","[20455.663403583963, 2913.468471611488, 312.00725634431564, 20.665407830682206, 5.47464276253227, 0.36473828450684603, 0.1360352977915598]","[36076137.71915607, 5136698.566138018, 550659.7176045757, 36524.22641809726, 9717.864379583363, 664.1065642979504, 258.9738578796942]",182170.0
2026-01-12_2026-01-18,61055.16681574068,"[23310.0, 3210.0, 357.0, 27.0, 4.0, 0.0, 1.0]","[23119.32667363513, 3246.89339790061, 343.8661299051149, 24.76687237407459, 5.8835692776206985, 0.4468574221557416, 0.08753155996189696]","[41013356.231479816, 5761307.097399615, 610972.1836381439, 44003.13856014344, 10475.934039934848, 796.4799065178215, 168.10437682092552]",203973.2
2026-01-19_2026-01-25,61062.16678483808,"[23120.0, 3335.0, 377.0, 14.0, 6.0, 2.0, 0.0]","[23450.528061472087, 3284.9621683234095, 345.5230850776845, 23.04532472056006, 6.246774741710531, 0.4028200115611416, 0.14143638763499108]","[41350210.19331395, 5794158.052896209, 610041.3879902312, 40683.58116993517, 10997.143368911258, 725.4069208034059, 242.96705096288045]",202744.8
2026-01-26_2026-02-01,61069.16677719957,"[23150.0, 3195.0, 354.0, 23.0, 5.0, 0.0, 0.0]","[23164.44850990084, 3254.95122126964, 345.68410277468536, 25.16485343740421, 5.882520568309446, 0.41479452449615384, 0.12444387794794479]","[41054390.10116102, 5770399.6138145095, 613905.6565800807, 44662.08918265115, 10488.693746373256, 720.4388440552924, 222.20862832349349]",204747.9
2026-02-02_2026-02-08,61076.16705497642,"[22045.0, 3197.0, 365.0, 16.0, 3.0, 0.0, 0.0]","[21960.711170898925, 3142.590141677622, 336.7975947549029, 23.99111813511633, 6.674093597583556, 0.3839792465470825, 0.0994557716321316]","[37489349.85084804, 5368624.438781501, 576365.8238886532, 41120.95995779733, 11488.00876993202, 685.6599042500253, 170.36197130060398]",193063.8
2026-02-09_2026-02-15,61083.16677974512,"[21031.0, 3015.0, 321.0, 22.0, 5.0, 0.0, 0.0]","[21047.759991746825, 2959.022141258781, 308.92327742604573, 20.609663789831057, 5.580806413763855, 0.3759032865899121, 0.0898238632166722]","[36964862.7971458, 5201105.402441575, 544050.87390522, 36250.9319740475, 9884.209066769661, 638.062541380985, 156.7501778252517]",187771.2
2026-02-16_2026-02-22,61090.16656608831,"[18190.0, 2609.0, 271.0, 25.0, 2.0, 0.0, 0.0]","[18281.687636340244, 2572.1757459033806, 270.7227860769907, 18.563207078161756, 5.001782991617617, 0.27301795239980764, 0.07107082308929236]","[31219131.212436166, 4398928.677699809, 464164.5475369362, 31999.966230783328, 8533.33105008295, 454.35604331763216, 126.51941902147287]",165487.8
2026-02-23_2026-03-01,61097.166678703776,"[21988.0, 3184.0, 350.0, 31.0, 5.0, 2.0, 1.0]","[21961.4329961672, 3110.5760308388194, 325.9084396203974, 22.863206853939687, 5.177430774309832, 0.36128393573415124, 0.09207409874606662]","[37646622.45298678, 5338640.5963936215, 561401.3682323727, 39279.60123470684, 8949.384736022834, 610.0744810896545, 149.34818384131142]",190184.8
2026-03-02_2026-03-08,61104.16654675924,"[22742.0, 3262.0, 321.0, 28.0, 3.0, 1.0, 0.0]","[22725.280678391442, 3230.495408257747, 340.05781272702495, 23.404856602180427, 6.080876727959392, 0.39591654123122527, 0.13670734378774954]","[40636085.69004123, 5776844.20878379, 609397.5159007899, 42034.69521302128, 10858.563616893556, 696.0971242255285, 243.09690565219037]",205787.9
2026-03-09_2026-03-15,61111.1666612272,"[22415.0, 3143.0, 337.0, 25.0, 7.0, 0.0, 0.0]","[22378.8645564925, 3158.8695527018094, 335.1723301240835, 23.65905800293535, 6.188387619222192, 0.36612925219767245, 0.09924459505218634]","[40102244.42374323, 5660591.314331902, 601001.7698088869, 42401.191253931436, 11041.870538515108, 639.9231552626076, 165.06977135757518]",206110.0
2026-03-16_2026-03-22,61118.16672777723,"[22037.0, 3186.0, 319.0, 22.0, 1.0, 0.0, 0.0]","[22305.622760276692, 3145.9766134407596, 322.2399709022177, 21.749595585494806, 5.646023525644162, 0.3588808212933837, 0.1014208601536525]","[39888481.141969986, 5627704.182885448, 576953.7719063257, 38953.715569525804, 10158.729402811561, 621.4383416417261, 192.57865681288536]",204314.4
2026-03-23_2026-03-29,61125.16668842604,"[22937.0, 3347.0, 337.0, 27.0, 6.0, 0.0, 0.0]","[23133.06596808698, 3284.397726492007, 346.2288644478197, 24.243215702937317, 6.253461804096182, 0.3345376513355986, 0.07553638273407366]","[41661143.3401629, 5914991.488876229, 623908.2546089656, 43847.33456246874, 11267.84253695924, 636.1620163034225, 137.98752016430885]",206036.1
