# ra : 49.95, dec : 41.45
# nhits : [0, 1, 2, 3, 4, 5, 6]
# delta : [0.89, 0.662, 0.498, 0.398, 0.332, 0.263, 0.196]
# max_zen : 50.0
name,mjd,n_on,n_bkg,n_off,tobs
2021-03-08_2021-03-14,59284.33328206009,"[29681.0, 3420.0, 349.0, 28.0, 6.0, 0.0, 0.0]","[29701.06590138288, 3408.9603105332985, 338.4248876138886, 22.20217880466032, 5.400936589647951, 0.41186462690611336, 0.15859481851855967]","[927638624.0629379, 106441261.51459569, 10587305.972063541, 696622.2177445226, 170289.18037976237, 13170.758409859964, 5122.921956478188]",145492.9
2021-03-15_2021-03-21,59291.16655543972,"[10993.0, 1273.0, 116.0, 11.0, 3.0, 1.0, 0.0]","[10752.9571528653, 1253.4384174940233, 121.61118389759174, 7.6749967226328195, 1.95238120095258, 0.16037915018442292, 0.040669641207166624]","[322832568.8343075, 37634652.28110073, 3663540.9027793356, 230429.79035625688, 60366.159970316236, 4857.489844215028, 1401.5321345838727]",67660.0
2021-03-22_2021-03-28,59298.16639849528,"[27984.0, 3296.0, 306.0, 6.0, 4.0, 2.0, 1.0]","[27967.27938894471, 3223.0994637506506, 320.7936955198158, 21.645745587227285, 5.249172454988589, 0.40326575171524504, 0.14122547987740053]","[815302436.4413557, 93995923.30266607, 9365292.526308406, 633029.3648985907, 153103.02700762195, 12434.118556814099, 3994.2936913565113]",147688.6
2021-03-29_2021-04-04,59305.16613796316,"[17086.0, 1998.0, 177.0, 15.0, 3.0, 1.0, 0.0]","[17054.337650744375, 1979.7899879751974, 199.03873101177663, 13.139392675399789, 3.2671206005379183, 0.29760449897745267, 0.07046486442722877]","[493565360.7832802, 57164060.7363008, 5754933.866974033, 380360.6025120838, 95306.34127019269, 8681.943399630794, 2342.2166593690235]",92589.0
2021-04-05_2021-04-11,59312.16602650478,"[30060.0, 3320.0, 335.0, 19.0, 6.0, 0.0, 0.0]","[29980.209093997808, 3365.0916298318243, 329.4238494690503, 22.281373981689267, 5.455814676141385, 0.43403410790297325, 0.11027796075180454]","[962287154.0593585, 108337252.0611086, 10630513.79334544, 717339.3735720534, 176669.50233110506, 13714.33954504806, 3507.893254119071]",150701.0
2021-04-12_2021-04-18,59318.83206319419,"[12095.0, 1304.0, 123.0, 7.0, 2.0, 0.0, 1.0]","[12018.276135690228, 1355.186208963558, 132.96380924912438, 8.353823718776388, 2.0875586142780818, 0.28552686187786036, 0.040471456896406716]","[322994093.80587304, 36347346.247866035, 3578118.356534145, 224696.6282604889, 55781.27940622822, 7839.941524406579, 1037.2089628614706]",69522.0
2021-04-19_2021-04-25,59326.32490347181,"[27595.0, 3061.0, 296.0, 18.0, 5.0, 2.0, 0.0]","[27737.35126614126, 3094.6386323477846, 301.88640642347235, 19.424270740884083, 5.101479322104545, 0.44000828143164694, 0.16926997380673925]","[846162408.2539525, 94584725.92676018, 9248339.255913828, 600117.884197095, 157682.44612954985, 13805.10175039292, 5334.052742047758]",139424.3
2021-04-26_2021-05-02,59333.15840833324,"[37047.0, 3963.0, 415.0, 32.0, 8.0, 2.0, 1.0]","[37217.23321455314, 4161.428225554355, 408.3959338697862, 26.13422784967869, 6.8577579305080185, 0.5512834030880512, 0.2503756841902168]","[1229904885.1270251, 137395766.02072778, 13477837.449676938, 863633.8750980125, 226208.3893217545, 18210.120131617856, 7100.221105645743]",194736.2
2021-05-03_2021-05-09,59340.166622916775,"[33511.0, 3674.0, 331.0, 20.0, 9.0, 0.0, 0.0]","[33084.10834099069, 3684.7157348956216, 350.6097641427585, 23.140974063484787, 5.776868098315908, 0.5076731318766868, 0.13471910891068717]","[1122939242.531947, 124815381.46386315, 11862238.269150339, 780568.2220332167, 196251.65827996965, 17369.839360572445, 4647.905626216287]",188666.9
2021-05-10_2021-05-16,59347.16690069436,"[37862.0, 4263.0, 388.0, 32.0, 0.0, 0.0, 0.0]","[38001.26441687835, 4207.984627818946, 400.0375399795279, 25.98014515316878, 6.583585591685396, 0.6127946739574159, 0.2099244133025356]","[1287881974.1986156, 142650144.86365932, 13575291.5632081, 882455.7404184559, 223564.32097184678, 21436.384338691943, 6570.346115051312]",200411.2
2021-05-17_2021-05-23,59354.16703310164,"[30861.0, 3493.0, 290.0, 20.0, 4.0, 1.0, 0.0]","[30973.89379482481, 3452.54160565113, 320.4138079944351, 20.482145056280817, 5.113339086080142, 0.36870384922850824, 0.1406134567218592]","[1001281348.4004396, 111526987.27108015, 10337270.4030708, 660583.4596232456, 167304.10410453996, 11512.50486335282, 5011.288732787278]",158742.8
2021-05-24_2021-05-30,59361.16682986069,"[32135.0, 3535.0, 319.0, 25.0, 11.0, 1.0, 1.0]","[32018.47966850998, 3544.8760873662536, 331.785265520935, 20.99736776266632, 4.897942742642145, 0.4167754584627408, 0.11462147822174214]","[1060596182.6971811, 117501473.52904223, 10992676.560513984, 693726.7586892027, 161441.60653686183, 14109.359454481766, 4053.7672947445917]",171929.1
2021-05-31_2021-06-06,59368.16688032413,"[35887.0, 4051.0, 394.0, 24.0, 6.0, 1.0, 0.0]","[35785.207636640065, 4016.5574098513166, 379.44611370554935, 23.50716921230854, 5.909406986020704, 0.4164651368178515, 0.1519569208539854]","[1221956363.9614875, 137122734.70912492, 12934652.328519111, 798414.9799028491, 200363.52972639567, 14580.685731267664, 4953.332984706195]",201567.5
2021-06-07_2021-06-13,59375.16701273163,"[36717.0, 3987.0, 350.0, 25.0, 8.0, 0.0, 0.0]","[36501.354591675685, 4103.711174182782, 389.3683542266706, 24.39037799132003, 5.958164743052491, 0.4773109581911051, 0.128194718771855]","[1263626327.0020144, 141949479.33958313, 13448530.54752383, 838462.7017586328, 204207.29596361576, 15908.788609431247, 4865.23657050392]",204068.3
2021-06-14_2021-06-20,59382.16671944457,"[33328.0, 3679.0, 370.0, 16.0, 6.0, 0.0, 0.0]","[33038.72977075676, 3701.5541758739723, 348.5342417968964, 20.5877939179428, 5.175962297130061, 0.40390934292773856, 0.1558216423862408]","[1132393929.3223348, 126828252.54955332, 11933341.574993532, 703357.4391638725, 177198.82850450813, 13602.357369348718, 5091.5912897910475]",189131.2
2021-06-21_2021-06-27,59389.16656782394,"[29445.0, 3273.0, 280.0, 19.0, 6.0, 1.0, 0.0]","[29512.07633388768, 3305.943670318232, 310.34478971396663, 19.012289528437826, 4.672938178594187, 0.2605618262261685, 0.15035138262158182]","[977577382.9806582, 109101573.44767159, 10199037.279916493, 620324.0620635953, 152451.0764643292, 8527.973973795757, 4668.14657143338]",173499.9
2021-06-28_2021-07-04,59396.16681620365,"[36539.0, 4125.0, 394.0, 22.0, 4.0, 0.0, 0.0]","[36371.2414514538, 4093.7861735988013, 388.9042999381, 24.543477697119293, 6.325731129860863, 0.420274062451725, 0.2076475771255895]","[1240651353.9637775, 139512860.56079105, 13233727.055839917, 834072.5203443032, 214765.90554877947, 14584.216525537702, 6744.73604394696]",201505.2
2021-07-05_2021-07-11,59403.16680162038,"[35570.0, 4005.0, 363.0, 23.0, 4.0, 0.0, 0.0]","[35923.87053572956, 4025.7387990459483, 379.1479298715633, 24.24918538862357, 5.90323167855528, 0.4823866525347086, 0.1590177892176672]","[1238327211.8838906, 138737945.28212973, 13055941.555779524, 836232.0607104285, 203518.35271551422, 17357.64448956232, 5455.3408755101855]",197222.3
2021-07-12_2021-07-18,59410.16673958351,"[35522.0, 4026.0, 382.0, 30.0, 7.0, 0.0, 0.0]","[35665.25383870468, 4002.149939986303, 378.3024954161466, 24.138679746269542, 5.6974714116017, 0.45852025071497826, 0.19781564738035057]","[1192201905.2861187, 133771353.34672418, 12637297.009723365, 802113.6177291549, 190440.48443115532, 15648.75632319182, 7111.671586951899]",195286.8
2021-07-19_2021-07-25,59417.16679537053,"[24759.0, 2735.0, 269.0, 21.0, 4.0, 1.0, 0.0]","[24822.938938782492, 2792.002316378752, 266.30377669237305, 17.07391641608026, 4.129841473123804, 0.2757265281416578, 0.1212332433758359]","[782083166.3535571, 87965576.2927422, 8367195.6664710855, 535567.3165666034, 129760.28055179285, 8485.547717257676, 3531.052674014951]",154143.5
2021-07-26_2021-08-01,59424.16695729188,"[9916.0, 1184.0, 111.0, 8.0, 1.0, 0.0, 0.0]","[10018.716254776818, 1127.7644570329408, 104.29952094537782, 6.575044713838069, 1.6382492872611039, 0.15660303323758748, 0.013913546223317709]","[311562001.78830147, 35013754.18578891, 3252152.7542584473, 202779.55092897153, 51587.5082846631, 4600.36779809674, 423.0662348002842]",63268.9
2021-08-02_2021-08-08,59431.16673773149,"[33759.0, 3701.0, 380.0, 28.0, 9.0, 0.0, 0.0]","[33795.95307673165, 3818.0342987411723, 363.6108571287665, 22.738893581550983, 5.726410643647955, 0.5853733330424642, 0.15333063029161828]","[1148854885.03595, 129735895.4046629, 12348349.021638684, 771149.6027710622, 193101.3754975487, 19927.364620145214, 5044.111024987036]",188149.5
2021-08-09_2021-08-15,59438.16700601812,"[36259.0, 4068.0, 388.0, 21.0, 7.0, 1.0, 0.0]","[36401.92954460659, 4078.868769868409, 390.55982623645133, 24.51810396786593, 6.222644890238927, 0.4234939420770781, 0.1642983187269747]","[1246913492.8225143, 139681488.2036366, 13362436.903185965, 840424.2038667025, 212708.34182444366, 14375.244545746873, 5587.760768172568]",202380.5
2021-08-16_2021-08-22,59445.16691111219,"[36652.0, 4164.0, 408.0, 21.0, 9.0, 0.0, 0.0]","[36803.054274074886, 4162.843999368118, 390.7847177073033, 24.48022902439536, 6.153792826066785, 0.385962124859323, 0.16224848921820706]","[1261065896.0412743, 142571488.65865806, 13382194.81124863, 838558.7262670217, 210928.25232601276, 12858.310015372017, 5718.5485749805175]",202930.2
2021-08-23_2021-08-29,59452.16672245379,"[37166.0, 4144.0, 395.0, 25.0, 8.0, 1.0, 0.0]","[37198.39606438481, 4160.099606723804, 393.88657087300294, 24.913663944269583, 6.211138190517534, 0.4834315846033601, 0.18430839083117656]","[1255895678.906221, 140275932.25599384, 13267822.028785573, 836501.060071867, 209686.35836158157, 16560.75683060747, 5823.253592571062]",202987.8
2021-08-30_2021-09-05,59459.16678854192,"[36849.0, 4158.0, 393.0, 34.0, 3.0, 0.0, 1.0]","[36820.18374400043, 4161.274527749114, 394.82518232147476, 26.22373500141821, 6.626001233972001, 0.49738671749075947, 0.21562810020661927]","[1266848897.2966943, 143113976.59207702, 13570349.979366323, 899980.2064462946, 226317.22073875475, 17472.845355514633, 7681.917817232344]",203968.9
2021-09-06_2021-09-12,59466.167044907554,"[35931.0, 4083.0, 384.0, 29.0, 7.0, 1.0, 0.0]","[36282.16441600401, 4080.0142426677253, 389.9915937158808, 25.003697940903145, 6.456222314262477, 0.4740697789973452, 0.2207533443828392]","[1225119884.9796717, 137677200.55111638, 13165795.663919836, 844823.6748293029, 218671.99956985703, 15629.329013090904, 6617.684814377045]",203543.6
2021-09-13_2021-09-19,59473.16697187504,"[36102.0, 4137.0, 369.0, 12.0, 7.0, 0.0, 0.0]","[36180.517806692376, 4039.978341791275, 382.7346094728011, 24.61210391458977, 5.606109519636091, 0.4910171195433389, 0.14194684589556636]","[1181547666.1581953, 131910089.70687017, 12507928.539573867, 803029.9881792053, 182997.83151526446, 16169.321135720593, 5123.302721097887]",191896.0
2021-09-20_2021-09-26,59480.166958217735,"[30003.0, 3496.0, 338.0, 22.0, 1.0, 1.0, 0.0]","[30224.898842115468, 3444.361317283613, 335.6583312610643, 21.58578685256087, 5.7282289452597155, 0.4020242304395259, 0.1382387457806246]","[957964396.6047662, 109176807.18668239, 10639401.455634093, 682533.5578413116, 178795.23945477468, 14121.505258233257, 3734.0666691939546]",171690.9
2021-09-27_2021-10-03,59487.24986284722,"[34035.0, 3914.0, 364.0, 28.0, 6.0, 1.0, 1.0]","[34233.71944185814, 3881.064144491954, 378.0047926408863, 23.838357684695854, 6.516938495516761, 0.5039985809155508, 0.18351016170879195]","[1169683129.7715273, 132570950.20150292, 12903709.371245658, 813230.5859557606, 222211.30219971124, 17792.269304066733, 6731.2017663819115]",190888.1
2021-10-04_2021-10-10,59494.25005740744,"[32263.0, 3670.0, 350.0, 25.0, 5.0, 1.0, 0.0]","[32163.52642145061, 3640.48811823947, 352.7948744325785, 22.496971685685864, 5.5963010689265245, 0.5423514801850644, 0.18487364434504375]","[1105489656.1048255, 125160333.01375374, 12116397.479609827, 771026.0320554252, 192003.53306711232, 17903.962191258284, 6271.871670567836]",176320.0
2021-10-11_2021-10-17,59501.16663148133,"[36302.0, 4115.0, 410.0, 20.0, 11.0, 0.0, 0.0]","[36469.78775314385, 4150.65986228565, 402.23503256736973, 26.09237778329671, 6.954693196137767, 0.5122827263565826, 0.18739529659171303]","[1233983898.4836123, 140275741.9076769, 13577512.65884983, 879725.537593919, 234139.63001892614, 17041.676544757716, 6396.906244857858]",204529.7
2021-10-18_2021-10-24,59508.16666423631,"[37263.0, 4169.0, 446.0, 34.0, 3.0, 0.0, 0.0]","[37041.536616456906, 4187.1992920954035, 403.5924289675485, 26.468433115948397, 6.069137228488511, 0.5118904820813344, 0.22639278080806444]","[1251589553.7855463, 141247349.81288144, 13609542.415872345, 897391.2160297188, 205635.8781965813, 17079.969534204192, 7356.195532169785]",204894.3
2021-10-25_2021-10-31,59515.1669280092,"[37095.0, 4223.0, 407.0, 32.0, 9.0, 1.0, 0.0]","[37154.44692394363, 4241.112768994897, 407.4467921944989, 26.941886873835163, 6.714681355765644, 0.5967293536609322, 0.17500361479953389]","[1269413016.9299035, 144923201.4200282, 13926364.356251245, 920078.0836524573, 230356.89195762126, 19365.857948636087, 5985.95063078532]",205656.7
2021-11-01_2021-11-07,59522.1668252314,"[33503.0, 3808.0, 358.0, 33.0, 5.0, 0.0, 0.0]","[33394.18648889414, 3841.4711992387347, 378.13330011790066, 24.625593230295085, 6.401467904054828, 0.5597746005049787, 0.21288063099460197]","[1147889682.6187856, 131895258.58668748, 12969602.767992241, 842012.2693053634, 217923.82110989463, 19863.832028791265, 6992.90841611938]",187758.4
2021-11-08_2021-11-14,59529.16671238424,"[38027.0, 4244.0, 411.0, 25.0, 14.0, 2.0, 0.0]","[38068.55921076844, 4355.377307296769, 424.1610461776322, 27.501836678985022, 6.970598892348979, 0.5844117206215083, 0.17428799078089477]","[1315028840.5781004, 150427630.84015092, 14666822.56047583, 948573.2731815297, 241727.07308801555, 20493.948347434263, 5736.776728787764]",205596.5
2021-11-15_2021-11-21,59536.16684085637,"[38381.0, 4436.0, 435.0, 23.0, 6.0, 1.0, 0.0]","[38270.04364833406, 4352.5429716821145, 417.4678898428395, 27.243821680771106, 6.820765467977274, 0.5569218366749226, 0.17831671329651164]","[1284054392.1364245, 145998440.04254836, 14000423.06708021, 914536.7444606979, 230813.45597019172, 18359.45840399442, 6332.766296855605]",198350.3
2021-11-22_2021-11-28,59543.166822106185,"[37476.0, 4304.0, 436.0, 19.0, 5.0, 0.0, 1.0]","[37813.07186953339, 4281.528816416014, 418.86571348025825, 27.311302939212304, 7.137269557901802, 0.5327281978350655, 0.18849711996622504]","[1309473843.5205834, 148231702.82751685, 14484457.811633483, 946061.0239786503, 246766.42874086928, 18060.55062052399, 6226.424689366779]",205733.5
2021-11-29_2021-12-05,59550.16697291678,"[37275.0, 4244.0, 423.0, 34.0, 11.0, 0.0, 0.0]","[37246.608343796666, 4210.133376537374, 406.80483622193566, 26.526074666052335, 6.873866911568606, 0.5200692539948736, 0.1571558912928387]","[1282247392.2965014, 144792761.21821603, 13995128.742264451, 908969.0174097411, 235623.73124833932, 17963.25339669182, 5319.481347845471]",204818.5
2021-12-06_2021-12-12,59557.16690509248,"[37947.0, 4384.0, 451.0, 28.0, 9.0, 0.0, 0.0]","[38242.06771035355, 4350.20070599907, 425.4963142326559, 27.835966958280586, 7.354074406403042, 0.5249399248601248, 0.17110349878228243]","[1323507122.5316837, 150470448.86172768, 14698574.623662679, 959803.9233927119, 254586.8200979326, 17937.035355974975, 6282.429613716362]",205623.7
2021-12-13_2021-12-19,59564.166788194445,"[38646.0, 4466.0, 387.0, 27.0, 11.0, 0.0, 0.0]","[38625.29612703552, 4376.082132142261, 426.9453882497367, 28.271203824337356, 7.149876444025737, 0.5829532696138275, 0.1943736878220422]","[1338303275.7560759, 151561369.9553425, 14764225.068641715, 977102.1109350448, 248995.40965024635, 20790.726176902877, 7525.698889211468]",201505.2
2021-12-20_2021-12-26,59571.16683148157,"[38813.0, 4344.0, 427.0, 31.0, 9.0, 1.0, 0.0]","[38984.93788102623, 4427.659181197734, 436.51222038459895, 29.04310784713602, 7.2436795522806685, 0.614150379052108, 0.24029641382234093]","[1349927660.289514, 153211486.6929112, 15085402.396474857, 1002005.3143818856, 250588.4571632252, 20052.516312374482, 8525.648328532758]",205631.4
2021-12-27_2022-01-02,59578.16677905083,"[34828.0, 3958.0, 396.0, 19.0, 3.0, 2.0, 0.0]","[34914.41655667597, 3959.043926538563, 391.1029495794034, 26.066553072825183, 6.833009250079596, 0.6327623931757936, 0.1534637878820889]","[1141774753.5344064, 129561230.6873979, 12784587.359573308, 853039.6012366634, 221982.9831238287, 20901.31846158221, 4879.100924780546]",190923.7
2022-01-03_2022-01-09,59585.16683425926,"[38199.0, 4265.0, 399.0, 21.0, 5.0, 0.0, 0.0]","[38232.78054830376, 4345.0123639789135, 423.1770458398586, 28.110559095180992, 7.344669996264314, 0.6281666827457623, 0.21330369163530238]","[1321116220.6165812, 150018430.29143244, 14609001.595199998, 970134.8462866072, 253454.26121346265, 21777.29064382529, 7286.543515969032]",205596.7
2022-01-10_2022-01-16,59592.16679201393,"[38470.0, 4420.0, 443.0, 29.0, 5.0, 0.0, 0.0]","[38662.01322314316, 4365.150302377587, 427.9586274425629, 28.392570461118716, 6.994368765974848, 0.4983121010514293, 0.2607668189878758]","[1336678647.0607166, 150856202.76353654, 14789331.40693317, 981964.786192463, 243182.1536002153, 18163.204449364646, 8758.430537014596]",205795.4
2022-01-17_2022-01-23,59599.16700868019,"[38080.0, 4291.0, 434.0, 29.0, 12.0, 1.0, 0.0]","[37906.015714178335, 4266.404895639457, 416.56019765587973, 27.992450073225157, 6.800169659797942, 0.6802758435152438, 0.1871693020096402]","[1293540415.98278, 145516047.7119439, 14186106.994247718, 952863.9272768915, 232136.91234439533, 22562.721389718747, 6447.759822793986]",194251.7
2022-01-24_2022-01-30,59606.16685833294,"[38696.0, 4280.0, 411.0, 28.0, 7.0, 0.0, 0.0]","[38862.32378803197, 4372.613149865942, 421.4806796824905, 27.632690714995128, 7.15463512360373, 0.6392226038744749, 0.13762143744816763]","[1326417268.7906435, 149215235.44167057, 14378154.364338726, 942574.4569517596, 244907.55734957455, 21743.27080648148, 4523.616868975679]",202989.2
2022-01-31_2022-02-06,59613.16693032354,"[39004.0, 4273.0, 407.0, 31.0, 14.0, 0.0, 0.0]","[38934.36453164817, 4409.360993706923, 428.76429903233435, 28.172681019218377, 7.438099527447133, 0.6151008866463198, 0.22710654400799585]","[1336031306.6316772, 151299189.2999894, 14712840.639939098, 967563.3364830281, 256054.6852285589, 21772.214839640288, 8423.93658179743]",202754.0
2022-02-07_2022-02-13,59620.16686990748,"[39199.0, 4396.0, 435.0, 18.0, 6.0, 0.0, 1.0]","[39350.51118372992, 4433.905177262242, 430.8834880231573, 28.594927745031455, 7.302899383154016, 0.7936258654974518, 0.14427981666202933]","[1354332905.1979516, 152518815.26609153, 14821116.846900912, 987557.4572992236, 251981.97940431163, 27833.394205676195, 5477.775017249041]",201918.3
2022-02-14_2022-02-20,59627.16690486121,"[17404.0, 2053.0, 187.0, 10.0, 2.0, 0.0, 0.0]","[17365.27002807792, 2028.8688762998688, 196.30845008642248, 12.963650002069144, 3.318011503317728, 0.236434319705556, 0.05316983198567703]","[584522417.5728022, 68308935.0474708, 6603546.266028686, 438061.9694025513, 111414.66472001477, 8036.591764883368, 2523.9193155577423]",108371.3
2022-02-21_2022-02-27,59634.16683993064,"[28897.0, 3245.0, 324.0, 30.0, 7.0, 1.0, 0.0]","[28877.503730106542, 3235.2046873187446, 308.6188606266919, 19.987564442986468, 5.059596342180922, 0.4608166257361165, 0.14188497005321316]","[988057374.7274233, 110795125.07408695, 10571273.702532982, 685520.6531534798, 174084.99637342306, 16308.802982713674, 4841.160300481688]",159667.2
2022-02-28_2022-03-06,59641.166850115726,"[37649.0, 4290.0, 363.0, 28.0, 10.0, 2.0, 0.0]","[37864.95908004881, 4227.72365420298, 404.436896943364, 25.820669717306302, 7.185223868605675, 0.6566103151361864, 0.18169511211513115]","[1297266500.1519105, 144901683.9837386, 13879686.54413044, 886985.4879008818, 246556.50480611832, 22238.593034353293, 6073.760089762613]",204098.1
2022-03-07_2022-03-13,59648.16671736075,"[31458.0, 3435.0, 321.0, 14.0, 1.0, 1.0, 0.0]","[31550.678325294073, 3464.2929214614414, 319.5947912055564, 20.178799829359072, 5.267841796498206, 0.37401811051868133, 0.18542723072203404]","[1057153528.1703036, 115960706.9567015, 10701910.735539518, 674904.6856013811, 177687.88167358068, 11942.408946209081, 5938.046452984542]",178655.7
2022-03-14_2022-03-20,59655.16690104192,"[36479.0, 3918.0, 341.0, 26.0, 7.0, 0.0, 0.0]","[36407.84109031103, 3971.6968240321116, 365.4785206730054, 22.156041831047293, 5.707727459042903, 0.4504857386399056, 0.14206881898024165]","[1242131947.9698489, 135429132.15579388, 12477404.174287511, 757568.8636867935, 193776.02214160818, 15751.544320027839, 5658.098390211762]",204033.6
2022-03-21_2022-03-27,59662.16696226853,"[36726.0, 3942.0, 346.0, 30.0, 9.0, 1.0, 0.0]","[36991.08453904474, 4020.1229160262537, 368.781230576387, 23.43207186626294, 5.643502059471294, 0.4876727697250669, 0.15603060351583298]","[1258506117.6829834, 136889360.30687004, 12579514.9581309, 798707.6079071604, 194594.78647325176, 17144.943439856896, 5445.906649743301]",204042.4
2022-03-28_2022-04-03,59669.166778935,"[32748.0, 3524.0, 336.0, 25.0, 5.0, 1.0, 0.0]","[32789.589525567666, 3540.3954841439804, 323.64309372552174, 20.36652351472613, 5.104387046976862, 0.4772640597002473, 0.10144663034491316]","[1111333253.487548, 120064964.65502903, 10997631.866482176, 691564.3741652324, 174076.7337832954, 16917.740008066838, 3450.0995190545436]",187973.5
2022-04-04_2022-04-10,59676.16661817132,"[20838.0, 2193.0, 212.0, 17.0, 3.0, 0.0, 0.0]","[20685.881630163345, 2231.805355153267, 203.6935294764358, 12.90440547813863, 3.505424933441853, 0.325321766110567, 0.042340980369653836]","[678031376.7504364, 72855362.45993148, 6640878.043866719, 419561.2900869172, 114095.76312907599, 10936.72673481015, 1619.5863593724766]",147631.3
2022-04-11_2022-04-17,59683.16650127327,"[34656.0, 3712.0, 319.0, 16.0, 6.0, 0.0, 0.0]","[34595.51401374912, 3675.696816703256, 329.7924220631186, 19.472792745760078, 5.3327091708622, 0.5118339218024393, 0.16000387289302667]","[1183098678.7381961, 125666394.90097247, 11278387.91970428, 668854.2649595046, 182561.67807153685, 16998.34939358083, 5626.346869353006]",203986.9
2022-04-18_2022-04-24,59690.16679131911,"[31096.0, 3493.0, 320.0, 16.0, 9.0, 0.0, 0.0]","[31041.208747054832, 3352.6948320802503, 302.7067212632825, 18.737571018000676, 5.167452109301491, 0.3611067274816536, 0.15136424674988352]","[1062683697.5396981, 114935948.89197385, 10407733.333113616, 647669.8131671111, 178464.54635590597, 12547.726347739244, 4890.445109305252]",181850.0
2022-04-25_2022-05-01,59697.16674571783,"[15540.0, 1692.0, 162.0, 5.0, 4.0, 0.0, 0.0]","[15524.077216542892, 1723.067962883332, 163.06323113640588, 9.844809588243383, 2.424501860966544, 0.21025013592343833, 0.03373018717890737]","[530613217.1666425, 58878324.52236801, 5570749.352167669, 335936.9160832097, 83600.43537170431, 7238.819736110643, 1646.506984783699]",90207.6
2022-05-02_2022-05-08,59704.16650463019,"[31058.0, 3499.0, 328.0, 24.0, 4.0, 0.0, 0.0]","[30995.076043346784, 3593.0038471995895, 350.0315940045983, 22.635827962493227, 5.6186598149298, 0.5039781633177767, 0.1752616679293134]","[1068808379.2276719, 123888152.8264031, 12076526.37188822, 780580.7381697096, 194013.15157770185, 16483.26199624545, 6457.423120249409]",183573.7
2022-05-09_2022-05-15,59711.16671157407,"[35327.0, 4097.0, 412.0, 29.0, 5.0, 1.0, 1.0]","[35360.28990060909, 4046.092711188416, 386.0583286980147, 24.108215426229666, 5.487344239904348, 0.5510498863333685, 0.1725693843651721]","[1208052497.7458951, 138292824.5816154, 13193752.070582258, 825136.2712540396, 187997.32750523093, 17823.46146803968, 5850.785788691071]",193043.3
2022-05-16_2022-05-22,59718.16637986089,"[21414.0, 2522.0, 268.0, 21.0, 3.0, 0.0, 0.0]","[21424.82449832846, 2501.0412009124525, 243.644124512476, 15.922539835969019, 3.6196763903881726, 0.2183383854680421, 0.07707695849592139]","[731144775.5488853, 85071847.07742909, 8289016.4024856165, 541896.7705425314, 122227.97848891417, 6984.081461968798, 2347.6539587668603]",126854.6
2022-05-23_2022-05-29,59725.16671539346,"[26596.0, 3013.0, 284.0, 15.0, 6.0, 0.0, 0.0]","[26497.808778180846, 3039.9276653597917, 285.6848669253229, 17.53827277539023, 4.303241115928326, 0.3554516653099204, 0.10252299491646502]","[910680041.1469444, 104264857.65615943, 9778689.771179771, 602810.3455572126, 147673.87332500416, 11824.237448846396, 3514.718341338686]",151700.6
2022-05-30_2022-06-05,59732.16694317115,"[36529.0, 4235.0, 440.0, 34.0, 4.0, 0.0, 0.0]","[36597.33631657553, 4219.200327379456, 404.7303389158121, 24.83067734515281, 5.728059690794708, 0.5114148491215825, 0.21469070071619276]","[1242783065.2185905, 143197877.9907657, 13717234.865824487, 837974.8164797135, 193854.98520467366, 18861.929280086948, 6560.0040444402575]",203446.3
2022-06-06_2022-06-12,59739.16687361122,"[36455.0, 4157.0, 396.0, 29.0, 6.0, 0.0, 1.0]","[36257.75039659422, 4204.622293286088, 405.41835557639143, 25.50773014082367, 5.479014624992372, 0.37646025711231645, 0.16529716136494083]","[1240210494.8889565, 143659443.09508893, 13828729.910610538, 868982.1840871855, 186072.86533779468, 12435.160995965434, 5507.487001726765]",204160.3
2022-06-13_2022-06-19,59746.1670091434,"[34713.0, 4044.0, 370.0, 23.0, 8.0, 1.0, 0.0]","[34873.85277134607, 4054.976451628728, 393.32491950260203, 25.516107490684195, 5.828440112745194, 0.49516199607182576, 0.16887755123122278]","[1193612384.675156, 138696798.20805097, 13435805.2668447, 871449.3509436898, 197719.17484126834, 16808.254176728697, 5824.464828612474]",192272.3
2022-06-20_2022-06-26,59753.167018634485,"[16211.0, 1971.0, 162.0, 12.0, 3.0, 0.0, 0.0]","[16252.95049262532, 1884.2111928990043, 180.28476299721012, 11.176586272214273, 2.713256794344754, 0.16234282267036568, 0.049949566199713656]","[560044206.8688669, 64860333.30619433, 6192697.661985768, 383909.9921509674, 93379.47666097242, 5782.598338198289, 1919.1349661132322]",103847.5
2022-06-27_2022-07-03,59760.16680532409,"[12298.0, 1393.0, 133.0, 9.0, 2.0, 0.0, 0.0]","[12227.101077765798, 1406.6499161422546, 136.55005695757978, 8.331946193073732, 2.3394124770829325, 0.25256631538936436, 0.030532374703149893]","[360176894.9218382, 41484494.75114964, 4039123.7800101563, 246862.53786124525, 69203.61667017172, 7469.715126393288, 1044.0305599810838]",83190.4
2022-07-04_2022-07-10,59767.16666122664,"[32487.0, 3921.0, 375.0, 18.0, 8.0, 0.0, 0.0]","[32428.93759106798, 3817.988033516809, 377.19267517619494, 22.720986328222555, 5.7855041489242485, 0.43125961947162006, 0.2020970668690915]","[1081004299.267914, 127099930.6906613, 12542110.101659942, 757260.6119027218, 190486.97134610504, 14420.564772083646, 6535.160480340038]",193214.8
2022-07-11_2022-07-17,59774.16690879582,"[34412.0, 3989.0, 388.0, 24.0, 6.0, 0.0, 0.0]","[34434.8449669151, 4027.4762618999084, 392.0913942811726, 25.59653089570785, 5.890219352025196, 0.4773073271716211, 0.19086313952123737]","[1162910071.7316062, 136133397.23265007, 13230493.14872952, 863296.2275810791, 198119.16981544404, 16226.850660164633, 6265.367868469655]",194034.1
2022-07-18_2022-07-24,59781.1668662036,"[34184.0, 3963.0, 391.0, 21.0, 5.0, 0.0, 0.0]","[34112.01723146382, 3964.9726837748785, 386.41213507881747, 24.229922139974228, 5.610033462696368, 0.4583132027180059, 0.18327575594153214]","[1164684082.762468, 135244242.2970407, 13166104.864366021, 822499.7889229159, 191371.34226716502, 16283.095644675697, 5748.5683414878295]",199105.4
2022-07-25_2022-07-31,59788.16675636565,"[35568.0, 4120.0, 415.0, 25.0, 7.0, 0.0, 0.0]","[35085.48125056687, 4063.142959237137, 398.154855629984, 24.777536397090252, 6.234435716028191, 0.4914369606140181, 0.20814563228922162]","[1187097764.1656945, 137451179.47045892, 13441076.849467192, 835249.2711614425, 209162.95357151658, 17159.99149583332, 6949.608654375274]",197070.1
2022-08-01_2022-08-07,59795.16681076432,"[33067.0, 3985.0, 363.0, 28.0, 3.0, 0.0, 0.0]","[33017.304042925076, 3855.0858435257855, 374.1976394036544, 23.714001104558648, 5.838222870654374, 0.45038811090014397, 0.26492789560207036]","[1141008230.4671378, 133145138.37653176, 12898472.200545518, 815854.013229022, 202372.1378237664, 15476.213831751136, 8021.542632609748]",189722.9
2022-08-08_2022-08-14,59802.166529745205,"[35319.0, 4061.0, 411.0, 37.0, 6.0, 0.0, 0.0]","[35459.15305048257, 4112.883582351581, 399.61206611262725, 25.66631545921546, 6.133027118329971, 0.48781258508051073, 0.19287596267904375]","[1180771115.4719183, 136860505.21045893, 13289660.1202995, 851001.5525231379, 204134.15478943932, 17153.84745226375, 6025.667153344324]",196096.0
2022-08-15_2022-08-21,59809.16680590272,"[36150.0, 4105.0, 414.0, 22.0, 5.0, 0.0, 0.0]","[35906.35118458094, 4171.024140857329, 403.86868066195615, 25.216674710820055, 6.142827526999375, 0.33734491697630226, 0.13695210210011532]","[1209738099.1404366, 140398591.5198442, 13579640.466486432, 848560.261762569, 205590.31898603187, 11868.84751825039, 4813.754024970382]",200054.9
2022-08-22_2022-08-28,59816.16690625,"[35092.0, 4068.0, 394.0, 29.0, 5.0, 0.0, 0.0]","[35104.760103784414, 4041.0663918901723, 386.3377420637226, 23.975126005735323, 5.484011997928499, 0.4776384273389539, 0.14208665840805215]","[1188602338.491076, 136802923.3902254, 13064194.748952802, 812896.1160372557, 185838.23067479668, 15618.40627545093, 4888.627041511392]",195045.1
2022-08-29_2022-09-04,59823.14737326394,"[36122.0, 4188.0, 405.0, 18.0, 8.0, 0.0, 0.0]","[36184.777461568454, 4196.445131635856, 401.218293960353, 24.665843013551235, 5.905527102662539, 0.5582527141300795, 0.13693529797026308]","[1222703647.561175, 141593369.63197267, 13542437.636432104, 832014.4988973878, 199304.51025698954, 19204.740636246395, 5545.803966803054]",203459.2
2022-09-05_2022-09-11,59830.14744907413,"[31137.0, 3606.0, 350.0, 21.0, 10.0, 1.0, 0.0]","[31193.473471712474, 3673.8462939463816, 365.7455187302458, 22.763672690337835, 5.8486175792909725, 0.4795382477385067, 0.1915078285460477]","[1053464151.4421781, 124001155.94861066, 12329703.75703127, 767834.6328817272, 197761.29811021677, 15672.82964508979, 6561.049541461938]",188747.5
2022-09-12_2022-09-18,59837.1668284719,"[30797.0, 3598.0, 322.0, 21.0, 4.0, 1.0, 0.0]","[30966.60302067377, 3629.2025016767348, 353.80196351793415, 22.650096632551225, 5.603791743346568, 0.4993069568465366, 0.15704501754132266]","[1051825629.4922721, 123318511.87671846, 12011469.962707857, 768548.2699639734, 188733.36137467602, 15605.169168439863, 5210.164904052445]",174807.8
2022-09-19_2022-09-25,59844.16651377377,"[32677.0, 3845.0, 369.0, 16.0, 4.0, 0.0, 0.0]","[32629.3251154171, 3817.2005837785478, 373.43417087116484, 23.57068597662515, 5.697982684817786, 0.5675008795254337, 0.1906601700170493]","[1099623230.4562294, 128690011.20608044, 12590247.274500493, 793980.3381531511, 191219.20105238812, 18555.556470481282, 6258.047911790566]",187824.0
2022-09-26_2022-10-02,59851.1669710641,"[29901.0, 3551.0, 322.0, 24.0, 7.0, 0.0, 0.0]","[30220.213407079544, 3522.961731515861, 342.04106282064004, 22.18562044176231, 5.409015170271705, 0.39779107650088535, 0.13325748483894873]","[1032039707.0963423, 120264133.59558062, 11674158.226250155, 757429.7502847392, 184455.6865373046, 14075.415509786724, 4504.952744060457]",174577.1
2022-10-03_2022-10-09,59858.16684722263,"[35304.0, 4291.0, 358.0, 28.0, 8.0, 0.0, 1.0]","[35588.99289836573, 4166.15848246535, 406.69271872493715, 25.449299321373328, 6.493467110175392, 0.5302690492744346, 0.1427063143277996]","[1226826228.3966932, 143553290.8817355, 13988002.628873527, 875905.0682103373, 222802.47323108997, 19459.016484435266, 5928.044320806898]",205607.5
2022-10-10_2022-10-16,59865.16683425795,"[35665.0, 4084.0, 412.0, 28.0, 6.0, 0.0, 0.0]","[35798.00100004235, 4203.154259956318, 413.6869888468206, 26.986352560987644, 6.297634875477724, 0.528667158179021, 0.23032480061964541]","[1228976519.4444475, 144288689.3146754, 14196458.307644079, 925655.6555264012, 217584.2885700081, 17568.92137365282, 8066.673778396934]",205629.6
2022-10-17_2022-10-23,59871.978755787066,"[35126.0, 4271.0, 378.0, 32.0, 9.0, 2.0, 0.0]","[35436.45253686913, 4190.156121022221, 418.8606357129592, 27.443594226127328, 6.9659048925449, 0.5638080061737336, 0.22174888074766602]","[1222809032.544232, 144544888.19015655, 14436239.368621673, 944561.0390774148, 239288.19504422348, 19997.05890161344, 7208.534511024114]",200170.0
2022-10-24_2022-10-30,59879.2502747682,"[31914.0, 3730.0, 404.0, 21.0, 5.0, 0.0, 0.0]","[31792.425140094372, 3766.5200666236906, 374.0905697162993, 25.47688690195174, 5.796562836159024, 0.5044963648531958, 0.17290267645246948]","[1094467912.2375197, 129693676.87281603, 12883621.801109063, 877615.1209927177, 199999.24561605116, 17388.288132482354, 6049.139172374576]",191210.5
2022-10-31_2022-11-06,59886.16695219893,"[35793.0, 4209.0, 439.0, 33.0, 11.0, 0.0, 0.0]","[35850.11250269962, 4226.773343941034, 421.967186359005, 28.35864175726394, 6.847599456897182, 0.659786688771544, 0.18567709351736633]","[1237053966.014225, 145798396.73456898, 14550773.357597144, 975157.2955260966, 236079.8295170816, 22308.524807544927, 6416.063908598753]",205592.2
2022-11-07_2022-11-13,59893.16699583343,"[36315.0, 4388.0, 452.0, 37.0, 7.0, 0.0, 1.0]","[36369.940579657705, 4261.843410184661, 424.9222384767968, 28.623717641543358, 6.740579823421936, 0.6815730952982322, 0.31849865092813523]","[1257945005.0774598, 147350805.84527686, 14676585.417526037, 982991.2011413266, 232366.50899206672, 22250.895738883035, 10592.163668357915]",205804.5
2022-11-14_2022-11-20,59900.16687060168,"[37066.0, 4323.0, 412.0, 36.0, 9.0, 0.0, 0.0]","[36915.642489075726, 4331.987221866624, 431.4788690355236, 27.55255052867281, 7.081331286519237, 0.5835852172293747, 0.18822594181091715]","[1271792400.9263835, 149199736.18213856, 14852480.975689836, 946045.0336353678, 243098.1978428928, 20078.16606765874, 6855.2906038854335]",204718.0
2022-11-21_2022-11-27,59907.16699351847,"[37024.0, 4305.0, 406.0, 26.0, 5.0, 0.0, 1.0]","[37212.34098553989, 4344.35876149126, 428.2113695056392, 27.778416149779968, 7.133810687383251, 0.5484661379414815, 0.202098270350951]","[1290085984.540564, 150611259.7494166, 14830592.062359871, 962869.2940873201, 246015.86108261917, 19251.238641082684, 6562.960079843617]",205670.1
2022-11-28_2022-12-04,59914.166677777845,"[37326.0, 4276.0, 417.0, 36.0, 15.0, 0.0, 0.0]","[37188.07169544182, 4360.415151127237, 430.8845544530259, 27.730512095801455, 7.14946795496073, 0.6101570106286974, 0.17506253826933876]","[1286495489.6968343, 150780761.0995682, 14877039.422646374, 957203.1786784991, 246104.6726213697, 21129.484721938737, 6669.800478430648]",204696.1
2022-12-05_2022-12-11,59921.166612731264,"[37177.0, 4342.0, 461.0, 26.0, 6.0, 2.0, 0.0]","[37088.26441882337, 4344.356656594964, 425.9913762407996, 27.391366901418888, 6.91853893433977, 0.5799657265159484, 0.1986245843049425]","[1270236882.3199172, 148689946.06841096, 14557628.210259158, 935916.0693469928, 237744.61063500363, 19327.08245196642, 6508.979859834392]",201305.7
2022-12-12_2022-12-18,59928.16688993055,"[37926.0, 4607.0, 448.0, 30.0, 7.0, 2.0, 0.0]","[37726.50144555409, 4411.769660496505, 436.2154194902561, 28.41317420705616, 7.004710716297854, 0.5740879337440804, 0.21851616930428397]","[1308233889.3224094, 152858566.7116972, 15113568.137466002, 982169.3962036468, 242694.64596353468, 19342.99562345307, 7746.013293593641]",205669.3
2022-12-19_2022-12-25,59935.16690578736,"[38335.0, 4576.0, 514.0, 36.0, 7.0, 0.0, 0.0]","[37972.68245677981, 4439.677495621017, 440.049580437149, 28.37662306145035, 7.257472948393509, 0.5336302751428338, 0.19061626295432993]","[1284963763.6694593, 150354541.83329672, 14913308.050838487, 959908.6820682815, 245227.2662662027, 17960.450039664942, 6948.152828998029]",198898.8
2022-12-26_2023-01-01,59942.16682083384,"[36770.0, 4361.0, 439.0, 34.0, 8.0, 1.0, 0.0]","[36683.71869524436, 4316.3820600148665, 431.7817744490361, 28.511723732798874, 7.458573681586301, 0.630190391999278, 0.20026501129467494]","[1226148628.0432808, 144325424.96205285, 14422874.702867264, 954194.561620273, 248500.63963467142, 21433.673561194682, 6760.641269075558]",193720.2
2023-01-02_2023-01-08,59949.16686342559,"[36833.0, 4466.0, 481.0, 32.0, 14.0, 0.0, 1.0]","[36114.2997277423, 4276.497655549155, 429.36901471535697, 28.2732482380534, 7.1922672282916285, 0.5046597002808516, 0.216810070899542]","[1238059963.001565, 146521778.1247225, 14717723.424187798, 968020.7260636381, 245705.15412877683, 17065.167603858874, 8154.249455631122]",197286.1
2023-01-09_2023-01-15,59956.16683078704,"[39393.0, 4978.0, 600.0, 41.0, 14.0, 0.0, 0.0]","[38735.48398252952, 4559.083372465908, 456.407882112441, 29.689042843469363, 7.605687389710828, 0.5381773892339186, 0.1891426939346392]","[1339764991.4390879, 157552190.78051147, 15760702.059138067, 1023249.1626434679, 261923.30791054727, 18696.943519292556, 7085.168840867246]",205632.1
2023-01-16_2023-01-22,59963.16676030106,"[38932.0, 4766.0, 432.0, 40.0, 12.0, 1.0, 0.0]","[38854.460792347236, 4574.133555975039, 452.04788604850575, 29.585047969330688, 7.558598478713916, 0.5292014727653553, 0.17032612521557408]","[1345286386.3302681, 158332022.53515667, 15644662.855086762, 1022495.6222017173, 259516.14003816058, 17480.569935606356, 5980.644176024637]",205802.3
2023-01-23_2023-01-29,59970.16675717596,"[37910.0, 4453.0, 468.0, 26.0, 6.0, 1.0, 0.0]","[37984.586157622776, 4422.365674569153, 429.24233626342703, 26.61855330691516, 6.639972542481214, 0.5354177299794659, 0.16804101840810612]","[1312144744.3760781, 152699758.98400226, 14829467.910892699, 921297.3791752342, 229079.33181563584, 18447.191098542407, 5940.400860577381]",205764.0
2023-01-30_2023-02-05,59977.16682650465,"[36600.0, 4459.0, 439.0, 27.0, 6.0, 0.0, 0.0]","[36316.73424193865, 4233.312753314675, 414.66821128780833, 26.228776469029633, 6.354721366412801, 0.5385383801721381, 0.13076886211150193]","[1225611407.4951212, 142910507.25961718, 14008896.334947348, 885074.2266110464, 214923.27127349708, 18013.192551221095, 5151.366966382512]",197039.2
2023-02-06_2023-02-12,59984.16681087963,"[39713.0, 4769.0, 502.0, 48.0, 14.0, 1.0, 0.0]","[39226.23512770578, 4565.968991493771, 448.2925261434106, 28.51381131136849, 6.940475480355508, 0.5296962014651817, 0.20198449102087154]","[1351756704.0355997, 157294503.1917126, 15457017.928667717, 983005.8601193586, 239779.70747840567, 18378.252180611937, 7498.521591940095]",203912.1
2023-02-13_2023-02-19,59991.166785648245,"[37930.0, 4380.0, 479.0, 28.0, 13.0, 4.0, 0.0]","[37660.10685507392, 4375.086519180936, 434.21357166141996, 27.640898932636993, 7.128130039627732, 0.5908350972278803, 0.2135434301581493]","[1282690347.1965392, 148985398.24618173, 14799083.519909052, 942562.4742538573, 241868.30462047696, 19847.070091604095, 7075.2998081264495]",204024.9
2023-02-20_2023-02-26,59998.16684629615,"[37488.0, 4367.0, 411.0, 28.0, 5.0, 1.0, 0.0]","[37542.132985843, 4399.605311326753, 438.811717959654, 27.977645691063376, 7.324783282458064, 0.5307157490920996, 0.15629276110770898]","[1290207437.3763132, 151230283.87875935, 15115995.244125776, 963204.6111148937, 254157.35215250799, 17682.006327727908, 5510.150753772386]",203956.6
2023-02-27_2023-03-05,60005.16687835648,"[22632.0, 2714.0, 259.0, 20.0, 4.0, 0.0, 0.0]","[22721.843439454882, 2683.7223752046257, 263.98038964858904, 16.850176450245698, 4.116327946576318, 0.37645487031219327, 0.10825854701647465]","[759560885.5107461, 89644878.77209638, 8830491.004894646, 564582.087164353, 139040.66702000413, 12628.44016652537, 4105.803100412173]",139606.4
2023-03-06_2023-03-12,60012.16669861128,"[31923.0, 3737.0, 407.0, 25.0, 10.0, 0.0, 0.0]","[32057.51223348537, 3794.191429502591, 381.7665919569009, 24.007128776082236, 6.332285448238342, 0.5559219556418579, 0.2318153459296306]","[1085439368.9132075, 128396857.5926239, 12938427.29963683, 816103.4955988809, 215086.27496689238, 19065.614060991742, 7160.916595246025]",182836.8
2023-03-13_2023-03-19,60019.16670821783,"[37833.0, 4688.0, 428.0, 27.0, 8.0, 1.0, 0.0]","[37887.29883206601, 4474.145943423682, 447.8431934785941, 29.093905583193024, 7.4535153245781665, 0.5821363133837196, 0.21465144275842055]","[1297968134.5151703, 153334531.6360457, 15369563.603929222, 1001127.5443248184, 255979.96112569736, 21527.857347211102, 7242.143475065744]",203618.7
2023-03-20_2023-03-26,60026.16679004633,"[39251.0, 4684.0, 493.0, 24.0, 12.0, 0.0, 0.0]","[39148.58962008641, 4609.622876885323, 458.20280583830703, 29.683014047608065, 7.93496832612958, 0.5021444002612608, 0.19692043744978188]","[1331040827.4335446, 156778308.4363293, 15596360.820365278, 1013043.6526352519, 270720.96476033813, 16790.511119082188, 7598.381169748883]",203956.8
2023-03-27_2023-04-02,60033.166902199344,"[38637.0, 4580.0, 439.0, 36.0, 6.0, 0.0, 0.0]","[38522.52658972256, 4534.434367171555, 451.129051626068, 29.165953431579354, 7.317757172058404, 0.5782446392097472, 0.19526368333522764]","[1310638199.794197, 154416340.0206178, 15385803.315381488, 1000140.4528561732, 250206.5249312005, 20201.93721273605, 6908.010262960095]",202790.9
2023-04-03_2023-04-09,60040.16684895881,"[37282.0, 4314.0, 425.0, 27.0, 6.0, 0.0, 0.0]","[37287.458824148714, 4386.789651668196, 439.0139066827099, 28.98052508172427, 6.72926798516159, 0.6031975970635497, 0.23669046251643633]","[1254746936.6732132, 147692072.41991195, 14810118.954735506, 980653.7457000221, 229929.8653563154, 20653.384069693395, 7845.980823330752]",201074.7
2023-04-10_2023-04-16,60047.16669548633,"[32408.0, 3789.0, 383.0, 29.0, 6.0, 0.0, 1.0]","[32109.493782701185, 3796.058776473582, 374.65674708966054, 24.675263619310428, 6.366608045766687, 0.5537853260119119, 0.1525598899257808]","[1077997697.268255, 127492819.67047061, 12604610.142984638, 831485.1452027416, 213579.17271530017, 19367.564317040767, 5127.410043487951]",178195.0
2023-04-17_2023-04-23,60054.16680555557,"[11791.0, 1341.0, 128.0, 6.0, 2.0, 0.0, 0.0]","[11728.191770293324, 1386.639509886732, 134.3930921990118, 9.134460445336282, 2.0513930223634755, 0.15392548637112435, 0.061205138472111204]","[359738695.9930163, 42350450.906616285, 4082695.0862810086, 276744.626024216, 63291.22631099145, 5029.109588924447, 2037.1076696659968]",73972.0
2023-04-24_2023-04-30,60061.166785763984,"[26940.0, 3153.0, 306.0, 22.0, 6.0, 1.0, 0.0]","[27047.301707171177, 3169.341874502516, 313.1122493432343, 20.46016877603822, 5.098220444211296, 0.41107912399578134, 0.12462401033719792]","[898137304.1694603, 105204607.96713558, 10401104.276517564, 678181.2338868006, 168831.75284188119, 13425.871844317018, 4570.382194648257]",148295.7
2023-05-01_2023-05-07,60068.16675104176,"[38064.0, 4522.0, 485.0, 41.0, 10.0, 0.0, 0.0]","[37974.938023329116, 4443.7049622741315, 438.51096904536075, 28.101801618052413, 6.553040877553271, 0.4817362246236014, 0.21934602502156963]","[1280746085.7884254, 150136560.64015725, 14829324.372329572, 950228.3202295036, 221979.39020357683, 16921.76585793251, 7928.590738505564]",197789.2
2023-05-08_2023-05-14,60075.16686215272,"[32526.0, 3765.0, 369.0, 21.0, 5.0, 1.0, 0.0]","[32459.291543225056, 3797.255489399776, 379.3157780221785, 24.403493003777697, 6.050822184775365, 0.5061706714221983, 0.20521201502657502]","[1073952193.6579604, 125677111.46908721, 12580909.137196336, 810718.7948549881, 200823.40603585707, 16276.852760432896, 7008.125797550155]",178185.7
2023-05-15_2023-05-21,60082.16686030101,"[35265.0, 4080.0, 387.0, 31.0, 10.0, 0.0, 0.0]","[35245.1630021107, 4077.9944125252514, 395.48893786685414, 25.445419202732715, 6.16715627951236, 0.6225036214901258, 0.11917600829304258]","[1170301894.114991, 135563658.39680788, 13155069.101830766, 844745.8399711257, 205281.90507572607, 20645.19431390747, 4495.759739974636]",192216.4
2023-05-22_2023-05-28,60089.16687615765,"[33249.0, 3926.0, 407.0, 34.0, 3.0, 0.0, 1.0]","[33028.69285827796, 3838.9478512962132, 375.61255227898477, 23.61003588507631, 5.783013570395758, 0.5574064817633109, 0.18864886263182237]","[1117944815.5530958, 130214452.23138678, 12745054.532253295, 799120.3836476592, 194930.25724843238, 17592.52891863406, 6659.148599028029]",180338.7
2023-05-29_2023-06-04,60096.1668083332,"[35116.0, 3981.0, 402.0, 19.0, 5.0, 2.0, 1.0]","[34976.24044795971, 4031.618290175873, 388.1457293681243, 24.169836882795963, 5.892333739652573, 0.5070569432447825, 0.1947365443636024]","[1170660942.6552699, 134955324.45395485, 12990611.903825955, 812477.3330920566, 196947.75282515146, 16401.835274790843, 6347.361271996027]",195650.9
2023-06-05_2023-06-11,60103.167110069255,"[34415.0, 3987.0, 393.0, 26.0, 4.0, 1.0, 0.0]","[34161.872672067046, 3966.4529701947145, 380.3596315820197, 24.73735095996675, 5.800234617492703, 0.45673929885362613, 0.19686732645116883]","[1161227790.0869536, 134678710.89107984, 12909904.29497295, 839797.2616362247, 196692.13591824076, 16234.71870496566, 6948.630095737014]",196424.6
2023-06-12_2023-06-18,60110.16689143563,"[36483.0, 4215.0, 399.0, 28.0, 3.0, 1.0, 0.0]","[36473.80665463127, 4202.291393323309, 403.84557027133195, 24.856941686701305, 6.137128752506831, 0.498168146950702, 0.19942732713093048]","[1259965093.7205317, 145093800.34543148, 13923426.050453808, 858185.3773126288, 210664.3721777243, 16502.591982563234, 7311.556134567706]",202994.8
2023-06-19_2023-06-25,60117.16688773152,"[36679.0, 4235.0, 378.0, 25.0, 3.0, 0.0, 0.0]","[36425.75602796989, 4176.493723405374, 401.0940051166954, 25.459432338990897, 6.3194591819850645, 0.49176510484602104, 0.17865642345903654]","[1260305454.679947, 144352102.3269619, 13842186.99425881, 878597.7147293334, 217170.00925001132, 17093.037546885393, 6023.155357661288]",204031.2
2023-06-26_2023-07-02,60124.166909374864,"[34457.0, 3863.0, 365.0, 25.0, 1.0, 0.0, 0.0]","[34329.41861015635, 3900.3380191162196, 368.7123291993436, 22.999073350078522, 5.620389204614238, 0.4163131785077443, 0.1293606906745189]","[1166625826.3649552, 132451409.5404182, 12507237.676740073, 780990.0203465337, 189825.11445645246, 15010.323827993525, 5302.555413117746]",197354.3
2023-07-03_2023-07-09,60131.166912731336,"[32482.0, 3542.0, 342.0, 16.0, 3.0, 1.0, 0.0]","[32256.461016329093, 3652.916227578199, 340.6401637390198, 21.52058831736029, 5.45959771747494, 0.469460390907348, 0.16254953361722943]","[1072753108.8259616, 121327393.92637978, 11304548.820649607, 710929.998455461, 180984.9103248891, 14922.792246728408, 4997.130302040191]",188684.0
2023-07-10_2023-07-16,60138.16683148146,"[34555.0, 3804.0, 386.0, 15.0, 7.0, 0.0, 0.0]","[34472.8802096886, 3831.1332499012888, 360.6614102047141, 22.023408613876693, 5.669538673388935, 0.447715173208257, 0.16494054586348939]","[1144520329.617408, 127212315.24943092, 11968643.36387366, 730714.2079461653, 188392.31412999038, 14356.668135236696, 5659.12673482076]",193775.3
2023-07-17_2023-07-23,60145.16698715271,"[35497.0, 3926.0, 351.0, 9.0, 5.0, 1.0, 0.0]","[35174.71958795993, 3932.1987812166926, 369.50099346051877, 23.203793023561104, 5.444437332956332, 0.47554297553897323, 0.1267270977159476]","[1216977564.6060102, 135920759.6629552, 12762013.100185562, 800889.6786898501, 186539.57987690237, 16366.395442740024, 4825.924722447184]",203967.2
2023-07-24_2023-07-30,60152.16686215278,"[31482.0, 3579.0, 347.0, 17.0, 4.0, 0.0, 0.0]","[31621.980870099935, 3535.0719939818896, 333.23095906893303, 20.649940256323507, 5.2297041369701684, 0.4184999912607001, 0.12152708892109446]","[1069063492.0881976, 119578287.3699693, 11267234.40632669, 694646.4985425662, 177525.67408138808, 14129.935952433923, 3995.106211552197]",180833.7
2023-07-31_2023-08-06,60159.16689525477,"[35338.0, 4064.0, 408.0, 26.0, 7.0, 0.0, 1.0]","[35861.10480833464, 4046.2366788625677, 380.9397485083268, 24.42979734408481, 5.757003957167916, 0.4597484989067118, 0.22462239505422876]","[1239221052.9731023, 139716070.66092372, 13141168.375724265, 841203.735890692, 199177.22195417056, 15454.916168206233, 7200.8029573465965]",204166.8
2023-08-07_2023-08-13,60166.16702233809,"[33772.0, 3752.0, 341.0, 22.0, 5.0, 0.0, 2.0]","[33733.888133125, 3774.4687257762357, 355.10496809795825, 22.176531693911667, 5.598327655633345, 0.4194028169334814, 0.19504437086656892]","[1110496691.2490447, 124230907.61979441, 11694320.262856973, 727771.0405541137, 185172.45864699193, 13837.010466071633, 6884.328064660305]",182967.4
2023-08-14_2023-08-20,60173.16709594929,"[28949.0, 3174.0, 313.0, 13.0, 3.0, 1.0, 0.0]","[29038.649761353918, 3179.127430073072, 295.42613556655334, 18.655415315550144, 4.932927096192198, 0.32156327886734337, 0.11453337087814533]","[917617824.1734203, 100532541.85537845, 9349296.497622117, 589779.1836726516, 155495.86319564877, 9973.499528441995, 3553.7073647465886]",149617.8
2023-08-21_2023-08-27,60180.16712303249,"[29656.0, 3419.0, 317.0, 22.0, 8.0, 2.0, 0.0]","[29783.330504230114, 3385.5543440434585, 321.1305163049827, 19.403528631688587, 5.141933044019632, 0.33893403755809764, 0.13783363849113225]","[1013365342.7144808, 115217763.6910759, 10915257.462464267, 661547.4893684601, 174241.07750694887, 11218.056286007613, 4235.929955685845]",169966.9
2023-08-28_2023-09-03,60187.16670706021,"[35053.0, 3978.0, 381.0, 19.0, 10.0, 0.0, 1.0]","[35246.8128808939, 4020.674973948162, 382.4304057353917, 23.61279836619293, 6.269816127751446, 0.545452146133237, 0.16995526686731752]","[1211779175.8227167, 138190799.3278247, 13142706.010244833, 810547.9029276111, 215032.43537182963, 18013.361424568306, 5948.014287418266]",203883.6
2023-09-04_2023-09-10,60194.166676041845,"[35108.0, 3991.0, 364.0, 20.0, 8.0, 1.0, 1.0]","[34780.161477050606, 3960.5691885245396, 376.3352852904952, 23.194984382916182, 5.93563650915175, 0.5335085939623505, 0.20895277874163093]","[1182166465.9182463, 134594180.47812283, 12778787.185244786, 786706.7655021745, 201281.46406801176, 18706.262893900304, 6957.828763203999]",204011.4
2023-09-11_2023-09-17,60201.16667962952,"[34993.0, 3981.0, 364.0, 34.0, 5.0, 1.0, 0.0]","[34964.09403065174, 3947.1144885788362, 374.362172894893, 23.18162329823693, 5.477237460806726, 0.5469795224484095, 0.1289119360445572]","[1190652492.9471984, 134493024.26319885, 12770008.109630125, 792858.1789952265, 186683.02144877822, 19092.108370789276, 4004.4168053686794]",204072.2
2023-09-18_2023-09-24,60208.16700092539,"[35053.0, 3978.0, 380.0, 22.0, 6.0, 0.0, 0.0]","[34871.19758928801, 3948.4159802137106, 370.37148016304457, 23.449035849966474, 5.5328015292214054, 0.4464677013833878, 0.16031625420874057]","[1197357146.5206046, 135542466.2294052, 12705291.397635767, 804074.1513607232, 189765.58874722268, 15355.39237095289, 6111.565745274608]",202753.6
2023-09-25_2023-10-01,60215.16700601883,"[29817.0, 3354.0, 301.0, 28.0, 5.0, 1.0, 0.0]","[29993.690682916927, 3385.6573752274135, 321.0751353769623, 20.80788462152536, 4.721700018571053, 0.33571288576022135, 0.1420668174423843]","[1033249901.1396476, 116672951.20908248, 11047253.923401404, 714949.6078819622, 162291.85447497913, 11711.637722105692, 4883.977192504983]",175150.2
2023-10-02_2023-10-08,60222.16709571736,"[34839.0, 4051.0, 400.0, 23.0, 6.0, 0.0, 0.0]","[35073.84060613658, 3968.124403208222, 379.16626246076527, 22.88503466062883, 5.918099679484319, 0.4931733045330121, 0.1486671456708025]","[1209009156.072281, 136797410.60865554, 13079661.27139057, 790028.269555693, 204215.0098135078, 17123.99633788948, 5314.3562193499565]",205837.4
2023-10-09_2023-10-15,60229.16655520767,"[34722.0, 4021.0, 397.0, 27.0, 7.0, 1.0, 0.0]","[34686.00832376364, 3944.752246321195, 379.95958894874883, 23.961367342002045, 5.963184602102043, 0.4935154009512169, 0.14038705749125316]","[1190144588.4878821, 135290545.4128021, 13039806.45502612, 821548.3144567722, 203724.75798158316, 16278.342532050976, 4599.413741624631]",204711.7
2023-10-16_2023-10-22,60236.16671643536,"[31674.0, 3602.0, 359.0, 25.0, 8.0, 0.0, 0.0]","[31677.017560121385, 3604.839903352044, 347.7084805962248, 22.064805495215687, 5.740946065881713, 0.40468099485974385, 0.1130715891711246]","[1044817845.7873021, 118703085.5059906, 11431887.781237636, 719990.8220453472, 187500.75548082474, 13213.216416001504, 4383.3211524434555]",185446.9
2023-10-23_2023-10-29,60243.166953356485,"[35340.0, 4027.0, 398.0, 22.0, 9.0, 2.0, 0.0]","[35614.942611685205, 4021.78777357165, 390.81302969852635, 24.09276616757097, 6.301106901276135, 0.4540769773956265, 0.21712854607188972]","[1228763861.5944197, 138817280.35922867, 13480322.50056695, 829615.8836405607, 217541.489057113, 16360.22588264644, 7003.11375456169]",205692.8
2023-10-30_2023-11-05,60250.16689942109,"[34595.0, 4032.0, 370.0, 24.0, 9.0, 0.0, 0.0]","[34532.461505027146, 3896.6111896432653, 376.10395803562915, 23.45380857642014, 6.1152996970710065, 0.43621437219760095, 0.16248718365799786]","[357103792.9213094, 38682721.33902758, 3633100.8404817428, 221362.9871064228, 57795.38292846413, 4725.415442961363, 1233.815823978211]",183690.8
2023-11-06_2023-11-12,60257.16688657396,"[36605.0, 4192.0, 445.0, 22.0, 8.0, 1.0, 0.0]","[36518.89288453754, 4208.925330078672, 419.5625442691701, 27.400235181253645, 6.870876824184232, 0.5995409423504343, 0.23692635367738224]","[65610146.85260749, 7559757.787361212, 753244.5943588621, 49298.18839659469, 12288.377188300523, 1108.7685603305642, 448.81786886151696]",205719.6
2023-11-13_2023-11-19,60264.16712557869,"[36190.0, 4211.0, 417.0, 36.0, 10.0, 0.0, 0.0]","[36003.30767813116, 4141.976495113255, 409.1239001609548, 26.679217682309826, 6.592478926805956, 0.48980904181972873, 0.13810586789623303]","[64781729.844301455, 7449558.211134968, 735240.6609110107, 47816.882929030355, 11769.726712700774, 887.1275904474844, 246.7216048360494]",205602.9
2023-11-20_2023-11-26,60271.16686388888,"[36387.0, 4098.0, 424.0, 29.0, 10.0, 1.0, 0.0]","[36172.71544619802, 4144.345880524651, 409.8473199576475, 26.30953004638052, 6.660182052419146, 0.5634358145176197, 0.17908912933835186]","[65081411.609364666, 7456641.261333916, 736430.4948157581, 47244.69234798182, 12013.870944603683, 1043.9570596497847, 309.0999227450886]",205402.2
2023-11-27_2023-12-03,60278.16692754628,"[33398.0, 3947.0, 364.0, 26.0, 6.0, 0.0, 0.0]","[33364.86969290642, 3827.9731146786753, 376.34807660440543, 24.367296834325394, 6.521196114157779, 0.5243977153307902, 0.20877793992097513]","[58745866.643500045, 6742073.916724897, 662477.9553299191, 42832.27507610703, 11455.472575637723, 925.823356131971, 338.37162154041044]",184180.1
2023-12-04_2023-12-10,60285.16668923611,"[37749.0, 4375.0, 438.0, 24.0, 4.0, 1.0, 1.0]","[37583.178919984624, 4318.293274810973, 422.2881753437341, 27.371055221624523, 7.161266320453466, 0.6012175832587279, 0.2165319615438968]","[67798057.95568027, 7785786.642396264, 761222.5201517185, 49184.73392561353, 12919.055352787494, 1006.7825616187446, 381.6235615285629]",205701.7
2023-12-11_2023-12-17,60292.16705150461,"[34232.0, 3932.0, 403.0, 20.0, 7.0, 0.0, 0.0]","[34028.882688237485, 3908.982952146782, 383.0751592743511, 24.804304044932238, 6.0755110494304985, 0.45329886934130786, 0.1489636688970748]","[61300271.8361333, 7033689.674259902, 689200.4661552148, 44549.94125286014, 10915.231556311099, 842.6286202056461, 301.6227097963123]",191018.5
2023-12-18_2023-12-24,60299.16706886605,"[37052.0, 4139.0, 448.0, 29.0, 5.0, 0.0, 0.0]","[37022.10663846893, 4256.0459837763865, 414.1168238829319, 27.583182575927133, 6.070407345503291, 0.5871509802870943, 0.19724101183783077]","[66820792.63527318, 7677047.217976585, 746903.848225544, 49600.13283505333, 10842.753239412876, 1049.4123506893814, 366.2071413414633]",205660.0
2023-12-25_2023-12-31,60306.16691192113,"[36213.0, 4141.0, 449.0, 30.0, 7.0, 1.0, 0.0]","[36019.754752048415, 4164.2867961578895, 412.9323441213502, 27.570520848787258, 6.903910188650555, 0.5338456070559372, 0.17242080914226446]","[64380867.273351334, 7441559.410139514, 736549.8101933728, 49140.94577934315, 12330.76066095299, 899.9819176382921, 346.3384415641066]",202581.2
2024-01-01_2024-01-07,60313.16689004636,"[38072.0, 4397.0, 412.0, 30.0, 8.0, 0.0, 1.0]","[37946.938467494416, 4346.240313381472, 428.30248745824315, 28.185485746443884, 7.057862454667049, 0.5778713017012211, 0.19752930822296424]","[68329780.7251984, 7822414.520554001, 769704.9064968677, 50697.685241492, 12739.451623487796, 1026.8519018794714, 363.3986400904976]",205646.2
2024-01-08_2024-01-14,60320.16693425913,"[37750.0, 4311.0, 429.0, 35.0, 6.0, 0.0, 1.0]","[37559.0227534627, 4276.946206002622, 416.6727210245879, 26.977733910318054, 6.605049666588066, 0.49730655359289305, 0.22539036463777765]","[67650743.44474055, 7704748.837444722, 750162.0279417972, 48568.12509028193, 11827.721818962225, 837.147742154649, 399.6543502071839]",205778.6
2024-01-15_2024-01-21,60327.16667476842,"[38260.0, 4427.0, 370.0, 23.0, 8.0, 0.0, 0.0]","[38289.64327844228, 4374.548675730609, 426.90178046438814, 27.965868723984098, 6.928930059844896, 0.5947850530484216, 0.19700374729499565]","[68922283.90984969, 7871715.941112045, 767906.8803540919, 50332.472336919025, 12374.6616538874, 1067.7232764023688, 328.2337425242662]",205586.1
2024-01-22_2024-01-28,60334.16680081016,"[38280.0, 4391.0, 413.0, 32.0, 5.0, 0.0, 0.0]","[38330.37774980329, 4357.211301534146, 423.2692097995461, 27.80976540165153, 6.359022266373776, 0.47601398070084955, 0.1738151555098747]","[68782355.26582557, 7816009.869677813, 758838.4951359058, 49861.78716333881, 11432.324372754952, 874.4637216212893, 339.72686071393025]",205342.8
2024-01-29_2024-02-04,60341.166692014405,"[38671.0, 4443.0, 451.0, 26.0, 8.0, 0.0, 0.0]","[38793.0482104621, 4403.5214557321815, 429.90239193202376, 28.443441659227606, 6.853188667451209, 0.4765091362150005, 0.14843690807730228]","[69677927.4501034, 7906923.431726558, 771998.3488137074, 51117.14920514213, 12281.974926061623, 862.5912773777316, 294.7345131195144]",204685.5
2024-02-05_2024-02-11,60348.16673680519,"[38105.0, 4318.0, 447.0, 36.0, 7.0, 0.0, 0.0]","[38200.967782402804, 4344.307656079235, 424.60813367497, 26.169111982617085, 6.838507584062343, 0.49064262597985997, 0.18833578022010242]","[68495983.12086447, 7787376.079919328, 761044.7860400073, 46903.77677911743, 12276.57822791079, 857.2981091424034, 295.09543433948147]",203767.7
2024-02-12_2024-02-18,60355.16688726813,"[38010.0, 4344.0, 428.0, 31.0, 10.0, 0.0, 1.0]","[37822.41977325633, 4331.464375607246, 422.51778785397147, 27.851968272810584, 6.4051525022615055, 0.61668934823834, 0.14393942644142674]","[67685819.82038404, 7753418.420467164, 756630.7052555258, 50052.2306205987, 11616.047740078984, 1062.812546267086, 285.87948294875844]",203841.0
2024-02-19_2024-02-25,60362.16673182886,"[38593.0, 4359.0, 439.0, 36.0, 8.0, 1.0, 0.0]","[38507.535478184494, 4398.773963480958, 429.76141725252245, 26.73237451538715, 6.834868304691163, 0.6090248303246142, 0.157387622678848]","[68422043.2126376, 7815185.733388334, 763611.9891941695, 47752.34515110482, 12205.245810314309, 1102.9983000949467, 243.1946158543006]",201820.4
2024-02-26_2024-03-03,60369.166689467645,"[38249.0, 4324.0, 429.0, 31.0, 10.0, 1.0, 0.0]","[38341.84800718997, 4368.642139854948, 423.7984491599536, 27.067988234164876, 6.3273473999724335, 0.48216383469602414, 0.15169223252486094]","[67811585.30396305, 7727518.736644099, 750976.7256002233, 48160.603330205835, 11337.503342882688, 848.3797190814033, 310.55536295966544]",202466.8
2024-03-04_2024-03-10,60376.16660543954,"[36334.0, 4071.0, 446.0, 25.0, 11.0, 0.0, 0.0]","[36193.81097957211, 4106.226779664643, 398.05554965038044, 25.313118830447976, 6.543387138274956, 0.41880318502337793, 0.18392538497085206]","[62968014.535777554, 7152016.031669422, 695821.5672499484, 44373.188192056936, 11515.244822028053, 736.2608155177164, 317.5911107731225]",193413.4
2024-03-11_2024-03-17,60383.1668672454,"[38074.0, 4309.0, 415.0, 22.0, 5.0, 0.0, 0.0]","[37983.4263652098, 4250.671263495821, 397.91869071257423, 24.52980699741071, 5.974012634805813, 0.4223031603689897, 0.1686597103153634]","[67751513.26055546, 7587069.5285289185, 711868.3797868388, 44028.519195173096, 10758.39049372905, 691.9742934817207, 326.31433332459005]",204052.3
2024-03-18_2024-03-24,60390.1669740744,"[35095.0, 3974.0, 407.0, 46.0, 5.0, 1.0, 0.0]","[35281.86950443891, 3974.6115793763133, 378.5351113342633, 23.277802079733014, 6.0260023764778765, 0.6395471923832318, 0.1885371041566306]","[60176688.68663218, 6776806.268451884, 646324.439263045, 39686.0857866778, 10113.3612403461, 1027.8403132758642, 307.6374476522506]",191001.2
2024-03-25_2024-03-31,60397.16699016142,"[36881.0, 4208.0, 474.0, 32.0, 8.0, 3.0, 1.0]","[36759.96129321365, 4174.2948284348495, 402.8804278645492, 26.083301486221917, 6.414276255951902, 0.5715734237719916, 0.1780359504869937]","[64439702.68243776, 7320531.009081609, 707702.0639498124, 46146.928523369934, 11325.928995061558, 1043.8679372753077, 319.2234385611563]",199101.7
2024-04-01_2024-04-07,60404.16686817145,"[38185.0, 4321.0, 456.0, 24.0, 10.0, 1.0, 0.0]","[37809.76259033428, 4291.390212305778, 411.79630709837664, 26.294616658824694, 6.549305223508225, 0.46920737205224117, 0.1388162097465916]","[67657594.96950574, 7680512.658595465, 738378.5609210588, 47252.45824643328, 11654.92822459827, 823.6073301847613, 255.86597991212673]",204214.9
2024-04-08_2024-04-14,60411.1671318287,"[33489.0, 3804.0, 395.0, 24.0, 6.0, 2.0, 0.0]","[33390.524828628586, 3833.4929759236866, 371.73797592332795, 22.967001610563834, 5.805397825951952, 0.4014055150456462, 0.20739972288251032]","[60187761.004922904, 6863869.195630843, 666205.2996975803, 41364.8314221082, 10435.934664685898, 706.6572739921372, 393.48928886249433]",189020.7
2024-04-15_2024-04-21,60418.1670802084,"[37251.0, 4379.0, 452.0, 42.0, 8.0, 0.0, 0.0]","[37440.726459933896, 4289.309863720486, 411.0186144063326, 25.715987604295385, 6.2876626812583085, 0.5026149929018005, 0.17546646669718138]","[67006317.30593359, 7679523.316349835, 737675.2257988243, 46168.80546041802, 11339.355957074267, 885.1091899402445, 298.4149471022809]",204000.6
2024-04-22_2024-04-28,60425.1668747687,"[5735.0, 647.0, 71.0, 6.0, 3.0, 0.0, 0.0]","[5756.9975756072145, 671.4370783304818, 65.05951822617743, 3.929450607122262, 1.0055430406676515, 0.10393447011997053, 0.06459410071202612]","[9966081.065002995, 1151706.601094059, 111073.70910777895, 6765.351996250786, 1721.8156915004347, 173.39951130398964, 111.33598548048657]",41985.5
2024-04-29_2024-05-05,60432.1666519675,"[32641.0, 3775.0, 374.0, 27.0, 9.0, 0.0, 0.0]","[32573.736588830303, 3726.466123154068, 363.37192249913846, 23.193322603302786, 5.459544210962039, 0.42062018450935523, 0.14618655623336155]","[58152525.09932639, 6650877.439165222, 648133.6109801183, 41411.55997611412, 9778.658881561027, 788.4735167149445, 237.83909364438597]",179781.5
2024-05-06_2024-05-12,60439.16700694412,"[33910.0, 3953.0, 431.0, 33.0, 10.0, 0.0, 1.0]","[33973.38468523809, 3903.9999368965705, 379.08887818880424, 24.712134831165606, 6.425054589013293, 0.5559699498846439, 0.1765094499133822]","[57993724.85297636, 6669726.288489588, 648396.568447389, 42166.1069518731, 10973.17169333234, 892.8465726929326, 252.8119889602561]",187785.4
2024-05-13_2024-05-19,60446.16677731487,"[36198.0, 4231.0, 401.0, 35.0, 6.0, 0.0, 0.0]","[36278.525119357, 4154.034534494703, 403.73550499671853, 25.516791555511222, 6.219124507103364, 0.5007728681484075, 0.1811138170902425]","[65291007.490743876, 7475420.706356346, 726338.6988922908, 45886.919422892, 11163.956632637419, 903.1337119701244, 308.5347838671327]",204232.7
2024-05-20_2024-05-26,60453.16672048609,"[30435.0, 3523.0, 370.0, 24.0, 7.0, 1.0, 1.0]","[30602.892052412546, 3522.907351363185, 340.47035716796466, 21.519304066657806, 5.487851822676543, 0.37875398477814204, 0.14615794241007876]","[54567506.59006805, 6272646.680573968, 604463.086757981, 38184.742463566276, 9653.751208388449, 682.5671812942135, 237.86060118174726]",179276.1
2024-05-27_2024-06-02,60460.16671284756,"[27639.0, 3247.0, 293.0, 18.0, 2.0, 1.0, 1.0]","[27582.864954469293, 3175.4888776481957, 305.97787992450066, 18.487407535479512, 4.806874956272888, 0.4202839914348472, 0.13590991637417107]","[47875293.04951559, 5504391.86543833, 529665.4279104834, 32233.194417632145, 8374.474633992619, 676.664676154503, 247.8464537833292]",158607.0
2024-06-03_2024-06-09,60467.166773263896,"[34153.0, 3958.0, 386.0, 26.0, 4.0, 0.0, 0.0]","[34092.38306462788, 3968.6550218756697, 389.87016629634593, 24.56337591399694, 5.886004389478435, 0.44666655884915313, 0.20508127510807034]","[60519641.0470553, 7040061.261361681, 690211.0393511894, 43562.88615457133, 10326.8711567764, 811.1174780038863, 319.1918711679055]",198019.9
2024-06-10_2024-06-16,60474.16671030116,"[35043.0, 4121.0, 422.0, 30.0, 6.0, 0.0, 0.0]","[34775.706056723226, 4059.8950083016803, 395.0273401698431, 25.314089019092442, 6.197166400943193, 0.4631812111331398, 0.2325543422137967]","[62047897.47129434, 7240000.553340811, 703206.6879890207, 45100.40173361504, 11004.049599449829, 814.4289055889785, 382.45725039994653]",200507.0
2024-06-17_2024-06-23,60481.16693645853,"[35385.0, 4198.0, 457.0, 34.0, 8.0, 0.0, 1.0]","[35489.13976073498, 4108.071027037536, 397.48604088660124, 25.494831391378206, 6.005613885130483, 0.42096678599339765, 0.13478051618886008]","[63940455.82239866, 7398170.87401412, 715181.0607029669, 45770.06755530732, 10853.807373433523, 755.1423771633515, 242.38512439505845]",194258.3
2024-06-24_2024-06-30,60488.16673865738,"[32317.0, 3710.0, 407.0, 21.0, 3.0, 0.0, 0.0]","[32306.04001875777, 3714.8745393948716, 355.6315119791972, 22.082513547232853, 5.467285630440491, 0.4285055199452885, 0.15820140645939962]","[55981276.1964535, 6431289.60938365, 614888.4345584015, 38066.887759519326, 9379.026259372262, 717.970333128044, 268.56774194830786]",187837.2
2024-07-01_2024-07-07,60495.16677083331,"[36067.0, 4170.0, 417.0, 26.0, 3.0, 1.0, 0.0]","[35824.1965864748, 4136.577959171231, 401.262048765067, 25.256272998788422, 5.860303220385391, 0.4874170418777133, 0.1344333657715453]","[64331029.9628779, 7425596.489215455, 720319.3675326463, 45345.91625307748, 10477.17684639103, 931.80236541443, 252.84605906527122]",202856.4
2024-07-08_2024-07-14,60502.166909143525,"[10068.0, 1165.0, 108.0, 14.0, 1.0, 0.0, 0.0]","[10002.269076852208, 1158.467976886272, 110.27967142061635, 7.203785268966715, 1.7787302002602372, 0.10796316719936946, 0.06383755499828138]","[16563183.533035258, 1921891.1270186733, 182764.79775379456, 11959.460311279208, 2911.3376838667295, 169.23850948085297, 85.46597032646686]",60848.8
2024-07-15_2024-07-21,60509.16687048609,"[16313.0, 1868.0, 169.0, 10.0, 1.0, 0.0, 0.0]","[16229.043106814519, 1881.8774262308716, 181.6205608564403, 11.579250081500644, 2.4568767015997515, 0.1962057357462355, 0.08996191788013212]","[26426546.17889941, 3068786.0305769686, 296622.47678352625, 18795.798782296188, 3964.3778127061005, 335.0748221672294, 108.61170227783332]",105592.2
2024-07-22_2024-07-28,60516.166657060414,"[31909.0, 3652.0, 368.0, 29.0, 5.0, 1.0, 0.0]","[32151.446901586583, 3727.986785248831, 356.98722202546077, 22.22113355066387, 5.404944537599808, 0.45696731499975424, 0.1316967423420666]","[57239047.66334759, 6631168.505331175, 634096.1977195455, 39545.809137215096, 9436.266511716933, 844.2416418767084, 251.57942814709602]",188729.7
2024-07-29_2024-08-04,60523.16692777791,"[17420.0, 1989.0, 198.0, 19.0, 3.0, 1.0, 0.0]","[17704.96274415461, 2033.451595856838, 197.25491690250334, 12.225639082375972, 2.9906881706258805, 0.23259036758755558, 0.050602489942530186]","[31877787.65850919, 3659762.1366587197, 354264.02457452926, 21984.44821728034, 5352.138824677467, 441.390627978543, 89.02900522578844]",101627.5
2024-08-05_2024-08-11,60530.166704513686,"[35559.0, 4078.0, 429.0, 15.0, 6.0, 1.0, 0.0]","[35989.21767528807, 4119.278430414711, 392.9146852785886, 24.682039345810765, 5.791324208905223, 0.39715167710345367, 0.1719347935416538]","[64462762.259479456, 7374878.104419924, 703104.186251511, 44162.72157015232, 10353.125855251892, 754.2711438438455, 307.6198840681336]",203227.2
2024-08-12_2024-08-18,60537.16669236152,"[34209.0, 3856.0, 366.0, 27.0, 11.0, 0.0, 0.0]","[33948.58047261648, 3897.153387077145, 380.8749330018269, 23.47188981086854, 5.4904755649766885, 0.4358071016212544, 0.13190262453579543]","[57706780.81913808, 6630134.58136589, 647350.8681355054, 39816.311851229, 9333.979368338863, 768.9484981160265, 210.01479484463354]",181409.3
2024-08-19_2024-08-25,60544.1667016205,"[33391.0, 3917.0, 368.0, 27.0, 11.0, 2.0, 0.0]","[33459.26767561264, 3830.7574809650596, 367.83328121467065, 22.90296734848153, 5.416423593356361, 0.43655013369159734, 0.1640359113562276]","[60079936.2067269, 6878906.228481537, 660151.0218696718, 41128.93134139696, 9797.996022923657, 774.0669771603216, 295.74021589187566]",184442.4
2024-08-26_2024-09-01,60551.16681585691,"[35591.0, 4015.0, 363.0, 31.0, 8.0, 0.0, 0.0]","[35421.32835827743, 4065.004870578201, 384.08319602511455, 23.57931387246908, 5.545747210077233, 0.47830242525140154, 0.10859999134580083]","[63566487.47511395, 7288959.496794755, 688488.367387545, 42128.8220358303, 9919.000812708451, 851.8104496055189, 223.7024530169346]",204039.1
2024-09-02_2024-09-08,60558.16690115773,"[35458.0, 4105.0, 397.0, 25.0, 4.0, 1.0, 0.0]","[35618.26013846589, 4089.644892044544, 390.1325446126719, 24.334185568938373, 5.945585452703261, 0.41674964235726036, 0.19405728225055763]","[62668681.633653134, 7196449.113817827, 685999.7905937971, 42703.00971989832, 10392.432173147236, 654.2191782688482, 356.3913158188052]",201668.0
2024-09-09_2024-09-15,60565.1667167827,"[35733.0, 4109.0, 391.0, 24.0, 2.0, 0.0, 0.0]","[35885.03679060839, 4131.481754085687, 395.7701021159846, 24.42557759024549, 5.978428324903944, 0.45952286615480004, 0.15573628761420588]","[64339069.35275547, 7406098.121506997, 709925.7258781531, 43862.25025924636, 10696.035887170337, 809.6574836219318, 275.51849707506]",204037.2
2024-09-16_2024-09-22,60572.16689479163,"[35481.0, 4110.0, 392.0, 28.0, 2.0, 1.0, 1.0]","[35312.07598200984, 4098.75148735609, 397.2559774898053, 24.688153576345822, 5.843387348985477, 0.5268023931432491, 0.17230578642276118]","[63231709.302892715, 7339997.5917649595, 711302.0414687475, 44163.90001878272, 10490.888691424541, 959.3876808763451, 310.8996511857551]",203969.2
2024-09-23_2024-09-29,60579.16671180551,"[35462.0, 4118.0, 388.0, 17.0, 6.0, 0.0, 0.0]","[35579.13171258843, 4125.701156276213, 399.22182130789577, 24.607818686874715, 5.851899481822725, 0.36406341836855727, 0.20646780439089552]","[63765021.39681399, 7394031.839288473, 715328.9800053324, 44043.40353892845, 10552.46428351209, 713.1862481215971, 346.15854990251415]",203983.5
2024-09-30_2024-10-06,60586.16685000021,"[36000.0, 4161.0, 421.0, 25.0, 7.0, 1.0, 0.0]","[36017.8957724825, 4195.339020051426, 413.1203443005897, 25.561773064296094, 6.141549429565671, 0.5234313754914943, 0.17054028042672556]","[64632040.783627875, 7525716.798308039, 740983.387102422, 45999.550113962774, 11075.060902183464, 916.7837032211432, 318.43631947596197]",205838.5
2024-10-07_2024-10-13,60593.16674618062,"[34304.0, 3947.0, 374.0, 16.0, 7.0, 0.0, 0.0]","[34303.22414227259, 4011.2255812668604, 395.13799200233274, 24.549316953588622, 6.538672682085051, 0.5252474123592451, 0.20031921777439363]","[61086650.93306958, 7142195.818997899, 703383.6305142042, 43584.200999411274, 11625.858836011188, 951.1448180777411, 386.8115624101851]",193049.9
2024-10-14_2024-10-20,60600.16673275487,"[36202.0, 4320.0, 404.0, 33.0, 6.0, 1.0, 0.0]","[36093.468560326466, 4241.775124548328, 417.19785802802676, 26.879427483572897, 6.514584216413037, 0.523300161496486, 0.1657052677542935]","[64806662.140046425, 7617627.5138640525, 749139.1905404386, 48150.59550016102, 11756.483975658806, 989.9876507382797, 273.2609107702636]",205562.7
2024-10-21_2024-10-27,60607.16679201383,"[35231.0, 4032.0, 410.0, 28.0, 5.0, 0.0, 0.0]","[35155.07661286248, 4128.242312750117, 407.72994043092325, 26.646797081708304, 6.362560213777638, 0.5002136581449615, 0.16649998958356457]","[62473636.19680665, 7329541.668607739, 723066.6291515548, 47244.95429966123, 11377.816001953042, 911.8515695770925, 304.5225966830654]",202874.4
2024-10-28_2024-11-03,60614.16704212961,"[35560.0, 4066.0, 395.0, 26.0, 8.0, 1.0, 0.0]","[35267.67239197402, 4135.134492293663, 407.195647708307, 25.767522749694187, 6.3837359638942415, 0.4318032391039853, 0.20549763146530958]","[62232886.517927706, 7296840.0601418065, 719998.4777126543, 45552.41366505708, 11197.149439195042, 811.3956011776756, 372.37014348025383]",198869.3
2024-11-04_2024-11-10,60621.16672523145,"[35943.0, 4301.0, 410.0, 24.0, 9.0, 0.0, 0.0]","[36058.44414736777, 4246.047385648057, 421.72534631774914, 27.740288235523032, 6.790075273292981, 0.5718484735692156, 0.15010351325928772]","[64723314.15255774, 7618789.875782018, 756640.7323541399, 49658.84632070926, 12172.493534678817, 1052.4916838435254, 262.47902963700295]",205674.7
2024-11-11_2024-11-17,60628.16672465281,"[37058.0, 4365.0, 403.0, 26.0, 5.0, 2.0, 0.0]","[37118.823239252524, 4350.859287639079, 432.2017943645129, 27.20457030255741, 6.753141177978877, 0.5865178793438789, 0.2024638461586772]","[66878064.62613785, 7839902.513407189, 777920.1968014112, 48815.64991081129, 12192.273415850861, 1092.9583188100376, 370.7312559634596]",205624.9
2024-11-18_2024-11-24,60635.16687314769,"[37482.0, 4560.0, 431.0, 35.0, 6.0, 0.0, 0.0]","[37486.848342912825, 4404.175516834104, 442.0025077448813, 29.247856899315327, 7.155604895386888, 0.6642224081067845, 0.23381402339427917]","[67618840.1893432, 7939143.177183308, 795490.8201671127, 52643.74355510202, 12891.473257837464, 1218.1479883077443, 414.85409118890846]",205790.7
2024-11-25_2024-12-01,60642.16681516197,"[37553.0, 4426.0, 452.0, 39.0, 5.0, 0.0, 0.0]","[37761.6439011995, 4430.205134352084, 440.9095335273467, 28.28978628772128, 7.3623159422775615, 0.6271281306581172, 0.18604450897124222]","[68104546.30763055, 7983922.222896198, 794199.5937039476, 50914.31699433797, 13212.102320459428, 1197.2636759237407, 346.1207059415926]",205906.9
2024-12-02_2024-12-08,60649.00021851856,"[35163.0, 4092.0, 358.0, 22.0, 10.0, 2.0, 0.0]","[35255.32188874575, 4114.688992416846, 400.6564498800521, 25.584697532399808, 6.197675723530771, 0.4722479167834507, 0.16374299294668543]","[63593017.50344042, 7418753.599762458, 721265.91321347, 45957.95561445547, 11127.505196543356, 830.5367737091391, 299.17442122176607]",189230.1
2024-12-09_2024-12-15,60657.58327025511,"[25685.0, 2961.0, 295.0, 16.0, 2.0, 0.0, 0.0]","[25418.7489175813, 2966.9190799185435, 295.07533646319695, 18.450345350782964, 4.97027730029274, 0.3305380855746066, 0.11184609855698144]","[45596712.70145845, 5319496.330326727, 528486.3427841094, 33126.3390742025, 8900.037927182273, 585.1202803216976, 220.21307618405902]",131914.6
2024-12-16_2024-12-22,60663.166699189256,"[38270.0, 4510.0, 420.0, 28.0, 6.0, 1.0, 0.0]","[37964.16609346207, 4462.094814380738, 443.3583445781902, 28.181468163103734, 7.310607982697435, 0.5975147193570775, 0.2233254400214205]","[68476579.28243944, 8042231.628258407, 798698.86593792, 50750.142294422134, 13151.097772901883, 1038.1829594879084, 425.5968260877956]",205467.8
2024-12-23_2024-12-29,60670.16658391208,"[37481.0, 4423.0, 475.0, 32.0, 10.0, 1.0, 0.0]","[37683.69271280039, 4421.414219248322, 438.55142642121086, 28.882595348047747, 6.924203177225075, 0.5836016303952258, 0.2023105919780587]","[67956327.39434597, 7968092.9701171415, 789571.9302963378, 52029.80168111245, 12474.771584895188, 1068.6671937318813, 414.810357362073]",205612.4
2024-12-30_2025-01-05,60677.16673958332,"[36454.0, 4350.0, 457.0, 36.0, 3.0, 1.0, 0.0]","[36609.38105193737, 4299.995491558836, 429.41659698507283, 28.604188553351275, 6.614159961610266, 0.6853926375415242, 0.18432439772202272]","[65926872.00967759, 7741067.952500159, 773422.9778887636, 51477.30833979796, 11908.4790692355, 1181.9829658742497, 348.3720916968658]",197467.0
2025-01-06_2025-01-12,60684.16672789375,"[36938.0, 4450.0, 455.0, 32.0, 9.0, 1.0, 0.0]","[37334.81884173681, 4401.088212860574, 439.4604585774645, 28.536258882275988, 7.103533684876556, 0.5654336029137631, 0.1469415319509214]","[67245818.77944258, 7930072.871521844, 791681.9613978715, 51383.73526919941, 12800.496529289261, 1049.5611468696234, 279.8652090963317]",205721.1
2025-01-13_2025-01-19,60691.16678321745,"[30737.0, 3609.0, 352.0, 19.0, 5.0, 0.0, 0.0]","[30458.595058951745, 3580.190974533943, 355.5243785811758, 23.432692565104745, 5.505149408240543, 0.4026719824611936, 0.16084138317964597]","[53196763.811912216, 6251214.805740195, 619845.6295778516, 40877.16806627041, 9687.190382839395, 712.9830566894001, 285.1604467446236]",172836.2
2025-01-20_2025-01-26,60698.16688043982,"[37529.0, 4405.0, 429.0, 29.0, 8.0, 0.0, 0.0]","[37285.203399085716, 4367.868059898759, 430.82669234416903, 27.057236957024873, 6.606280052341075, 0.5095815012403601, 0.2278390730545473]","[66297776.77673361, 7764095.024331475, 765444.4430196106, 48013.991298130255, 11786.152617797794, 922.7904014417452, 391.5599456109292]",203153.8
2025-01-27_2025-02-02,60705.16677754637,"[37018.0, 4230.0, 447.0, 27.0, 3.0, 1.0, 0.0]","[36941.35989871667, 4331.26408280245, 425.8335528301862, 27.095322767767403, 6.124998008302013, 0.47513260272593894, 0.21899602527618947]","[65402796.74847896, 7666006.9583989475, 753850.9228928505, 47885.99168048449, 10806.901287270819, 847.0587168931813, 453.68077495887525]",198886.4
2025-02-03_2025-02-09,60712.16677465245,"[38337.0, 4498.0, 450.0, 22.0, 6.0, 1.0, 1.0]","[38360.91546867432, 4497.448538868509, 440.83319011333117, 28.499795172652906, 6.853088944424593, 0.5213662999667332, 0.18623792560442]","[68536963.76498795, 8035670.310433235, 787943.683965097, 50960.25159671956, 12267.967901786442, 935.2599755222045, 311.4442942119453]",202828.3
2025-02-10_2025-02-16,60719.1668284722,"[38611.0, 4658.0, 463.0, 32.0, 10.0, 0.0, 0.0]","[38844.74084885104, 4582.72356718024, 458.4989523767326, 29.931140823930455, 7.507116350181345, 0.6221670985509901, 0.23613941707235842]","[69623607.37233575, 8210327.886419224, 821579.8633496765, 53730.84838683641, 13474.790479822586, 1133.9981988722936, 397.0654326143069]",203919.8
2025-02-17_2025-02-23,60726.16690254595,"[36322.0, 4320.0, 380.0, 20.0, 7.0, 0.0, 0.0]","[36426.22850016541, 4288.081183950159, 426.13693700111725, 28.425407560022418, 7.448241064007805, 0.4914096391063444, 0.18824843748610062]","[64064109.52441061, 7544921.107231283, 750722.6973553014, 50163.56341173401, 13110.680395530215, 904.0914746263554, 312.2004137268119]",197489.4
2025-02-24_2025-03-02,60733.16680416795,"[37763.0, 4491.0, 478.0, 29.0, 6.0, 0.0, 0.0]","[37852.070140118274, 4471.472893835591, 450.34704739339526, 29.464277893703283, 6.875826226883842, 0.5805964664916563, 0.18242927152982552]","[67651540.14736591, 7999954.703887499, 806636.9454094686, 52763.61090000789, 12411.232920386172, 1099.5987748955667, 353.481964042464]",204099.3
2025-03-03_2025-03-09,60740.16678495379,"[38734.0, 4549.0, 485.0, 28.0, 7.0, 1.0, 0.0]","[38746.03111585255, 4559.290184403018, 458.698218795434, 29.659482065668158, 7.308871049845937, 0.7063211653205275, 0.1736897313540954]","[69099971.67975536, 8136670.163638867, 819874.6695287236, 53211.622667488446, 13082.156382351137, 1262.3764770052903, 350.9303343430682]",203998.2
2025-03-10_2025-03-16,60747.16538379627,"[37790.0, 4457.0, 443.0, 31.0, 10.0, 0.0, 0.0]","[37894.185825116576, 4457.500775639227, 442.40435117137105, 29.01739491634854, 7.065015874026232, 0.6163818717179498, 0.21408511498740315]","[67588472.61839743, 7958512.112443797, 791576.2539781062, 51977.31662608813, 12706.567314978447, 1122.5949018277702, 384.3970717231085]",204011.1
2025-03-17_2025-03-23,60754.1653758104,"[35021.0, 4001.0, 413.0, 24.0, 10.0, 1.0, 1.0]","[35161.210078727694, 4081.831034270675, 401.2799784066918, 26.2338566789475, 6.578149405662251, 0.5502878355207642, 0.18584809707751626]","[62933407.92911031, 7310240.877122253, 719482.1074327237, 47132.79126836426, 11712.954361391927, 968.1738715751758, 333.95748225603006]",204174.2
2025-03-24_2025-03-30,60761.16694155085,"[36617.0, 4395.0, 408.0, 27.0, 4.0, 1.0, 0.0]","[36883.90439171751, 4315.660589412966, 420.22326241278023, 28.06010801965907, 6.288429786831769, 0.5269557703460204, 0.18985207498619794]","[65775126.28823282, 7707924.702829134, 752629.5488341204, 50312.99995572554, 11323.3531935944, 940.4117832497315, 344.4482421196616]",204156.6
2025-03-31_2025-04-06,60768.16668958319,"[37952.0, 4351.0, 454.0, 27.0, 4.0, 2.0, 0.0]","[37516.51411855613, 4432.417609765271, 438.7175857040242, 27.689135544969705, 6.946942420027158, 0.5980025601965462, 0.23549354256716365]","[66600271.80068379, 7878140.617750602, 781978.14944897, 49616.54239656032, 12520.307225586606, 1094.1621880461694, 402.60853505202437]",202840.6
2025-04-07_2025-04-13,60775.16688576368,"[37399.0, 4394.0, 458.0, 22.0, 8.0, 1.0, 0.0]","[37185.201513964945, 4367.270080774395, 435.17865950399323, 27.91425485690835, 6.733009340332157, 0.513737588987863, 0.21820370328803845]","[66285739.25111787, 7795933.553359495, 778157.2879235, 50181.46347116442, 12097.40020817326, 958.2704670358559, 389.05244363831395]",203239.1
2025-04-14_2025-04-20,60782.16670243074,"[35014.0, 4014.0, 414.0, 30.0, 9.0, 1.0, 0.0]","[34901.08388017785, 4112.011721551243, 410.08126735440095, 25.563847503000584, 6.6779038180214245, 0.4772685004914212, 0.20747253701306473]","[60741747.814259686, 7163425.909503205, 715858.075779382, 44685.60517079625, 11654.134349556194, 807.3444362315068, 336.78268876850575]",190496.7
2025-04-21_2025-04-27,60789.16674895826,"[37023.0, 4313.0, 425.0, 38.0, 9.0, 0.0, 0.0]","[37053.13818234428, 4361.390584665784, 429.63143181534105, 27.4912156320517, 7.118911005039026, 0.5514469948403341, 0.23386784634413527]","[66115323.21836587, 7786360.418237306, 767778.8281594638, 49262.824568742675, 12804.25738536012, 986.1417221494028, 374.5615228486151]",202791.2
2025-04-28_2025-05-04,60796.16692835648,"[36727.0, 4336.0, 389.0, 28.0, 7.0, 1.0, 0.0]","[36345.14507292757, 4282.152342651731, 421.91373943307434, 26.40875108483576, 6.703021109898026, 0.6524867077386433, 0.235636088405517]","[64866894.121086136, 7644741.604659167, 753836.7721903095, 47186.905094384805, 12005.80702265726, 1143.5512740056756, 386.9624648177999]",202781.6
2025-05-05_2025-05-11,60803.166794328245,"[36978.0, 4412.0, 469.0, 25.0, 7.0, 0.0, 0.0]","[36832.16060350576, 4354.615127836405, 426.9207428056525, 27.213922141290887, 6.769139273308353, 0.512135649391647, 0.19889696697318196]","[66231678.609567225, 7831941.178547596, 767447.245093548, 48796.153835572244, 12181.20908685104, 894.9850363951709, 362.59345945377544]",204029.2
2025-05-12_2025-05-18,60810.1667353005,"[36568.0, 4130.0, 420.0, 21.0, 14.0, 0.0, 0.0]","[36371.983114342096, 4279.617555845376, 422.7600145676449, 26.09412352260479, 6.796359128594647, 0.6192123922643673, 0.2083132694314489]","[65085435.070582606, 7659386.627607724, 756425.1017735238, 46640.313473029724, 12123.238814728536, 1055.669934530512, 368.47723914831613]",202028.7
2025-05-19_2025-05-25,60817.16703796223,"[20802.0, 2373.0, 247.0, 15.0, 5.0, 1.0, 0.0]","[20848.283094538147, 2462.5731844676184, 242.09966319289944, 15.45752488255187, 3.879875993755438, 0.3398543026972875, 0.09116590418769441]","[37568906.96469736, 4436463.688675741, 436429.18984865875, 27738.410397660948, 6987.931641262469, 608.5964932919969, 160.34407090487275]",116522.5
2025-05-26_2025-06-01,60824.1669177088,"[13240.0, 1538.0, 139.0, 5.0, 1.0, 1.0, 0.0]","[13208.495939139677, 1552.302315389413, 148.52785813406578, 9.104325051310994, 2.1246518684790727, 0.19664605583161637, 0.05273648000265696]","[21934169.91408566, 2575158.0540587655, 246352.14016321226, 15207.12452318299, 3530.659049523934, 335.219940685335, 90.72423937754792]",73207.3
2025-06-02_2025-06-08,60831.16679965261,"[37004.0, 4283.0, 407.0, 17.0, 6.0, 0.0, 0.0]","[36697.14856504414, 4302.819588428728, 414.51194542506164, 25.9462355305322, 6.586440213573911, 0.4171925629002468, 0.2101979516693504]","[65025664.29358126, 7620732.164281258, 734213.5813651017, 46010.080479270095, 11668.18653856041, 757.6604079044997, 388.8919802266715]",198066.9
2025-06-09_2025-06-15,60838.166817592544,"[35222.0, 4187.0, 378.0, 15.0, 3.0, 1.0, 1.0]","[35003.61604916418, 4073.8714502453363, 400.1889596770299, 25.706991327496677, 5.908814286388425, 0.5706972631888343, 0.22323980432622784]","[60872523.503683105, 7082544.253720708, 696196.0724778483, 44850.67544628861, 10337.013646202699, 1001.9745506044617, 324.2930837347343]",195169.3
2025-06-16_2025-06-22,60845.16692986109,"[35299.0, 3957.0, 411.0, 29.0, 6.0, 1.0, 1.0]","[35440.927572783934, 4122.979070587822, 399.69471709796187, 25.160042010047587, 5.631743771546553, 0.5351704110439591, 0.18196152466173637]","[63200254.5679236, 7342750.3398364615, 710565.0777912192, 44668.02470975118, 10053.300289499388, 948.9378229476677, 326.2740752251167]",200972.6
2025-06-23_2025-06-29,60852.16665104171,"[30946.0, 3518.0, 348.0, 19.0, 5.0, 2.0, 1.0]","[31019.52775014678, 3554.9292484873263, 342.981440334065, 21.805734119037798, 5.405767668197838, 0.4121519661843987, 0.13873990753811014]","[55789055.87329034, 6388541.164691851, 615567.6656270684, 39075.19702984719, 9672.104828056137, 748.1295800609455, 239.41483678021052]",175389.3
2025-06-30_2025-07-06,60859.166566782456,"[35280.0, 4033.0, 358.0, 28.0, 6.0, 0.0, 0.0]","[35372.511221390494, 4013.481575353765, 376.91155403717556, 24.27426450093346, 5.343960020857122, 0.5745839512504013, 0.13697010045024194]","[63620779.60174491, 7216541.450222313, 676547.0444863838, 43624.89007682046, 9599.51603083475, 953.1655421762117, 225.26034450190173]",203088.2
2025-07-07_2025-07-13,60866.166639236166,"[35501.0, 3926.0, 376.0, 24.0, 3.0, 0.0, 0.0]","[35172.90705245236, 3955.072310384088, 377.89360451135457, 24.03889967462476, 5.769189789830217, 0.45590970297436395, 0.13359838392997428]","[63299336.17822023, 7115374.797092146, 678782.7897843316, 42990.546557898604, 10347.171429580107, 813.1158349622586, 275.56140349224967]",203564.1
2025-07-14_2025-07-20,60873.16703865799,"[34769.0, 4012.0, 363.0, 19.0, 5.0, 0.0, 0.0]","[34629.80894037995, 3856.9333183798954, 352.8004133927658, 21.690760937265036, 5.414428870858959, 0.36421635867338886, 0.18732483742145575]","[62314581.61209952, 6932324.897259058, 632720.0056022075, 38780.382775674065, 9694.496514221513, 633.356299290934, 332.56368796487175]",203951.5
2025-07-21_2025-07-27,60880.16672905084,"[16531.0, 1855.0, 180.0, 12.0, 3.0, 0.0, 0.0]","[16367.482481567107, 1851.5508631365847, 172.8054918770164, 10.714547435397753, 2.7269195608003027, 0.2487852571423565, 0.0663077945411456]","[25475968.135929693, 2894038.664625868, 269365.4332721454, 16721.514848887422, 4233.523956852145, 397.25654111533294, 104.44131849193377]",97184.3
2025-07-28_2025-08-03,60887.16680451378,"[29281.0, 3359.0, 303.0, 18.0, 2.0, 1.0, 0.0]","[29335.019943833366, 3288.5473673236033, 310.9731997763828, 19.8187792969347, 4.9502735967575795, 0.398727409967207, 0.11659775378041243]","[51206791.14891064, 5737164.278951808, 542072.1320731145, 34547.77411313585, 8620.835283924234, 648.9652412346989, 228.6066551029428]",170662.5
2025-08-04_2025-08-10,60894.1670392364,"[20569.0, 2365.0, 204.0, 14.0, 4.0, 1.0, 0.0]","[20575.948237372206, 2302.431897510959, 213.98546250482772, 12.90459872115465, 3.1660927857984418, 0.2932684680524579, 0.05022316398057507]","[36502219.378734134, 4084276.4440772156, 378589.5331376401, 22879.823751710966, 5572.261695058579, 508.69502996547214, 88.24960816816312]",125520.7
2025-08-11_2025-08-17,60901.16687858797,"[512.0, 48.0, 7.0, 0.0, 0.0, 0.0, 0.0]","[495.72410736954873, 61.7647688896115, 6.769887671014844, 0.37261290047351137, 0.07579101253822149, 0.0, 0.0]","[880678.4703993204, 109475.94173585213, 11925.705308812469, 666.5788148524296, 129.4393624052704, 0.0, 0.0]",22395.4
2025-08-18_2025-08-24,60908.16661006922,"[5507.0, 638.0, 69.0, 6.0, 3.0, 1.0, 0.0]","[5555.8564117359265, 631.9523037395239, 60.36856334818479, 3.914615453612833, 1.0695577374867347, 0.0836629578543761, 0.030827035620447044]","[8726903.89485914, 994096.1934136954, 94870.33888729004, 6199.856912610478, 1695.6881951636567, 136.53180103684443, 48.222614697404225]",51534.9
2025-08-25_2025-08-31,60915.16695486112,"[5977.0, 712.0, 80.0, 2.0, 2.0, 0.0, 0.0]","[6009.059325802871, 693.7194472523346, 70.07510662129548, 4.555107092070103, 0.972944226094084, 0.09801041341367722, 0.0438634283563467]","[9977761.528063802, 1157375.956353527, 116856.31055302761, 7576.686042053643, 1575.0373621935519, 146.09274509678363, 68.6806780045946]",60297.5
2025-09-01_2025-09-07,60922.16703807874,"[3288.0, 464.0, 36.0, 4.0, 0.0, 0.0, 0.0]","[3347.658244109439, 443.3702013086756, 48.07832356989195, 3.1536014347651165, 0.9371502326566263, 0.05264397691964413, 0.027057363369676696]","[5994106.262755808, 793978.3401767429, 86224.68227934215, 5594.903312182404, 1681.6972516649548, 109.97652725908392, 41.87395578661522]",57462.6
2025-09-08_2025-09-14,60927.25036713037,"[15299.0, 1690.0, 170.0, 13.0, 3.0, 0.0, 0.0]","[15417.697703321166, 1778.625473012301, 175.92891727088625, 10.449558365775738, 2.817590411497212, 0.13158997202776634, 0.0743572436610021]","[25628258.238379505, 2963632.648963539, 292963.93274303933, 17423.938832027652, 4670.987183454675, 198.2011020544233, 135.92816971014173]",86842.7
2025-09-15_2025-09-21,60936.34501064847,"[25031.0, 3034.0, 299.0, 19.0, 5.0, 0.0, 0.0]","[25199.897475841237, 2936.2528683956525, 291.90836710468307, 19.03819189194795, 4.8245242023475265, 0.29357447774698103, 0.06574937903657724]","[44949910.31757988, 5232840.298862593, 519781.5824676865, 33880.61901810707, 8630.68177424214, 537.2382257989348, 128.56099134443895]",150976.5
2025-09-22_2025-09-28,60943.16681076383,"[35071.0, 3980.0, 427.0, 30.0, 11.0, 0.0, 0.0]","[34777.91539351608, 4068.578097104682, 409.5060696544136, 28.145041136677634, 7.058676172472426, 0.6766666467141452, 0.13119175176091705]","[60844875.1312679, 7120026.901516723, 716370.1991063248, 49195.58188760302, 12364.384060503431, 1139.502952980032, 229.2224931933028]",202895.6
2025-09-29_2025-10-05,60950.16695706014,"[35131.0, 4177.0, 412.0, 32.0, 5.0, 0.0, 0.0]","[35230.90620950584, 4164.708438876142, 421.82443316836617, 27.88266469740649, 7.124977694204686, 0.6458685010037959, 0.20052739533165814]","[62398014.061378986, 7376354.055813329, 746705.4767381776, 49375.526431170736, 12588.776300916414, 1108.1858967198586, 361.88879115929745]",205445.3
2025-10-06_2025-10-12,60957.16664351853,"[35333.0, 4225.0, 438.0, 25.0, 11.0, 0.0, 0.0]","[35271.64439925634, 4273.387802049355, 444.4315934355087, 30.91502027143996, 8.236577666880608, 0.7345870924637049, 0.1840757170218582]","[62547171.77454306, 7569020.611428115, 786583.223492686, 54648.14141438552, 14676.84317833479, 1251.1710398395396, 294.94716914230924]",205011.6
2025-10-13_2025-10-19,60964.16670879656,"[35726.0, 4279.0, 422.0, 28.0, 12.0, 1.0, 0.0]","[35436.19983952271, 4360.822736682086, 466.7050423961373, 33.0408101164361, 8.883444923367957, 0.6263828111113002, 0.21046389143057753]","[63274948.91993474, 7775319.556178985, 832196.3597238752, 58738.40384713052, 15845.129246100882, 1156.7790632635083, 389.08267224945587]",205695.7
2025-10-20_2025-10-26,60971.16692222213,"[35846.0, 4427.0, 438.0, 26.0, 10.0, 1.0, 0.0]","[35761.65256026714, 4439.688084019613, 480.4190469177764, 33.72634419170058, 9.098610268057726, 0.751895179262214, 0.17334745297845122]","[64283035.03890365, 7978473.361895566, 862808.5653671288, 60608.32746445199, 16379.047891068227, 1333.6110139730854, 310.9781370018797]",205891.1
2025-10-27_2025-11-02,60978.166854051065,"[36115.0, 4286.0, 440.0, 43.0, 6.0, 1.0, 0.0]","[35858.771557036336, 4389.7860244427275, 465.6478754799185, 33.12583522243471, 8.692821302858711, 0.6889281822807879, 0.17176182367771858]","[64279059.024522826, 7867316.970612465, 834118.5168845005, 59324.05223675262, 15709.759532137392, 1183.3092471686934, 296.889254201834]",205698.6
2025-11-03_2025-11-09,60985.16687268496,"[35452.0, 4198.0, 447.0, 30.0, 3.0, 1.0, 0.0]","[35287.65094833818, 4250.615701639376, 440.8188436970144, 30.346620561059137, 7.772308282578075, 0.5936678277850831, 0.13859722249307904]","[62654366.419079475, 7542435.2271648515, 781156.832357521, 53944.717447049756, 13702.479075344116, 1034.3476666094707, 258.0021006001837]",202454.0
2025-11-10_2025-11-16,60992.16688125008,"[36285.0, 4035.0, 402.0, 33.0, 8.0, 1.0, 1.0]","[36507.37083629072, 4129.784035504639, 404.2976940814019, 26.167954936544138, 6.337299780562108, 0.3963333960959768, 0.13621692890351053]","[65645619.32665982, 7422587.445990549, 725624.3807180737, 46942.54699489009, 11369.107229844565, 723.4927509680838, 233.6046632776504]",205646.7
2025-11-17_2025-11-23,60999.16677222219,"[36387.0, 4158.0, 434.0, 27.0, 3.0, 1.0, 0.0]","[36321.43537732352, 4126.9532017886595, 405.2041219621319, 27.49627130896716, 6.849832255915862, 0.5455535729476262, 0.18718498851556156]","[65502339.77375696, 7440614.339882272, 729833.5879290475, 49476.45944074533, 12292.036462506123, 905.9736156851062, 333.5641042044503]",205736.1
2025-11-24_2025-11-30,61006.16708518481,"[36035.0, 4313.0, 443.0, 23.0, 4.0, 1.0, 0.0]","[36415.335561490014, 4211.34256609837, 419.6319035651346, 27.49783935038915, 7.111115213773414, 0.5537901546799368, 0.2143279457256782]","[65678673.35824894, 7593489.975383957, 756056.5501945119, 49721.616088724615, 12796.649082381906, 949.5726942725354, 360.8566790159252]",205736.9
2025-12-01_2025-12-07,61013.16692442136,"[36985.0, 4333.0, 455.0, 26.0, 7.0, 1.0, 0.0]","[37039.83478094016, 4257.180191483796, 427.15811501952345, 28.321997891084504, 7.2441904346563835, 0.5973474831473564, 0.2133023252023647]","[66865769.00427337, 7678961.136632334, 770363.6504041554, 51125.69747358391, 13027.092350218561, 1081.3087821816382, 426.1176639207455]",205811.5
2025-12-08_2025-12-14,61020.16679918961,"[36661.0, 4228.0, 454.0, 33.0, 8.0, 0.0, 0.0]","[36911.21332210501, 4259.906478067517, 429.35504107016465, 29.140025700396592, 7.283873328652793, 0.49513018959561383, 0.15605405952120013]","[66608994.01800049, 7682774.713341892, 774513.2412168996, 52518.5818351597, 13124.891316669124, 894.1731024604334, 255.97775199375818]",205743.7
2025-12-15_2025-12-21,61027.16697870383,"[36417.0, 4296.0, 401.0, 36.0, 9.0, 1.0, 0.0]","[36489.110281547975, 4266.045000637873, 431.1276375773305, 28.979599484275226, 7.333270481654296, 0.5596234762163845, 0.15426564099344128]","[65510792.40363091, 7656004.134306279, 772479.8198935848, 51723.96611916971, 13025.174279371951, 1016.9248329474325, 284.14049378024]",204540.1
2025-12-22_2025-12-28,61034.16675069425,"[36158.0, 4243.0, 408.0, 36.0, 8.0, 1.0, 0.0]","[36357.37973414759, 4249.607982102079, 428.3109078945816, 28.278754402532204, 7.402808128317559, 0.6222693749666695, 0.18843128357512146]","[64225027.52730592, 7509677.695669741, 756594.0019262978, 50061.815311306374, 13042.33505494457, 1050.6011326191733, 343.3818722263217]",186011.7
2025-12-29_2026-01-04,61041.16678518496,"[37966.0, 4639.0, 464.0, 39.0, 3.0, 1.0, 0.0]","[37848.0118067956, 4568.476681649515, 478.75998948157985, 33.60392832514444, 8.31104715246335, 0.8386852000301973, 0.19485970064040178]","[67655679.24675101, 8168858.202445917, 856400.4324817276, 59968.250820539004, 14929.906658807166, 1414.0972260114859, 350.8966790644339]",204837.6
2026-01-05_2026-01-11,61048.1668094906,"[37106.0, 4464.0, 482.0, 32.0, 8.0, 0.0, 1.0]","[36768.92280056152, 4465.310964226603, 471.8677107072637, 32.85828015273224, 8.43834010156089, 0.6883577760421342, 0.16922556312013382]","[63326618.43841969, 7685753.7088037245, 812362.8522847646, 56491.47532362252, 14425.096195403265, 1226.5936247346767, 335.2087013993266]",191325.7
2026-01-12_2026-01-18,61055.16681574068,"[37129.0, 4552.0, 469.0, 38.0, 11.0, 0.0, 0.0]","[37076.00057524609, 4492.192473486238, 475.84637474941445, 33.46731534282129, 8.101409408434073, 0.6580263504809534, 0.1107406342355553]","[66151808.00779126, 8012949.607530123, 848532.8393544414, 59657.848130414655, 14466.353039670834, 1165.993876479238, 202.21229324486703]",203561.5
2026-01-19_2026-01-25,61062.16678483808,"[37709.0, 4519.0, 504.0, 32.0, 4.0, 1.0, 0.0]","[37451.94456380193, 4517.113254134171, 472.06873906916513, 32.480764609656426, 8.486836790430633, 0.5704035790063761, 0.21157455773716466]","[66628775.29128468, 8033110.77563025, 838489.7433607156, 57801.259151463295, 15073.469675410046, 1027.660081625664, 403.0244902695043]",203110.0
2026-01-26_2026-02-01,61069.16677719957,"[36519.0, 4333.0, 457.0, 36.0, 6.0, 1.0, 1.0]","[36614.10407278355, 4406.918798489467, 463.48018966865646, 32.87605387020861, 8.095507190491876, 0.5808640327977663, 0.1910117848462629]","[65470428.529797725, 7877109.953054203, 828009.6074959803, 58710.312066639584, 14392.102725548617, 1067.4237367651542, 340.66183972282846]",203992.3
2026-02-02_2026-02-08,61076.16705497642,"[33141.0, 4058.0, 418.0, 24.0, 7.0, 1.0, 0.0]","[33203.327047973966, 4067.5719792392856, 431.6433008391112, 30.335763949462585, 8.02407029716022, 0.5737733047930654, 0.14481036640465864]","[56950624.523326516, 6973748.938482891, 740129.018533594, 52162.78205527155, 13724.793009460544, 1010.382924326082, 244.09067101971684]",191695.6
2026-02-09_2026-02-15,61083.16677974512,"[34844.0, 4097.0, 512.0, 29.0, 7.0, 0.0, 0.0]","[35047.67036639737, 4199.933513304142, 430.89987398029564, 29.61977249253591, 7.164407567112901, 0.6308580851891371, 0.15402020687551918]","[61833155.89163566, 7402512.8141908655, 759331.6612695684, 52240.46735947246, 12649.437714748732, 1040.76917466729, 255.47674286541977]",196250.4
2026-02-16_2026-02-22,61090.16656608831,"[27822.0, 3325.0, 346.0, 30.0, 11.0, 0.0, 0.0]","[27786.824794750115, 3340.7479260285363, 342.7050035519622, 22.436198612243217, 5.836281461505209, 0.45926794601820026, 0.0945597355831754]","[47405014.892055735, 5701382.360810635, 586012.284653047, 38419.75207792721, 10006.744590205535, 753.3319859221156, 172.56197024705395]",162393.1
2026-02-23_2026-03-01,61097.166678703776,"[35648.0, 4280.0, 449.0, 20.0, 8.0, 1.0, 0.0]","[35468.44112791973, 4256.5423795213155, 440.4770170970074, 29.254375205422942, 7.278389753210003, 0.512073745553072, 0.20825736582114232]","[61799526.138551444, 7422716.6340251295, 768395.624711333, 51170.59189557384, 12728.678325825209, 909.6120893599054, 369.8932741013872]",192880.3
2026-03-02_2026-03-08,61104.16654675924,"[36462.0, 4443.0, 450.0, 32.0, 3.0, 1.0, 1.0]","[36564.24004596405, 4435.070372381169, 461.20295776116603, 31.245799148771763, 7.863002272703099, 0.5941327517502603, 0.20373261072185891]","[65104245.854610436, 7899276.80888393, 822925.6946914521, 55795.77046952796, 14040.971996701985, 1096.14392168584, 375.10793317443245]",204026.6
2026-03-09_2026-03-15,61111.1666612272,"[35518.0, 4344.0, 466.0, 36.0, 7.0, 1.0, 0.0]","[35735.99613232623, 4331.644694951228, 448.00036800533894, 31.606164928875955, 7.743560292025357, 0.6571975013245598, 0.12442443043928486]","[63795640.67798592, 7740461.181397141, 802299.3853022817, 56861.217954136955, 13857.514533439553, 1166.0978722278842, 252.69897366206885]",203610.4
2026-03-16_2026-03-22,61118.16672777723,"[36231.0, 4327.0, 423.0, 31.0, 6.0, 0.0, 0.0]","[36260.02995879158, 4375.258705376316, 444.0658696487047, 29.0454033367036, 7.538378595328379, 0.5207402480073938, 0.1264172997607794]","[64133005.78960053, 7742216.202192837, 787587.0563165607, 51541.341760200514, 13330.78342146542, 891.9790276671661, 213.03680609974856]",202450.6
2026-03-23_2026-03-29,61125.16668842604,"[37324.0, 4518.0, 468.0, 38.0, 13.0, 3.0, 0.0]","[37145.439008575784, 4518.338119054901, 474.79993116186006, 31.922113028729, 8.16963372162591, 0.7048964992006137, 0.19085095340400623]","[66301958.10010273, 8065726.48862322, 848621.6748138795, 57123.680819153735, 14717.441187939245, 1275.904219979822, 362.15134272031236]",204010.7
