source_id,source,name,cadence,mjd,date1,date2,N0,N0_err,F0,F0_err,F0_order,TS,gamma,E0_TeV,n_inputs,fit_status,fit_log_status,is_usable_for_periodicity
m87,M87,2021-03-08_2021-03-14,week,59284.5,2021-03-08,2021-03-14,6.031e-14,5.934e-14,0.06031,0.05934,1e-12,1.16,2.6,3.0,1,OK,OK,True
m87,M87,2021-03-15_2021-03-21,week,59291.5,2021-03-15,2021-03-21,1.751e-14,6.341e-14,0.01751,0.06341,1e-12,0.08,2.6,3.0,1,OK,OK,True
m87,M87,2021-03-22_2021-03-28,week,59298.5,2021-03-22,2021-03-28,6.244e-14,4.806e-14,0.06244,0.04806,1e-12,1.99,2.6,3.0,1,OK,OK,True
m87,M87,2021-03-29_2021-04-04,week,59305.5,2021-03-29,2021-04-04,0.0,4.605e-14,0.0,0.04605,1e-12,-0.0,2.6,3.0,1,OK,OK,True
m87,M87,2021-04-05_2021-04-11,week,59312.5,2021-04-05,2021-04-11,0.0,5.859e-14,0.0,0.05859,1e-12,-0.0,2.6,3.0,1,OK,OK,True
m87,M87,2021-04-12_2021-04-18,week,59319.5,2021-04-12,2021-04-18,0.0,1.1445e-13,0.0,0.11445,1e-12,-0.0,2.6,3.0,1,OK,OK,True
m87,M87,2021-04-19_2021-04-25,week,59326.5,2021-04-19,2021-04-25,8.49e-14,6.198e-14,0.0849,0.06198,1e-12,2.14,2.6,3.0,1,OK,OK,True
m87,M87,2021-04-26_2021-05-02,week,59333.5,2021-04-26,2021-05-02,0.0,3.3209e-13,0.0,0.33209,1e-12,-0.0,2.6,3.0,1,OK,OK,True
m87,M87,2021-05-03_2021-05-09,week,59340.5,2021-05-03,2021-05-09,9.458e-14,5.756e-14,0.09458,0.05756,1e-12,3.28,2.6,3.0,1,OK,OK,True
m87,M87,2021-05-10_2021-05-16,week,59347.5,2021-05-10,2021-05-16,6.560000000000001e-15,7.184e-14,0.00656,0.07184,1e-12,0.02,2.6,3.0,1,OK,OK,True
m87,M87,2021-05-17_2021-05-23,week,59354.5,2021-05-17,2021-05-23,1.044e-14,4.025e-14,0.01044,0.04025,1e-12,0.07,2.6,3.0,1,OK,OK,True
m87,M87,2021-05-24_2021-05-30,week,59361.5,2021-05-24,2021-05-30,7.068e-14,4.996e-14,0.07068,0.04996,1e-12,2.45,2.6,3.0,1,OK,OK,True
m87,M87,2021-05-31_2021-06-06,week,59368.5,2021-05-31,2021-06-06,5.310000000000001e-15,9.003e-14,0.00531,0.09003,1e-12,0.01,2.6,3.0,1,OK,OK,True
m87,M87,2021-06-07_2021-06-13,week,59375.5,2021-06-07,2021-06-13,0.0,5.515e-14,0.0,0.05515,1e-12,-0.0,2.6,3.0,1,OK,OK,True
m87,M87,2021-06-14_2021-06-20,week,59382.5,2021-06-14,2021-06-20,0.0,2.935e-14,0.0,0.02935,1e-12,-0.0,2.6,3.0,1,OK,OK,True
m87,M87,2021-06-21_2021-06-27,week,59389.5,2021-06-21,2021-06-27,0.0,3.422e-14,0.0,0.03422,1e-12,-0.0,2.6,3.0,1,OK,OK,True
m87,M87,2021-06-28_2021-07-04,week,59396.5,2021-06-28,2021-07-04,0.0,6.989e-14,0.0,0.06989,1e-12,-0.0,2.6,3.0,1,OK,OK,True
m87,M87,2021-07-05_2021-07-11,week,59403.5,2021-07-05,2021-07-11,0.0,5.952e-14,0.0,0.05952,1e-12,-0.0,2.6,3.0,1,OK,OK,True
m87,M87,2021-07-12_2021-07-18,week,59410.5,2021-07-12,2021-07-18,7.905e-14,6.35e-14,0.07905,0.0635,1e-12,1.82,2.6,3.0,1,OK,OK,True
m87,M87,2021-07-19_2021-07-25,week,59417.5,2021-07-19,2021-07-25,1.0537e-13,5.651e-14,0.10537,0.05651,1e-12,4.53,2.6,3.0,1,OK,OK,True
m87,M87,2021-07-26_2021-08-01,week,59424.5,2021-07-26,2021-08-01,5.59e-14,5.868e-14,0.0559,0.05868,1e-12,1.23,2.6,3.0,1,OK,OK,True
m87,M87,2021-08-02_2021-08-08,week,59431.5,2021-08-02,2021-08-08,0.0,1.58e-14,0.0,0.0158,1e-12,-0.0,2.6,3.0,1,OK,OK,True
m87,M87,2021-08-09_2021-08-15,week,59438.5,2021-08-09,2021-08-15,8.054e-14,4.704e-14,0.08054,0.04704,1e-12,3.82,2.6,3.0,1,OK,OK,True
m87,M87,2021-08-16_2021-08-22,week,59445.5,2021-08-16,2021-08-22,4.834e-14,4.744e-14,0.04834,0.04744,1e-12,1.23,2.6,3.0,1,OK,OK,True
m87,M87,2021-08-23_2021-08-29,week,59452.5,2021-08-23,2021-08-29,6.459e-14,5.177e-14,0.06459,0.05177,1e-12,1.85,2.6,3.0,1,OK,OK,True
m87,M87,2021-08-30_2021-09-05,week,59459.5,2021-08-30,2021-09-05,1.9999999999999998e-17,1.3086e-13,2e-05,0.13086,1e-12,-0.0,2.6,3.0,1,OK,OK,True
m87,M87,2021-09-06_2021-09-12,week,59466.5,2021-09-06,2021-09-12,4.593e-14,4.824e-14,0.04593,0.04824,1e-12,1.05,2.6,3.0,1,OK,OK,True
m87,M87,2021-09-13_2021-09-19,week,59473.5,2021-09-13,2021-09-19,4.505e-14,6.335e-14,0.04505,0.06335,1e-12,0.63,2.6,3.0,1,OK,OK,True
m87,M87,2021-09-20_2021-09-26,week,59480.5,2021-09-20,2021-09-26,2.888e-14,6.883e-14,0.02888,0.06883,1e-12,0.18,2.6,3.0,1,OK,OK,True
m87,M87,2021-09-27_2021-10-03,week,59487.5,2021-09-27,2021-10-03,8.335e-14,4.428e-14,0.08335,0.04428,1e-12,5.26,2.6,3.0,1,OK,OK,True
m87,M87,2021-10-04_2021-10-10,week,59494.5,2021-10-04,2021-10-10,2.425e-14,4.243e-14,0.02425,0.04243,1e-12,0.36,2.6,3.0,1,OK,OK,True
m87,M87,2021-10-11_2021-10-17,week,59501.5,2021-10-11,2021-10-17,7.474e-14,5.263e-14,0.07474,0.05263,1e-12,2.68,2.6,3.0,1,OK,OK,True
m87,M87,2021-10-18_2021-10-24,week,59508.5,2021-10-18,2021-10-24,1.2408e-13,5.79e-14,0.12408,0.0579,1e-12,5.69,2.6,3.0,1,OK,OK,True
m87,M87,2021-10-25_2021-10-31,week,59515.5,2021-10-25,2021-10-31,6.174e-14,4.582e-14,0.06174,0.04582,1e-12,2.25,2.6,3.0,1,OK,OK,True
m87,M87,2021-11-01_2021-11-07,week,59522.5,2021-11-01,2021-11-07,1.445e-14,4.711e-14,0.01445,0.04711,1e-12,0.1,2.6,3.0,1,OK,OK,True
m87,M87,2021-11-08_2021-11-14,week,59529.5,2021-11-08,2021-11-14,0.0,1.3584e-13,0.0,0.13584,1e-12,-0.0,2.6,3.0,1,OK,OK,True
m87,M87,2021-11-15_2021-11-21,week,59536.5,2021-11-15,2021-11-21,0.0,1.3215e-13,0.0,0.13215,1e-12,-0.0,2.6,3.0,1,OK,OK,True
m87,M87,2021-11-22_2021-11-28,week,59543.5,2021-11-22,2021-11-28,5.006e-14,4.819e-14,0.05006,0.04819,1e-12,1.35,2.6,3.0,1,OK,OK,True
m87,M87,2021-11-29_2021-12-05,week,59550.5,2021-11-29,2021-12-05,7.15e-15,8.581e-14,0.00715,0.08581,1e-12,0.02,2.6,3.0,1,OK,OK,True
m87,M87,2021-12-06_2021-12-12,week,59557.5,2021-12-06,2021-12-12,9.075e-14,4.556e-14,0.09075,0.04556,1e-12,5.66,2.6,3.0,1,OK,OK,True
m87,M87,2021-12-13_2021-12-19,week,59564.5,2021-12-13,2021-12-19,8.905e-14,4.98e-14,0.08905,0.0498,1e-12,4.18,2.6,3.0,1,OK,OK,True
m87,M87,2021-12-20_2021-12-26,week,59571.5,2021-12-20,2021-12-26,3.659e-14,4.247e-14,0.03659,0.04247,1e-12,0.88,2.6,3.0,1,OK,OK,True
m87,M87,2021-12-27_2022-01-02,week,59578.5,2021-12-27,2022-01-02,1.0827e-13,5.115e-14,0.10827,0.05115,1e-12,6.28,2.6,3.0,1,OK,OK,True
m87,M87,2022-01-03_2022-01-09,week,59585.5,2022-01-03,2022-01-09,4.483e-14,4.972e-14,0.04483,0.04972,1e-12,0.9,2.6,3.0,1,OK,OK,True
m87,M87,2022-01-10_2022-01-16,week,59592.5,2022-01-10,2022-01-16,9.313e-14,4.861e-14,0.09313,0.04861,1e-12,4.5,2.6,3.0,1,OK,OK,True
m87,M87,2022-01-17_2022-01-23,week,59599.5,2022-01-17,2022-01-23,4.021e-14,4.713e-14,0.04021,0.04713,1e-12,0.85,2.6,3.0,1,OK,OK,True
m87,M87,2022-01-24_2022-01-30,week,59606.5,2022-01-24,2022-01-30,2.962e-14,4.175e-14,0.02962,0.04175,1e-12,0.58,2.6,3.0,1,OK,OK,True
m87,M87,2022-01-31_2022-02-06,week,59613.5,2022-01-31,2022-02-06,2.7013e-13,6.057e-14,0.27013,0.06057,1e-12,28.05,2.6,3.0,1,OK,OK,True
m87,M87,2022-02-07_2022-02-13,week,59620.5,2022-02-07,2022-02-13,0.0,7.237e-14,0.0,0.07237,1e-12,-0.0,2.6,3.0,1,OK,OK,True
m87,M87,2022-02-14_2022-02-20,week,59627.5,2022-02-14,2022-02-20,0.0,3.043e-14,0.0,0.03043,1e-12,-0.0,2.6,3.0,1,OK,OK,True
m87,M87,2022-02-21_2022-02-27,week,59634.5,2022-02-21,2022-02-27,0.0,5.386e-14,0.0,0.05386,1e-12,-0.0,2.6,3.0,1,OK,OK,True
m87,M87,2022-02-28_2022-03-06,week,59641.5,2022-02-28,2022-03-06,0.0,2.335e-14,0.0,0.02335,1e-12,-0.0,2.6,3.0,1,OK,OK,True
m87,M87,2022-03-07_2022-03-13,week,59648.5,2022-03-07,2022-03-13,6.723e-14,4.143e-14,0.06723,0.04143,1e-12,3.92,2.6,3.0,1,OK,OK,True
m87,M87,2022-03-14_2022-03-20,week,59655.5,2022-03-14,2022-03-20,5.419e-14,4.161e-14,0.05419,0.04161,1e-12,2.3,2.6,3.0,1,OK,OK,True
m87,M87,2022-03-21_2022-03-27,week,59662.5,2022-03-21,2022-03-27,5.74e-14,5.274e-14,0.0574,0.05274,1e-12,1.28,2.6,3.0,1,OK,OK,True
m87,M87,2022-03-28_2022-04-03,week,59669.5,2022-03-28,2022-04-03,0.0,1.16e-13,0.0,0.116,1e-12,-0.0,2.6,3.0,1,OK,OK,True
m87,M87,2022-04-04_2022-04-10,week,59676.5,2022-04-04,2022-04-10,0.0,4.204e-14,0.0,0.04204,1e-12,-0.0,2.6,3.0,1,OK,OK,True
m87,M87,2022-04-11_2022-04-17,week,59683.5,2022-04-11,2022-04-17,3.438e-14,3.297e-14,0.03438,0.03297,1e-12,1.46,2.6,3.0,1,OK,OK,True
m87,M87,2022-04-18_2022-04-24,week,59690.5,2022-04-18,2022-04-24,4.921e-14,4.315e-14,0.04921,0.04315,1e-12,1.55,2.6,3.0,1,OK,OK,True
m87,M87,2022-04-25_2022-05-01,week,59697.5,2022-04-25,2022-05-01,0.0,6.836e-14,0.0,0.06836,1e-12,-0.0,2.6,3.0,1,OK,OK,True
m87,M87,2022-05-02_2022-05-08,week,59704.5,2022-05-02,2022-05-08,7.871e-14,4.394e-14,0.07871,0.04394,1e-12,4.52,2.6,3.0,1,OK,OK,True
m87,M87,2022-05-09_2022-05-15,week,59711.5,2022-05-09,2022-05-15,7.399e-14,4.657e-14,0.07399,0.04657,1e-12,3.18,2.6,3.0,1,OK,OK,True
m87,M87,2022-05-16_2022-05-22,week,59718.5,2022-05-16,2022-05-22,0.0,3.818e-14,0.0,0.03818,1e-12,-0.0,2.6,3.0,1,OK,OK,True
m87,M87,2022-05-23_2022-05-29,week,59725.5,2022-05-23,2022-05-29,1.138e-13,5.5e-14,0.1138,0.055,1e-12,4.98,2.6,3.0,1,OK,OK,True
m87,M87,2022-05-30_2022-06-05,week,59732.5,2022-05-30,2022-06-05,0.0,5.11e-14,0.0,0.0511,1e-12,-0.0,2.6,3.0,1,OK,OK,True
m87,M87,2022-06-06_2022-06-12,week,59739.5,2022-06-06,2022-06-12,5.429e-14,5.016e-14,0.05429,0.05016,1e-12,1.28,2.6,3.0,1,OK,OK,True
m87,M87,2022-06-13_2022-06-19,week,59746.5,2022-06-13,2022-06-19,1.2816e-13,5.768e-14,0.12816,0.05768,1e-12,5.84,2.6,3.0,1,OK,OK,True
m87,M87,2022-06-20_2022-06-26,week,59753.5,2022-06-20,2022-06-26,2.918e-14,5.429e-14,0.02918,0.05429,1e-12,0.3,2.6,3.0,1,OK,OK,True
m87,M87,2022-06-27_2022-07-03,week,59760.5,2022-06-27,2022-07-03,1.259e-14,3.315e-14,0.01259,0.03315,1e-12,0.17,2.6,3.0,1,OK,OK,True
m87,M87,2022-07-04_2022-07-10,week,59767.5,2022-07-04,2022-07-10,3.9200000000000006e-15,1.039e-13,0.00392,0.1039,1e-12,0.01,2.6,3.0,1,OK,OK,True
m87,M87,2022-07-11_2022-07-17,week,59774.5,2022-07-11,2022-07-17,0.0,1.639e-14,0.0,0.01639,1e-12,-0.0,2.6,3.0,1,OK,OK,True
m87,M87,2022-07-18_2022-07-24,week,59781.5,2022-07-18,2022-07-24,3.805e-14,4.33e-14,0.03805,0.0433,1e-12,0.95,2.6,3.0,1,OK,OK,True
m87,M87,2022-07-25_2022-07-31,week,59788.5,2022-07-25,2022-07-31,1.0300000000000002e-15,2.0387e-13,0.00103,0.20387,1e-12,0.0,2.6,3.0,1,OK,OK,True
m87,M87,2022-08-01_2022-08-07,week,59795.5,2022-08-01,2022-08-07,0.0,1.724e-14,0.0,0.01724,1e-12,-0.0,2.6,3.0,1,OK,OK,True
m87,M87,2022-08-08_2022-08-14,week,59802.5,2022-08-08,2022-08-14,6.985e-14,4.327e-14,0.06985,0.04327,1e-12,3.48,2.6,3.0,1,OK,OK,True
m87,M87,2022-08-15_2022-08-21,week,59809.5,2022-08-15,2022-08-21,7.413e-14,4.864e-14,0.07413,0.04864,1e-12,2.91,2.6,3.0,1,OK,OK,True
m87,M87,2022-08-22_2022-08-28,week,59816.5,2022-08-22,2022-08-28,7.838e-14,4.596e-14,0.07838,0.04596,1e-12,3.96,2.6,3.0,1,OK,OK,True
m87,M87,2022-08-29_2022-09-04,week,59823.5,2022-08-29,2022-09-04,0.0,7.615e-14,0.0,0.07615,1e-12,-0.0,2.6,3.0,1,OK,OK,True
m87,M87,2022-09-05_2022-09-11,week,59830.5,2022-09-05,2022-09-11,3.98e-15,6.979e-14,0.00398,0.06979,1e-12,0.01,2.6,3.0,1,OK,OK,True
m87,M87,2022-09-12_2022-09-18,week,59837.5,2022-09-12,2022-09-18,0.0,2.356e-14,0.0,0.02356,1e-12,-0.0,2.6,3.0,1,OK,OK,True
m87,M87,2022-09-19_2022-09-25,week,59844.5,2022-09-19,2022-09-25,0.0,3.531e-14,0.0,0.03531,1e-12,-0.0,2.6,3.0,1,OK,OK,True
m87,M87,2022-09-26_2022-10-02,week,59851.5,2022-09-26,2022-10-02,1.5109e-13,6.575e-14,0.15109,0.06575,1e-12,7.17,2.6,3.0,1,OK,OK,True
m87,M87,2022-10-03_2022-10-09,week,59858.5,2022-10-03,2022-10-09,0.0,3.634e-14,0.0,0.03634,1e-12,-0.0,2.6,3.0,1,OK,OK,True
m87,M87,2022-10-10_2022-10-16,week,59865.5,2022-10-10,2022-10-16,3.217e-14,4.884e-14,0.03217,0.04884,1e-12,0.48,2.6,3.0,1,OK,OK,True
m87,M87,2022-10-17_2022-10-23,week,59872.5,2022-10-17,2022-10-23,0.0,5.222e-14,0.0,0.05222,1e-12,-0.0,2.6,3.0,1,OK,OK,True
m87,M87,2022-10-24_2022-10-30,week,59879.5,2022-10-24,2022-10-30,7.495e-14,4.698e-14,0.07495,0.04698,1e-12,3.39,2.6,3.0,1,OK,OK,True
m87,M87,2022-10-31_2022-11-06,week,59886.5,2022-10-31,2022-11-06,1.92e-14,3.929e-14,0.0192,0.03929,1e-12,0.27,2.6,3.0,1,OK,OK,True
m87,M87,2022-11-07_2022-11-13,week,59893.5,2022-11-07,2022-11-13,1.3801e-13,5.041e-14,0.13801,0.05041,1e-12,11.14,2.6,3.0,1,OK,OK,True
m87,M87,2022-11-14_2022-11-20,week,59900.5,2022-11-14,2022-11-20,0.0,8.566e-14,0.0,0.08566,1e-12,-0.0,2.6,3.0,1,OK,OK,True
m87,M87,2022-11-21_2022-11-27,week,59907.5,2022-11-21,2022-11-27,0.0,1.792e-14,0.0,0.01792,1e-12,-0.0,2.6,3.0,1,OK,OK,True
m87,M87,2022-11-28_2022-12-04,week,59914.5,2022-11-28,2022-12-04,2.765e-14,4.374e-14,0.02765,0.04374,1e-12,0.44,2.6,3.0,1,OK,OK,True
m87,M87,2022-12-05_2022-12-11,week,59921.5,2022-12-05,2022-12-11,0.0,7.907e-14,0.0,0.07907,1e-12,-0.0,2.6,3.0,1,OK,OK,True
m87,M87,2022-12-12_2022-12-18,week,59928.5,2022-12-12,2022-12-18,3.488e-14,3.517e-14,0.03488,0.03517,1e-12,1.27,2.6,3.0,1,OK,OK,True
m87,M87,2022-12-19_2022-12-25,week,59935.5,2022-12-19,2022-12-25,0.0,2.2801e-13,0.0,0.22801,1e-12,-0.0,2.6,3.0,1,OK,OK,True
m87,M87,2022-12-26_2023-01-01,week,59942.5,2022-12-26,2023-01-01,4.7400000000000005e-15,1.227e-13,0.00474,0.1227,1e-12,0.01,2.6,3.0,1,OK,OK,True
m87,M87,2023-01-02_2023-01-08,week,59949.5,2023-01-02,2023-01-08,2.065e-14,4.731e-14,0.02065,0.04731,1e-12,0.2,2.6,3.0,1,OK,OK,True
m87,M87,2023-01-09_2023-01-15,week,59956.5,2023-01-09,2023-01-15,3.456e-14,4.324e-14,0.03456,0.04324,1e-12,0.73,2.6,3.0,1,OK,OK,True
m87,M87,2023-01-16_2023-01-22,week,59963.5,2023-01-16,2023-01-22,0.0,1.772e-14,0.0,0.01772,1e-12,-0.0,2.6,3.0,1,OK,OK,True
m87,M87,2023-01-23_2023-01-29,week,59970.5,2023-01-23,2023-01-29,9.437e-14,4.803e-14,0.09437,0.04803,1e-12,4.99,2.6,3.0,1,OK,OK,True
m87,M87,2023-01-30_2023-02-05,week,59977.5,2023-01-30,2023-02-05,1.5564e-13,5.668e-14,0.15564,0.05668,1e-12,11.08,2.6,3.0,1,OK,OK,True
m87,M87,2023-02-06_2023-02-12,week,59984.5,2023-02-06,2023-02-12,3.82e-14,3.985e-14,0.0382,0.03985,1e-12,1.11,2.6,3.0,1,OK,OK,True
m87,M87,2023-02-13_2023-02-19,week,59991.5,2023-02-13,2023-02-19,8.179e-14,4.989e-14,0.08179,0.04989,1e-12,3.2,2.6,3.0,1,OK,OK,True
m87,M87,2023-02-20_2023-02-26,week,59998.5,2023-02-20,2023-02-26,6.47e-14,5.058e-14,0.0647,0.05058,1e-12,1.87,2.6,3.0,1,OK,OK,True
m87,M87,2023-02-27_2023-03-05,week,60005.5,2023-02-27,2023-03-05,0.0,2.771e-14,0.0,0.02771,1e-12,-0.0,2.6,3.0,1,OK,OK,True
m87,M87,2023-03-06_2023-03-12,week,60012.5,2023-03-06,2023-03-12,1.851e-14,3.824e-14,0.01851,0.03824,1e-12,0.27,2.6,3.0,1,OK,OK,True
m87,M87,2023-03-13_2023-03-19,week,60019.5,2023-03-13,2023-03-19,7.805e-14,4.923e-14,0.07805,0.04923,1e-12,3.04,2.6,3.0,1,OK,OK,True
m87,M87,2023-03-20_2023-03-26,week,60026.5,2023-03-20,2023-03-26,1.759e-14,4.419e-14,0.01759,0.04419,1e-12,0.17,2.6,3.0,1,OK,OK,True
m87,M87,2023-03-27_2023-04-02,week,60033.5,2023-03-27,2023-04-02,1.369e-14,4.621e-14,0.01369,0.04621,1e-12,0.09,2.6,3.0,1,OK,OK,True
m87,M87,2023-04-03_2023-04-09,week,60040.5,2023-04-03,2023-04-09,2.031e-14,4.703e-14,0.02031,0.04703,1e-12,0.2,2.6,3.0,1,OK,OK,True
m87,M87,2023-04-10_2023-04-16,week,60047.5,2023-04-10,2023-04-16,0.0,2.436e-14,0.0,0.02436,1e-12,-0.0,2.6,3.0,1,OK,OK,True
m87,M87,2023-04-17_2023-04-23,week,60054.5,2023-04-17,2023-04-23,8.404e-14,4.911e-14,0.08404,0.04911,1e-12,3.69,2.6,3.0,1,OK,OK,True
m87,M87,2023-04-24_2023-04-30,week,60061.5,2023-04-24,2023-04-30,1.0097e-13,4.937e-14,0.10097,0.04937,1e-12,5.72,2.6,3.0,1,OK,OK,True
m87,M87,2023-05-01_2023-05-07,week,60068.5,2023-05-01,2023-05-07,0.0,2.3322e-13,0.0,0.23322,1e-12,-0.0,2.6,3.0,1,OK,OK,True
m87,M87,2023-05-08_2023-05-14,week,60075.5,2023-05-08,2023-05-14,5.64e-14,4.903e-14,0.0564,0.04903,1e-12,1.52,2.6,3.0,1,OK,OK,True
m87,M87,2023-05-15_2023-05-21,week,60082.5,2023-05-15,2023-05-21,0.0,1.274e-13,0.0,0.1274,1e-12,-0.0,2.6,3.0,1,OK,OK,True
m87,M87,2023-05-22_2023-05-28,week,60089.5,2023-05-22,2023-05-28,1.472e-14,4.016e-14,0.01472,0.04016,1e-12,0.14,2.6,3.0,1,OK,OK,True
m87,M87,2023-05-29_2023-06-04,week,60096.5,2023-05-29,2023-06-04,0.0,1.716e-14,0.0,0.01716,1e-12,-0.0,2.6,3.0,1,OK,OK,True
m87,M87,2023-06-05_2023-06-11,week,60103.5,2023-06-05,2023-06-11,2.138e-14,3.702e-14,0.02138,0.03702,1e-12,0.39,2.6,3.0,1,OK,OK,True
m87,M87,2023-06-12_2023-06-18,week,60110.5,2023-06-12,2023-06-18,4.919e-14,4.011e-14,0.04919,0.04011,1e-12,1.94,2.6,3.0,1,OK,OK,True
m87,M87,2023-06-19_2023-06-25,week,60117.5,2023-06-19,2023-06-25,3.617e-14,4.674e-14,0.03617,0.04674,1e-12,0.64,2.6,3.0,1,OK,OK,True
m87,M87,2023-06-26_2023-07-02,week,60124.5,2023-06-26,2023-07-02,0.0,3.061e-14,0.0,0.03061,1e-12,-0.0,2.6,3.0,1,OK,OK,True
m87,M87,2023-07-03_2023-07-09,week,60131.5,2023-07-03,2023-07-09,1.536e-14,6.0000000000000005e-15,0.01536,0.006,1e-12,0.12,2.6,3.0,1,OK,OK,True
m87,M87,2023-07-10_2023-07-16,week,60138.5,2023-07-10,2023-07-16,3.399e-14,4.196e-14,0.03399,0.04196,1e-12,0.73,2.6,3.0,1,OK,OK,True
m87,M87,2023-07-17_2023-07-23,week,60145.5,2023-07-17,2023-07-23,0.0,3.081e-14,0.0,0.03081,1e-12,-0.0,2.6,3.0,1,OK,OK,True
m87,M87,2023-07-24_2023-07-30,week,60152.5,2023-07-24,2023-07-30,0.0,6.965e-14,0.0,0.06965,1e-12,-0.0,2.6,3.0,1,OK,OK,True
m87,M87,2023-07-31_2023-08-06,week,60159.5,2023-07-31,2023-08-06,0.0,1.5e-14,0.0,0.015,1e-12,-0.0,2.6,3.0,1,OK,OK,True
m87,M87,2023-08-07_2023-08-13,week,60166.5,2023-08-07,2023-08-13,0.0,1.69e-14,0.0,0.0169,1e-12,-0.0,2.6,3.0,1,OK,OK,True
m87,M87,2023-08-14_2023-08-20,week,60173.5,2023-08-14,2023-08-20,4.574e-14,8.571e-14,0.04574,0.08571,1e-12,0.3,2.6,3.0,1,OK,OK,True
m87,M87,2023-08-21_2023-08-27,week,60180.5,2023-08-21,2023-08-27,3.176e-14,5.209e-14,0.03176,0.05209,1e-12,0.4,2.6,3.0,1,OK,OK,True
m87,M87,2023-08-28_2023-09-03,week,60187.5,2023-08-28,2023-09-03,1.568e-14,5.11e-14,0.01568,0.0511,1e-12,0.1,2.6,3.0,1,OK,OK,True
m87,M87,2023-09-04_2023-09-10,week,60194.5,2023-09-04,2023-09-10,9.120000000000001e-15,3.128e-14,0.00912,0.03128,1e-12,0.09,2.6,3.0,1,OK,OK,True
m87,M87,2023-09-11_2023-09-17,week,60201.5,2023-09-11,2023-09-17,2.291e-14,3.457e-14,0.02291,0.03457,1e-12,0.56,2.6,3.0,1,OK,OK,True
m87,M87,2023-09-18_2023-09-24,week,60208.5,2023-09-18,2023-09-24,1.647e-14,3.666e-14,0.01647,0.03666,1e-12,0.24,2.6,3.0,1,OK,OK,True
m87,M87,2023-09-25_2023-10-01,week,60215.5,2023-09-25,2023-10-01,5.102e-14,4.579e-14,0.05102,0.04579,1e-12,1.52,2.6,3.0,1,OK,OK,True
m87,M87,2023-10-02_2023-10-08,week,60222.5,2023-10-02,2023-10-08,1.855e-14,4.752e-14,0.01855,0.04752,1e-12,0.16,2.6,3.0,1,OK,OK,True
m87,M87,2023-10-09_2023-10-15,week,60229.5,2023-10-09,2023-10-15,0.0,1.9178e-13,0.0,0.19178,1e-12,-0.0,2.6,3.0,1,OK,OK,True
m87,M87,2023-10-16_2023-10-22,week,60236.5,2023-10-16,2023-10-22,6.876e-14,4.116e-14,0.06876,0.04116,1e-12,4.73,2.6,3.0,1,OK,OK,True
m87,M87,2023-10-23_2023-10-29,week,60243.5,2023-10-23,2023-10-29,1.759e-14,3.932e-14,0.01759,0.03932,1e-12,0.23,2.6,3.0,1,OK,OK,True
m87,M87,2023-10-30_2023-11-05,week,60250.5,2023-10-30,2023-11-05,1.0804e-13,1.7324e-13,0.10804,0.17324,1e-12,0.47,2.6,3.0,1,OK,OK,True
m87,M87,2023-11-06_2023-11-12,week,60257.5,2023-11-06,2023-11-12,6.130000000000001e-15,9.016e-14,0.00613,0.09016,1e-12,0.02,2.6,3.0,1,OK,OK,True
m87,M87,2023-11-13_2023-11-19,week,60264.5,2023-11-13,2023-11-19,0.0,9.137e-14,0.0,0.09137,1e-12,-0.0,2.6,3.0,1,OK,OK,True
m87,M87,2023-11-20_2023-11-26,week,60271.5,2023-11-20,2023-11-26,0.0,7.985e-14,0.0,0.07985,1e-12,-0.0,2.6,3.0,1,OK,OK,True
m87,M87,2023-11-27_2023-12-03,week,60278.5,2023-11-27,2023-12-03,2.342e-14,4.961e-14,0.02342,0.04961,1e-12,0.24,2.6,3.0,1,OK,OK,True
m87,M87,2023-12-04_2023-12-10,week,60285.5,2023-12-04,2023-12-10,0.0,1.122e-14,0.0,0.01122,1e-12,-0.0,2.6,3.0,1,OK,OK,True
m87,M87,2023-12-11_2023-12-17,week,60292.5,2023-12-11,2023-12-17,6.927e-14,4.633e-14,0.06927,0.04633,1e-12,2.64,2.6,3.0,1,OK,OK,True
m87,M87,2023-12-18_2023-12-24,week,60299.5,2023-12-18,2023-12-24,1.1142e-13,5.271e-14,0.11142,0.05271,1e-12,6.13,2.6,3.0,1,OK,OK,True
m87,M87,2023-12-25_2023-12-31,week,60306.5,2023-12-25,2023-12-31,1.163e-14,3.171e-14,0.01163,0.03171,1e-12,0.15,2.6,3.0,1,OK,OK,True
m87,M87,2024-01-01_2024-01-07,week,60313.5,2024-01-01,2024-01-07,2.226e-14,4.71e-14,0.02226,0.0471,1e-12,0.24,2.6,3.0,1,OK,OK,True
m87,M87,2024-01-08_2024-01-14,week,60320.5,2024-01-08,2024-01-14,0.0,9.217e-14,0.0,0.09217,1e-12,-0.0,2.6,3.0,1,OK,OK,True
m87,M87,2024-01-15_2024-01-21,week,60327.5,2024-01-15,2024-01-21,0.0,5e-14,0.0,0.05,1e-12,-0.0,2.6,3.0,1,OK,OK,True
m87,M87,2024-01-22_2024-01-28,week,60334.5,2024-01-22,2024-01-28,5.653e-14,4.783e-14,0.05653,0.04783,1e-12,1.63,2.6,3.0,1,OK,OK,True
m87,M87,2024-01-29_2024-02-04,week,60341.5,2024-01-29,2024-02-04,5.820000000000001e-15,4.467e-14,0.00582,0.04467,1e-12,0.03,2.6,3.0,1,OK,OK,True
m87,M87,2024-02-05_2024-02-11,week,60348.5,2024-02-05,2024-02-11,1.2145e-13,5.049e-14,0.12145,0.05049,1e-12,8.1,2.6,3.0,1,OK,OK,True
m87,M87,2024-02-12_2024-02-18,week,60355.5,2024-02-12,2024-02-18,2.5e-14,4.632e-14,0.025,0.04632,1e-12,0.31,2.6,3.0,1,OK,OK,True
m87,M87,2024-02-19_2024-02-25,week,60362.5,2024-02-19,2024-02-25,4.505e-14,4.563e-14,0.04505,0.04563,1e-12,1.21,2.6,3.0,1,OK,OK,True
m87,M87,2024-02-26_2024-03-03,week,60369.5,2024-02-26,2024-03-03,8.105e-14,5.024e-14,0.08105,0.05024,1e-12,3.14,2.6,3.0,1,OK,OK,True
m87,M87,2024-03-04_2024-03-10,week,60376.5,2024-03-04,2024-03-10,8.650000000000001e-15,3.316e-14,0.00865,0.03316,1e-12,0.07,2.6,3.0,1,OK,OK,True
m87,M87,2024-03-11_2024-03-17,week,60383.5,2024-03-11,2024-03-17,8.672e-14,4.418e-14,0.08672,0.04418,1e-12,4.93,2.6,3.0,1,OK,OK,True
m87,M87,2024-03-18_2024-03-24,week,60390.5,2024-03-18,2024-03-24,0.0,5.186e-14,0.0,0.05186,1e-12,-0.0,2.6,3.0,1,OK,OK,True
m87,M87,2024-03-25_2024-03-31,week,60397.5,2024-03-25,2024-03-31,3.154e-14,3.845e-14,0.03154,0.03845,1e-12,0.9,2.6,3.0,1,OK,OK,True
m87,M87,2024-04-01_2024-04-07,week,60404.5,2024-04-01,2024-04-07,1.457e-14,4.444e-14,0.01457,0.04444,1e-12,0.11,2.6,3.0,1,OK,OK,True
m87,M87,2024-04-08_2024-04-14,week,60411.5,2024-04-08,2024-04-14,2.842e-14,4.226e-14,0.02842,0.04226,1e-12,0.52,2.6,3.0,1,OK,OK,True
m87,M87,2024-04-15_2024-04-21,week,60418.5,2024-04-15,2024-04-21,4.797e-14,4.384e-14,0.04797,0.04384,1e-12,1.45,2.6,3.0,1,OK,OK,True
m87,M87,2024-04-22_2024-04-28,week,60425.5,2024-04-22,2024-04-28,0.0,2.031e-14,0.0,0.02031,1e-12,-0.0,2.6,3.0,1,OK,OK,True
m87,M87,2024-04-29_2024-05-05,week,60432.5,2024-04-29,2024-05-05,0.0,1.673e-14,0.0,0.01673,1e-12,-0.0,2.6,3.0,1,OK,OK,True
m87,M87,2024-05-06_2024-05-12,week,60439.5,2024-05-06,2024-05-12,1.564e-14,3.663e-14,0.01564,0.03663,1e-12,0.21,2.6,3.0,1,OK,OK,True
m87,M87,2024-05-13_2024-05-19,week,60446.5,2024-05-13,2024-05-19,2.028e-14,3.693e-14,0.02028,0.03693,1e-12,0.35,2.6,3.0,1,OK,OK,True
m87,M87,2024-05-20_2024-05-26,week,60453.5,2024-05-20,2024-05-26,0.0,4.076e-14,0.0,0.04076,1e-12,-0.0,2.6,3.0,1,OK,OK,True
m87,M87,2024-05-27_2024-06-02,week,60460.5,2024-05-27,2024-06-02,1.312e-14,5.935e-14,0.01312,0.05935,1e-12,0.06,2.6,3.0,1,OK,OK,True
m87,M87,2024-06-03_2024-06-09,week,60467.5,2024-06-03,2024-06-09,7.69e-15,5.136e-14,0.00769,0.05136,1e-12,0.04,2.6,3.0,1,OK,OK,True
m87,M87,2024-06-10_2024-06-16,week,60474.5,2024-06-10,2024-06-16,5.962e-14,4.097e-14,0.05962,0.04097,1e-12,2.83,2.6,3.0,1,OK,OK,True
m87,M87,2024-06-17_2024-06-23,week,60481.5,2024-06-17,2024-06-23,0.0,2.1803e-13,0.0,0.21803,1e-12,-0.0,2.6,3.0,1,OK,OK,True
m87,M87,2024-06-24_2024-06-30,week,60488.5,2024-06-24,2024-06-30,0.0,1.534e-14,0.0,0.01534,1e-12,-0.0,2.6,3.0,1,OK,OK,True
m87,M87,2024-07-01_2024-07-07,week,60495.5,2024-07-01,2024-07-07,4.438e-14,4.536e-14,0.04438,0.04536,1e-12,1.09,2.6,3.0,1,OK,OK,True
m87,M87,2024-07-08_2024-07-14,week,60502.5,2024-07-08,2024-07-14,7.408e-14,6.891e-14,0.07408,0.06891,1e-12,1.26,2.6,3.0,1,OK,OK,True
m87,M87,2024-07-15_2024-07-21,week,60509.5,2024-07-15,2024-07-21,1.679e-14,4.801e-14,0.01679,0.04801,1e-12,0.13,2.6,3.0,1,OK,OK,True
m87,M87,2024-07-22_2024-07-28,week,60516.5,2024-07-22,2024-07-28,2.408e-14,4.389e-14,0.02408,0.04389,1e-12,0.33,2.6,3.0,1,OK,OK,True
m87,M87,2024-07-29_2024-08-04,week,60523.5,2024-07-29,2024-08-04,4.051e-14,7.009e-14,0.04051,0.07009,1e-12,0.37,2.6,3.0,1,OK,OK,True
m87,M87,2024-08-05_2024-08-11,week,60530.5,2024-08-05,2024-08-11,0.0,4.929e-14,0.0,0.04929,1e-12,-0.0,2.6,3.0,1,OK,OK,True
m87,M87,2024-08-12_2024-08-18,week,60537.5,2024-08-12,2024-08-18,0.0,1.22e-14,0.0,0.0122,1e-12,-0.0,2.6,3.0,1,OK,OK,True
m87,M87,2024-08-19_2024-08-25,week,60544.5,2024-08-19,2024-08-25,1e-16,3.0838e-13,0.0001,0.30838,1e-12,-0.0,2.6,3.0,1,OK,OK,True
m87,M87,2024-08-26_2024-09-01,week,60551.5,2024-08-26,2024-09-01,6.273e-14,4.53e-14,0.06273,0.0453,1e-12,2.4,2.6,3.0,1,OK,OK,True
m87,M87,2024-09-02_2024-09-08,week,60558.5,2024-09-02,2024-09-08,0.0,1.567e-14,0.0,0.01567,1e-12,-0.0,2.6,3.0,1,OK,OK,True
m87,M87,2024-09-09_2024-09-15,week,60565.5,2024-09-09,2024-09-15,1.0856e-13,5.075e-14,0.10856,0.05075,1e-12,5.59,2.6,3.0,1,OK,OK,True
m87,M87,2024-09-16_2024-09-22,week,60572.5,2024-09-16,2024-09-22,3.4e-16,3.2009e-13,0.00034,0.32009,1e-12,0.0,2.6,3.0,1,OK,OK,True
m87,M87,2024-09-23_2024-09-29,week,60579.5,2024-09-23,2024-09-29,0.0,3.304e-14,0.0,0.03304,1e-12,-0.0,2.6,3.0,1,OK,OK,True
m87,M87,2024-09-30_2024-10-06,week,60586.5,2024-09-30,2024-10-06,3.576e-14,4.615e-14,0.03576,0.04615,1e-12,0.66,2.6,3.0,1,OK,OK,True
m87,M87,2024-10-07_2024-10-13,week,60593.5,2024-10-07,2024-10-13,1.404e-14,4.456e-14,0.01404,0.04456,1e-12,0.1,2.6,3.0,1,OK,OK,True
m87,M87,2024-10-14_2024-10-20,week,60600.5,2024-10-14,2024-10-20,4.822e-14,4.071e-14,0.04822,0.04071,1e-12,1.84,2.6,3.0,1,OK,OK,True
m87,M87,2024-10-21_2024-10-27,week,60607.5,2024-10-21,2024-10-27,5.89e-14,4.303e-14,0.0589,0.04303,1e-12,2.44,2.6,3.0,1,OK,OK,True
m87,M87,2024-10-28_2024-11-03,week,60614.5,2024-10-28,2024-11-03,0.0,1.039e-14,0.0,0.01039,1e-12,-0.0,2.6,3.0,1,OK,OK,True
m87,M87,2024-11-04_2024-11-10,week,60621.5,2024-11-04,2024-11-10,0.0,1.716e-14,0.0,0.01716,1e-12,-0.0,2.6,3.0,1,OK,OK,True
m87,M87,2024-11-11_2024-11-17,week,60628.5,2024-11-11,2024-11-17,0.0,4.05e-14,0.0,0.0405,1e-12,-0.0,2.6,3.0,1,OK,OK,True
m87,M87,2024-11-18_2024-11-24,week,60635.5,2024-11-18,2024-11-24,1.0988e-13,5.115e-14,0.10988,0.05115,1e-12,5.87,2.6,3.0,1,OK,OK,True
m87,M87,2024-11-25_2024-12-01,week,60642.5,2024-11-25,2024-12-01,2.454e-14,4.107e-14,0.02454,0.04107,1e-12,0.41,2.6,3.0,1,OK,OK,True
m87,M87,2024-12-02_2024-12-08,week,60649.5,2024-12-02,2024-12-08,4.15e-14,4.15e-14,0.0415,0.0415,1e-12,1.22,2.6,3.0,1,OK,OK,True
m87,M87,2024-12-09_2024-12-15,week,60656.5,2024-12-09,2024-12-15,4.997e-14,5.854e-14,0.04997,0.05854,1e-12,0.94,2.6,3.0,1,OK,OK,True
m87,M87,2024-12-16_2024-12-22,week,60663.5,2024-12-16,2024-12-22,5.12e-14,4.758e-14,0.0512,0.04758,1e-12,1.4,2.6,3.0,1,OK,OK,True
m87,M87,2024-12-23_2024-12-29,week,60670.5,2024-12-23,2024-12-29,9.502e-14,5.816e-14,0.09502,0.05816,1e-12,3.0,2.6,3.0,1,OK,OK,True
m87,M87,2024-12-30_2025-01-05,week,60677.5,2024-12-30,2025-01-05,0.0,1.474e-14,0.0,0.01474,1e-12,-0.0,2.6,3.0,1,OK,OK,True
m87,M87,2025-01-06_2025-01-12,week,60684.5,2025-01-06,2025-01-12,2.6e-15,4.991e-14,0.0026,0.04991,1e-12,0.01,2.6,3.0,1,OK,OK,True
m87,M87,2025-01-13_2025-01-19,week,60691.5,2025-01-13,2025-01-19,4.787e-14,4.994e-14,0.04787,0.04994,1e-12,1.01,2.6,3.0,1,OK,OK,True
m87,M87,2025-01-20_2025-01-26,week,60698.5,2025-01-20,2025-01-26,7.914e-14,5.144e-14,0.07914,0.05144,1e-12,2.75,2.6,3.0,1,OK,OK,True
m87,M87,2025-01-27_2025-02-02,week,60705.5,2025-01-27,2025-02-02,1.02e-15,2.0632e-13,0.00102,0.20632,1e-12,0.0,2.6,3.0,1,OK,OK,True
m87,M87,2025-02-03_2025-02-09,week,60712.5,2025-02-03,2025-02-09,0.0,1.9535e-13,0.0,0.19535,1e-12,-0.0,2.6,3.0,1,OK,OK,True
m87,M87,2025-02-10_2025-02-16,week,60719.5,2025-02-10,2025-02-16,0.0,3.902e-14,0.0,0.03902,1e-12,-0.0,2.6,3.0,1,OK,OK,True
m87,M87,2025-02-17_2025-02-23,week,60726.5,2025-02-17,2025-02-23,3.667e-14,5.133e-14,0.03667,0.05133,1e-12,0.57,2.6,3.0,1,OK,OK,True
m87,M87,2025-02-24_2025-03-02,week,60733.5,2025-02-24,2025-03-02,9.999999999999999e-18,7.014e-14,1e-05,0.07014,1e-12,-0.0,2.6,3.0,1,OK,OK,True
m87,M87,2025-03-03_2025-03-09,week,60740.5,2025-03-03,2025-03-09,0.0,1.8e-14,0.0,0.018,1e-12,-0.0,2.6,3.0,1,OK,OK,True
m87,M87,2025-03-10_2025-03-16,week,60747.5,2025-03-10,2025-03-16,5.892e-14,4.673e-14,0.05892,0.04673,1e-12,1.98,2.6,3.0,1,OK,OK,True
m87,M87,2025-03-17_2025-03-23,week,60754.5,2025-03-17,2025-03-23,0.0,3.85e-14,0.0,0.0385,1e-12,-0.0,2.6,3.0,1,OK,OK,True
m87,M87,2025-03-24_2025-03-30,week,60761.5,2025-03-24,2025-03-30,0.0,1.1912e-13,0.0,0.11912,1e-12,-0.0,2.6,3.0,1,OK,OK,True
m87,M87,2025-03-31_2025-04-06,week,60768.5,2025-03-31,2025-04-06,6.219e-14,4.699e-14,0.06219,0.04699,1e-12,2.18,2.6,3.0,1,OK,OK,True
m87,M87,2025-04-07_2025-04-13,week,60775.5,2025-04-07,2025-04-13,0.0,1.738e-14,0.0,0.01738,1e-12,-0.0,2.6,3.0,1,OK,OK,True
m87,M87,2025-04-14_2025-04-20,week,60782.5,2025-04-14,2025-04-20,0.0,1.257e-14,0.0,0.01257,1e-12,-0.0,2.6,3.0,1,OK,OK,True
m87,M87,2025-04-21_2025-04-27,week,60789.5,2025-04-21,2025-04-27,8.510000000000001e-15,5.005e-14,0.00851,0.05005,1e-12,0.04,2.6,3.0,1,OK,OK,True
m87,M87,2025-04-28_2025-05-04,week,60796.5,2025-04-28,2025-05-04,0.0,2.164e-14,0.0,0.02164,1e-12,-0.0,2.6,3.0,1,OK,OK,True
m87,M87,2025-05-05_2025-05-11,week,60803.5,2025-05-05,2025-05-11,9.528e-14,4.793e-14,0.09528,0.04793,1e-12,5.62,2.6,3.0,1,OK,OK,True
m87,M87,2025-05-12_2025-05-18,week,60810.5,2025-05-12,2025-05-18,7.859e-14,4.553e-14,0.07859,0.04553,1e-12,4.08,2.6,3.0,1,OK,OK,True
m87,M87,2025-05-19_2025-05-25,week,60817.5,2025-05-19,2025-05-25,1.838e-14,3.696e-14,0.01838,0.03696,1e-12,0.28,2.6,3.0,1,OK,OK,True
m87,M87,2025-05-26_2025-06-01,week,60824.5,2025-05-26,2025-06-01,7.719e-14,5.32e-14,0.07719,0.0532,1e-12,2.37,2.6,3.0,1,OK,OK,True
m87,M87,2025-06-02_2025-06-08,week,60831.5,2025-06-02,2025-06-08,3.99e-14,3.767e-14,0.0399,0.03767,1e-12,1.62,2.6,3.0,1,OK,OK,True
m87,M87,2025-06-09_2025-06-15,week,60838.5,2025-06-09,2025-06-15,6.74e-14,4.797e-14,0.0674,0.04797,1e-12,2.28,2.6,3.0,1,OK,OK,True
m87,M87,2025-06-16_2025-06-22,week,60845.5,2025-06-16,2025-06-22,0.0,1.1901e-13,0.0,0.11901,1e-12,-0.0,2.6,3.0,1,OK,OK,True
m87,M87,2025-06-23_2025-06-29,week,60852.5,2025-06-23,2025-06-29,0.0,5.707e-14,0.0,0.05707,1e-12,-0.0,2.6,3.0,1,OK,OK,True
m87,M87,2025-06-30_2025-07-06,week,60859.5,2025-06-30,2025-07-06,0.0,1.485e-14,0.0,0.01485,1e-12,-0.0,2.6,3.0,1,OK,OK,True
m87,M87,2025-07-07_2025-07-13,week,60866.5,2025-07-07,2025-07-13,1.567e-14,4.708e-14,0.01567,0.04708,1e-12,0.11,2.6,3.0,1,OK,OK,True
m87,M87,2025-07-14_2025-07-20,week,60873.5,2025-07-14,2025-07-20,2.853e-14,4.19e-14,0.02853,0.0419,1e-12,0.51,2.6,3.0,1,OK,OK,True
m87,M87,2025-07-21_2025-07-27,week,60880.5,2025-07-21,2025-07-27,7.829e-14,5.791e-14,0.07829,0.05791,1e-12,2.27,2.6,3.0,1,OK,OK,True
